filename,label
0.png,1
1.png,0
2.png,0
3.png,0
4.png,0
5.png,0
6.png,1
7.png,1
8.png,1
9.png,1
10.png,1
11.png,0
12.png,1
13.png,0
14.png,1
15.png,0
16.png,0
17.png,1
18.png,1
19.png,0
20.png,0
21.png,0
22.png,1
23.png,0
24.png,1
25.png,1
26.png,0
27.png,0
28.png,1
29.png,0
30.png,0
31.png,0
32.png,0
33.png,1
34.png,0
35.png,0
36.png,1
37.png,0
38.png,0
39.png,0
40.png,0
41.png,0
42.png,0
43.png,0
44.png,1
45.png,0
46.png,1
47.png,1
48.png,1
49.png,1
50.png,0
51.png,0
52.png,1
53.png,1
54.png,0
55.png,0
56.png,0
57.png,0
58.png,1
59.png,0
60.png,1
61.png,1
62.png,1
63.png,1
64.png,0
65.png,1
66.png,0
67.png,1
68.png,1
69.png,0
70.png,1
71.png,1
72.png,0
73.png,0
74.png,1
75.png,0
76.png,0
77.png,0
78.png,1
79.png,0
80.png,1
81.png,1
82.png,0
83.png,0
84.png,0
85.png,1
86.png,0
87.png,0
88.png,1
89.png,1
90.png,0
91.png,1
92.png,0
93.png,1
94.png,0
95.png,1
96.png,1
97.png,0
98.png,1
99.png,0
100.png,0
101.png,1
102.png,1
103.png,1
104.png,0
105.png,0
106.png,0
107.png,1
108.png,1
109.png,1
110.png,1
111.png,1
112.png,1
113.png,1
114.png,1
115.png,1
116.png,0
117.png,0
118.png,1
119.png,1
120.png,0
121.png,0
122.png,1
123.png,0
124.png,1
125.png,0
126.png,0
127.png,1
128.png,1
129.png,1
130.png,1
131.png,1
132.png,0
133.png,1
134.png,0
135.png,1
136.png,1
137.png,1
138.png,0
139.png,1
140.png,0
141.png,0
142.png,0
143.png,0
144.png,0
145.png,0
146.png,1
147.png,0
148.png,0
149.png,0
150.png,0
151.png,0
152.png,1
153.png,1
154.png,1
155.png,1
156.png,0
157.png,1
158.png,1
159.png,1
160.png,1
161.png,1
162.png,1
163.png,0
164.png,1
165.png,0
166.png,0
167.png,1
168.png,1
169.png,1
170.png,0
171.png,0
172.png,1
173.png,1
174.png,0
175.png,1
176.png,1
177.png,1
178.png,1
179.png,0
180.png,0
181.png,0
182.png,1
183.png,1
184.png,1
185.png,0
186.png,0
187.png,1
188.png,1
189.png,0
190.png,1
191.png,0
192.png,0
193.png,0
194.png,1
195.png,0
196.png,1
197.png,0
198.png,0
199.png,1
200.png,1
201.png,1
202.png,1
203.png,0
204.png,1
205.png,0
206.png,0
207.png,1
208.png,0
209.png,1
210.png,1
211.png,0
212.png,0
213.png,1
214.png,0
215.png,1
216.png,1
217.png,0
218.png,0
219.png,0
220.png,1
221.png,0
222.png,0
223.png,0
224.png,1
225.png,0
226.png,0
227.png,1
228.png,1
229.png,1
230.png,0
231.png,0
232.png,0
233.png,0
234.png,1
235.png,0
236.png,0
237.png,1
238.png,1
239.png,0
240.png,1
241.png,0
242.png,1
243.png,0
244.png,0
245.png,1
246.png,0
247.png,1
248.png,0
249.png,0
250.png,1
251.png,1
252.png,1
253.png,0
254.png,0
255.png,0
256.png,1
257.png,1
258.png,1
259.png,1
260.png,1
261.png,1
262.png,0
263.png,0
264.png,0
265.png,0
266.png,0
267.png,1
268.png,1
269.png,1
270.png,0
271.png,0
272.png,1
273.png,0
274.png,1
275.png,0
276.png,1
277.png,0
278.png,1
279.png,0
280.png,1
281.png,0
282.png,1
283.png,1
284.png,0
285.png,0
286.png,1
287.png,0
288.png,1
289.png,1
290.png,0
291.png,0
292.png,1
293.png,0
294.png,1
295.png,0
296.png,0
297.png,1
298.png,0
299.png,1
300.png,0
301.png,0
302.png,0
303.png,1
304.png,1
305.png,1
306.png,0
307.png,0
308.png,0
309.png,1
310.png,1
311.png,1
312.png,0
313.png,0
314.png,0
315.png,0
316.png,1
317.png,1
318.png,1
319.png,0
320.png,1
321.png,1
322.png,1
323.png,0
324.png,0
325.png,0
326.png,0
327.png,0
328.png,1
329.png,1
330.png,0
331.png,0
332.png,1
333.png,0
334.png,1
335.png,0
336.png,1
337.png,0
338.png,1
339.png,1
340.png,0
341.png,1
342.png,0
343.png,0
344.png,0
345.png,1
346.png,1
347.png,0
348.png,0
349.png,1
350.png,1
351.png,0
352.png,0
353.png,0
354.png,0
355.png,0
356.png,0
357.png,1
358.png,1
359.png,1
360.png,0
361.png,0
362.png,0
363.png,1
364.png,1
365.png,0
366.png,1
367.png,0
368.png,1
369.png,1
370.png,0
371.png,0
372.png,1
373.png,0
374.png,0
375.png,0
376.png,0
377.png,0
378.png,0
379.png,0
380.png,0
381.png,1
382.png,1
383.png,0
384.png,1
385.png,1
386.png,1
387.png,0
388.png,1
389.png,1
390.png,0
391.png,0
392.png,1
393.png,1
394.png,0
395.png,1
396.png,1
397.png,1
398.png,1
399.png,0
400.png,1
401.png,0
402.png,0
403.png,1
404.png,0
405.png,1
406.png,1
407.png,0
408.png,0
409.png,1
410.png,0
411.png,1
412.png,0
413.png,1
414.png,1
415.png,1
416.png,1
417.png,1
418.png,1
419.png,1
420.png,1
421.png,0
422.png,0
423.png,0
424.png,0
425.png,1
426.png,0
427.png,0
428.png,0
429.png,0
430.png,0
431.png,1
432.png,1
433.png,1
434.png,0
435.png,0
436.png,0
437.png,1
438.png,1
439.png,1
440.png,1
441.png,1
442.png,1
443.png,1
444.png,1
445.png,1
446.png,0
447.png,0
448.png,0
449.png,0
450.png,0
451.png,1
452.png,0
453.png,0
454.png,0
455.png,1
456.png,1
457.png,1
458.png,0
459.png,0
460.png,0
461.png,0
462.png,1
463.png,0
464.png,0
465.png,1
466.png,1
467.png,0
468.png,0
469.png,0
470.png,0
471.png,1
472.png,1
473.png,0
474.png,0
475.png,0
476.png,1
477.png,1
478.png,0
479.png,0
480.png,1
481.png,1
482.png,0
483.png,0
484.png,1
485.png,0
486.png,1
487.png,1
488.png,1
489.png,0
490.png,0
491.png,0
492.png,1
493.png,0
494.png,1
495.png,1
496.png,0
497.png,1
498.png,1
499.png,0
500.png,0
501.png,1
502.png,0
503.png,1
504.png,1
505.png,0
506.png,1
507.png,1
508.png,1
509.png,0
510.png,1
511.png,1
512.png,1
513.png,0
514.png,0
515.png,1
516.png,0
517.png,0
518.png,0
519.png,1
520.png,0
521.png,0
522.png,0
523.png,0
524.png,0
525.png,1
526.png,1
527.png,1
528.png,0
529.png,1
530.png,0
531.png,1
532.png,0
533.png,1
534.png,1
535.png,1
536.png,0
537.png,0
538.png,1
539.png,0
540.png,0
541.png,1
542.png,0
543.png,0
544.png,0
545.png,0
546.png,1
547.png,1
548.png,1
549.png,0
550.png,0
551.png,0
552.png,0
553.png,1
554.png,0
555.png,1
556.png,0
557.png,0
558.png,1
559.png,1
560.png,0
561.png,1
562.png,0
563.png,0
564.png,0
565.png,1
566.png,1
567.png,0
568.png,0
569.png,1
570.png,1
571.png,0
572.png,0
573.png,1
574.png,0
575.png,0
576.png,1
577.png,0
578.png,0
579.png,1
580.png,0
581.png,1
582.png,1
583.png,0
584.png,1
585.png,0
586.png,1
587.png,1
588.png,1
589.png,0
590.png,0
591.png,1
592.png,1
593.png,0
594.png,0
595.png,0
596.png,0
597.png,1
598.png,1
599.png,1
600.png,0
601.png,0
602.png,1
603.png,0
604.png,0
605.png,0
606.png,1
607.png,0
608.png,1
609.png,1
610.png,1
611.png,1
612.png,0
613.png,1
614.png,1
615.png,0
616.png,0
617.png,0
618.png,0
619.png,1
620.png,0
621.png,0
622.png,0
623.png,0
624.png,0
625.png,1
626.png,1
627.png,1
628.png,1
629.png,1
630.png,0
631.png,0
632.png,0
633.png,1
634.png,0
635.png,0
636.png,1
637.png,0
638.png,1
639.png,0
640.png,0
641.png,0
642.png,1
643.png,0
644.png,0
645.png,0
646.png,0
647.png,0
648.png,0
649.png,0
650.png,1
651.png,1
652.png,1
653.png,1
654.png,1
655.png,1
656.png,1
657.png,0
658.png,1
659.png,0
660.png,0
661.png,0
662.png,0
663.png,0
664.png,1
665.png,0
666.png,0
667.png,1
668.png,1
669.png,1
670.png,0
671.png,1
672.png,0
673.png,1
674.png,1
675.png,0
676.png,0
677.png,1
678.png,0
679.png,1
680.png,1
681.png,1
682.png,1
683.png,1
684.png,0
685.png,0
686.png,1
687.png,1
688.png,1
689.png,1
690.png,0
691.png,0
692.png,0
693.png,0
694.png,0
695.png,1
696.png,0
697.png,0
698.png,1
699.png,0
700.png,0
701.png,0
702.png,0
703.png,1
704.png,1
705.png,0
706.png,0
707.png,1
708.png,1
709.png,1
710.png,0
711.png,0
712.png,0
713.png,0
714.png,0
715.png,0
716.png,0
717.png,0
718.png,1
719.png,0
720.png,1
721.png,0
722.png,1
723.png,0
724.png,1
725.png,0
726.png,1
727.png,1
728.png,0
729.png,0
730.png,0
731.png,0
732.png,1
733.png,1
734.png,0
735.png,1
736.png,0
737.png,0
738.png,1
739.png,1
740.png,1
741.png,0
742.png,0
743.png,0
744.png,0
745.png,1
746.png,1
747.png,1
748.png,1
749.png,0
750.png,0
751.png,1
752.png,0
753.png,1
754.png,1
755.png,1
756.png,0
757.png,0
758.png,1
759.png,1
760.png,0
761.png,1
762.png,1
763.png,1
764.png,1
765.png,1
766.png,0
767.png,1
768.png,1
769.png,0
770.png,0
771.png,1
772.png,0
773.png,1
774.png,1
775.png,0
776.png,0
777.png,1
778.png,0
779.png,0
780.png,0
781.png,1
782.png,1
783.png,1
784.png,1
785.png,1
786.png,1
787.png,0
788.png,0
789.png,0
790.png,0
791.png,1
792.png,0
793.png,1
794.png,0
795.png,1
796.png,0
797.png,0
798.png,0
799.png,0
800.png,1
801.png,0
802.png,0
803.png,0
804.png,1
805.png,1
806.png,1
807.png,0
808.png,1
809.png,0
810.png,1
811.png,1
812.png,0
813.png,0
814.png,1
815.png,0
816.png,0
817.png,1
818.png,0
819.png,0
820.png,1
821.png,0
822.png,1
823.png,0
824.png,1
825.png,1
826.png,1
827.png,0
828.png,1
829.png,0
830.png,1
831.png,1
832.png,0
833.png,0
834.png,0
835.png,1
836.png,1
837.png,1
838.png,0
839.png,1
840.png,1
841.png,0
842.png,1
843.png,1
844.png,1
845.png,1
846.png,1
847.png,1
848.png,1
849.png,1
850.png,0
851.png,0
852.png,1
853.png,0
854.png,0
855.png,0
856.png,0
857.png,0
858.png,0
859.png,0
860.png,1
861.png,1
862.png,0
863.png,1
864.png,0
865.png,0
866.png,1
867.png,1
868.png,1
869.png,1
870.png,0
871.png,1
872.png,0
873.png,1
874.png,0
875.png,0
876.png,0
877.png,0
878.png,1
879.png,0
880.png,1
881.png,0
882.png,0
883.png,0
884.png,0
885.png,1
886.png,0
887.png,1
888.png,1
889.png,0
890.png,0
891.png,1
892.png,0
893.png,0
894.png,1
895.png,0
896.png,0
897.png,0
898.png,1
899.png,0
900.png,1
901.png,0
902.png,0
903.png,0
904.png,0
905.png,0
906.png,0
907.png,1
908.png,0
909.png,0
910.png,1
911.png,0
912.png,0
913.png,1
914.png,1
915.png,0
916.png,0
917.png,0
918.png,0
919.png,0
920.png,1
921.png,1
922.png,0
923.png,0
924.png,1
925.png,1
926.png,0
927.png,0
928.png,0
929.png,0
930.png,1
931.png,0
932.png,0
933.png,1
934.png,1
935.png,0
936.png,0
937.png,0
938.png,1
939.png,0
940.png,1
941.png,0
942.png,1
943.png,0
944.png,0
945.png,0
946.png,0
947.png,0
948.png,1
949.png,1
950.png,1
951.png,1
952.png,1
953.png,1
954.png,1
955.png,1
956.png,1
957.png,1
958.png,1
959.png,1
960.png,1
961.png,0
962.png,0
963.png,1
964.png,1
965.png,1
966.png,0
967.png,1
968.png,1
969.png,0
970.png,0
971.png,0
972.png,1
973.png,1
974.png,1
975.png,0
976.png,0
977.png,0
978.png,1
979.png,0
980.png,1
981.png,0
982.png,1
983.png,0
984.png,1
985.png,1
986.png,0
987.png,1
988.png,1
989.png,0
990.png,0
991.png,0
992.png,1
993.png,1
994.png,0
995.png,0
996.png,0
997.png,0
998.png,0
999.png,0
1000.png,1
1001.png,1
1002.png,0
1003.png,0
1004.png,0
1005.png,1
1006.png,0
1007.png,0
1008.png,0
1009.png,1
1010.png,0
1011.png,0
1012.png,0
1013.png,1
1014.png,1
1015.png,1
1016.png,0
1017.png,1
1018.png,1
1019.png,1
1020.png,0
1021.png,1
1022.png,1
1023.png,1
1024.png,1
1025.png,1
1026.png,1
1027.png,0
1028.png,1
1029.png,1
1030.png,1
1031.png,1
1032.png,0
1033.png,0
1034.png,0
1035.png,1
1036.png,1
1037.png,1
1038.png,1
1039.png,1
1040.png,1
1041.png,1
1042.png,1
1043.png,1
1044.png,0
1045.png,1
1046.png,1
1047.png,1
1048.png,1
1049.png,1
1050.png,0
1051.png,0
1052.png,1
1053.png,0
1054.png,0
1055.png,0
1056.png,0
1057.png,1
1058.png,1
1059.png,0
1060.png,1
1061.png,1
1062.png,1
1063.png,0
1064.png,1
1065.png,0
1066.png,1
1067.png,0
1068.png,1
1069.png,0
1070.png,0
1071.png,1
1072.png,1
1073.png,1
1074.png,0
1075.png,0
1076.png,1
1077.png,1
1078.png,0
1079.png,1
1080.png,1
1081.png,1
1082.png,1
1083.png,1
1084.png,0
1085.png,0
1086.png,0
1087.png,0
1088.png,0
1089.png,0
1090.png,1
1091.png,0
1092.png,0
1093.png,1
1094.png,0
1095.png,1
1096.png,0
1097.png,1
1098.png,1
1099.png,1
1100.png,0
1101.png,0
1102.png,1
1103.png,0
1104.png,1
1105.png,1
1106.png,0
1107.png,1
1108.png,1
1109.png,0
1110.png,0
1111.png,1
1112.png,0
1113.png,0
1114.png,0
1115.png,0
1116.png,1
1117.png,0
1118.png,1
1119.png,0
1120.png,0
1121.png,1
1122.png,1
1123.png,0
1124.png,0
1125.png,1
1126.png,1
1127.png,1
1128.png,0
1129.png,1
1130.png,0
1131.png,1
1132.png,1
1133.png,0
1134.png,0
1135.png,0
1136.png,0
1137.png,1
1138.png,0
1139.png,0
1140.png,0
1141.png,0
1142.png,1
1143.png,0
1144.png,0
1145.png,0
1146.png,1
1147.png,0
1148.png,0
1149.png,1
1150.png,1
1151.png,1
1152.png,0
1153.png,1
1154.png,0
1155.png,0
1156.png,0
1157.png,1
1158.png,0
1159.png,1
1160.png,0
1161.png,0
1162.png,1
1163.png,1
1164.png,0
1165.png,0
1166.png,0
1167.png,1
1168.png,0
1169.png,1
1170.png,0
1171.png,1
1172.png,1
1173.png,0
1174.png,0
1175.png,1
1176.png,1
1177.png,1
1178.png,1
1179.png,1
1180.png,1
1181.png,1
1182.png,0
1183.png,1
1184.png,0
1185.png,1
1186.png,0
1187.png,1
1188.png,1
1189.png,0
1190.png,1
1191.png,1
1192.png,0
1193.png,0
1194.png,0
1195.png,0
1196.png,0
1197.png,1
1198.png,1
1199.png,1
1200.png,0
1201.png,0
1202.png,1
1203.png,0
1204.png,1
1205.png,1
1206.png,1
1207.png,0
1208.png,0
1209.png,0
1210.png,0
1211.png,1
1212.png,0
1213.png,1
1214.png,0
1215.png,0
1216.png,0
1217.png,0
1218.png,0
1219.png,1
1220.png,1
1221.png,0
1222.png,1
1223.png,1
1224.png,0
1225.png,1
1226.png,1
1227.png,0
1228.png,1
1229.png,0
1230.png,0
1231.png,0
1232.png,1
1233.png,1
1234.png,1
1235.png,0
1236.png,0
1237.png,1
1238.png,0
1239.png,0
1240.png,1
1241.png,1
1242.png,1
1243.png,1
1244.png,0
1245.png,0
1246.png,0
1247.png,1
1248.png,1
1249.png,0
1250.png,0
1251.png,0
1252.png,0
1253.png,1
1254.png,1
1255.png,1
1256.png,1
1257.png,1
1258.png,0
1259.png,1
1260.png,0
1261.png,0
1262.png,0
1263.png,0
1264.png,0
1265.png,1
1266.png,1
1267.png,0
1268.png,1
1269.png,0
1270.png,1
1271.png,0
1272.png,1
1273.png,0
1274.png,0
1275.png,1
1276.png,1
1277.png,1
1278.png,0
1279.png,1
1280.png,1
1281.png,0
1282.png,0
1283.png,0
1284.png,1
1285.png,0
1286.png,0
1287.png,0
1288.png,1
1289.png,1
1290.png,1
1291.png,1
1292.png,1
1293.png,1
1294.png,0
1295.png,1
1296.png,1
1297.png,1
1298.png,0
1299.png,1
1300.png,0
1301.png,1
1302.png,0
1303.png,0
1304.png,1
1305.png,1
1306.png,0
1307.png,1
1308.png,1
1309.png,1
1310.png,1
1311.png,1
1312.png,1
1313.png,1
1314.png,0
1315.png,0
1316.png,1
1317.png,0
1318.png,1
1319.png,0
1320.png,0
1321.png,0
1322.png,0
1323.png,0
1324.png,0
1325.png,1
1326.png,1
1327.png,0
1328.png,1
1329.png,0
1330.png,0
1331.png,1
1332.png,0
1333.png,0
1334.png,1
1335.png,0
1336.png,1
1337.png,1
1338.png,1
1339.png,0
1340.png,0
1341.png,0
1342.png,0
1343.png,1
1344.png,1
1345.png,0
1346.png,0
1347.png,0
1348.png,0
1349.png,1
1350.png,1
1351.png,1
1352.png,0
1353.png,0
1354.png,0
1355.png,1
1356.png,1
1357.png,1
1358.png,1
1359.png,0
1360.png,1
1361.png,0
1362.png,0
1363.png,0
1364.png,0
1365.png,1
1366.png,1
1367.png,1
1368.png,0
1369.png,0
1370.png,1
1371.png,0
1372.png,0
1373.png,0
1374.png,0
1375.png,0
1376.png,0
1377.png,0
1378.png,0
1379.png,1
1380.png,1
1381.png,0
1382.png,0
1383.png,0
1384.png,1
1385.png,0
1386.png,0
1387.png,0
1388.png,1
1389.png,1
1390.png,0
1391.png,1
1392.png,1
1393.png,1
1394.png,0
1395.png,0
1396.png,0
1397.png,0
1398.png,1
1399.png,1
1400.png,1
1401.png,1
1402.png,0
1403.png,1
1404.png,1
1405.png,0
1406.png,1
1407.png,1
1408.png,0
1409.png,1
1410.png,1
1411.png,1
1412.png,1
1413.png,0
1414.png,1
1415.png,0
1416.png,1
1417.png,1
1418.png,0
1419.png,1
1420.png,1
1421.png,1
1422.png,0
1423.png,1
1424.png,1
1425.png,1
1426.png,1
1427.png,0
1428.png,1
1429.png,0
1430.png,1
1431.png,0
1432.png,0
1433.png,1
1434.png,0
1435.png,1
1436.png,1
1437.png,1
1438.png,0
1439.png,1
1440.png,0
1441.png,1
1442.png,1
1443.png,0
1444.png,1
1445.png,1
1446.png,1
1447.png,1
1448.png,1
1449.png,0
1450.png,0
1451.png,0
1452.png,0
1453.png,1
1454.png,0
1455.png,1
1456.png,1
1457.png,1
1458.png,0
1459.png,1
1460.png,1
1461.png,1
1462.png,0
1463.png,1
1464.png,0
1465.png,0
1466.png,0
1467.png,0
1468.png,1
1469.png,1
1470.png,1
1471.png,1
1472.png,0
1473.png,1
1474.png,1
1475.png,1
1476.png,0
1477.png,1
1478.png,1
1479.png,0
1480.png,1
1481.png,0
1482.png,0
1483.png,0
1484.png,0
1485.png,0
1486.png,0
1487.png,0
1488.png,1
1489.png,1
1490.png,0
1491.png,0
1492.png,1
1493.png,1
1494.png,1
1495.png,1
1496.png,0
1497.png,0
1498.png,0
1499.png,1
1500.png,1
1501.png,0
1502.png,1
1503.png,1
1504.png,1
1505.png,1
1506.png,0
1507.png,0
1508.png,0
1509.png,0
1510.png,0
1511.png,1
1512.png,0
1513.png,0
1514.png,1
1515.png,0
1516.png,1
1517.png,1
1518.png,1
1519.png,0
1520.png,0
1521.png,0
1522.png,1
1523.png,1
1524.png,1
1525.png,1
1526.png,1
1527.png,0
1528.png,0
1529.png,0
1530.png,1
1531.png,1
1532.png,0
1533.png,0
1534.png,1
1535.png,0
1536.png,0
1537.png,1
1538.png,1
1539.png,1
1540.png,1
1541.png,1
1542.png,1
1543.png,0
1544.png,1
1545.png,1
1546.png,0
1547.png,0
1548.png,1
1549.png,0
1550.png,0
1551.png,0
1552.png,1
1553.png,0
1554.png,1
1555.png,1
1556.png,1
1557.png,0
1558.png,0
1559.png,1
1560.png,0
1561.png,1
1562.png,1
1563.png,0
1564.png,1
1565.png,1
1566.png,1
1567.png,1
1568.png,1
1569.png,1
1570.png,1
1571.png,1
1572.png,0
1573.png,1
1574.png,0
1575.png,0
1576.png,1
1577.png,1
1578.png,0
1579.png,1
1580.png,0
1581.png,0
1582.png,0
1583.png,0
1584.png,0
1585.png,0
1586.png,1
1587.png,1
1588.png,0
1589.png,0
1590.png,0
1591.png,0
1592.png,0
1593.png,1
1594.png,1
1595.png,0
1596.png,1
1597.png,1
1598.png,0
1599.png,0
1600.png,1
1601.png,0
1602.png,0
1603.png,1
1604.png,1
1605.png,1
1606.png,1
1607.png,1
1608.png,0
1609.png,0
1610.png,0
1611.png,1
1612.png,0
1613.png,1
1614.png,1
1615.png,0
1616.png,0
1617.png,0
1618.png,1
1619.png,0
1620.png,1
1621.png,0
1622.png,1
1623.png,0
1624.png,0
1625.png,1
1626.png,1
1627.png,1
1628.png,1
1629.png,1
1630.png,0
1631.png,1
1632.png,1
1633.png,0
1634.png,0
1635.png,0
1636.png,0
1637.png,0
1638.png,1
1639.png,0
1640.png,0
1641.png,0
1642.png,0
1643.png,1
1644.png,0
1645.png,0
1646.png,0
1647.png,0
1648.png,1
1649.png,0
1650.png,0
1651.png,0
1652.png,0
1653.png,1
1654.png,0
1655.png,0
1656.png,0
1657.png,1
1658.png,0
1659.png,1
1660.png,1
1661.png,1
1662.png,1
1663.png,1
1664.png,1
1665.png,1
1666.png,1
1667.png,1
1668.png,1
1669.png,1
1670.png,0
1671.png,1
1672.png,0
1673.png,0
1674.png,0
1675.png,0
1676.png,1
1677.png,0
1678.png,0
1679.png,1
1680.png,0
1681.png,1
1682.png,1
1683.png,0
1684.png,1
1685.png,0
1686.png,1
1687.png,0
1688.png,1
1689.png,1
1690.png,1
1691.png,0
1692.png,0
1693.png,1
1694.png,0
1695.png,1
1696.png,1
1697.png,0
1698.png,1
1699.png,0
1700.png,1
1701.png,0
1702.png,1
1703.png,1
1704.png,0
1705.png,1
1706.png,1
1707.png,0
1708.png,0
1709.png,0
1710.png,1
1711.png,0
1712.png,0
1713.png,1
1714.png,0
1715.png,1
1716.png,0
1717.png,0
1718.png,0
1719.png,1
1720.png,1
1721.png,1
1722.png,0
1723.png,0
1724.png,1
1725.png,1
1726.png,0
1727.png,1
1728.png,0
1729.png,0
1730.png,0
1731.png,1
1732.png,0
1733.png,0
1734.png,1
1735.png,1
1736.png,1
1737.png,0
1738.png,1
1739.png,1
1740.png,0
1741.png,0
1742.png,1
1743.png,0
1744.png,0
1745.png,1
1746.png,1
1747.png,1
1748.png,1
1749.png,0
1750.png,1
1751.png,1
1752.png,1
1753.png,0
1754.png,1
1755.png,1
1756.png,0
1757.png,1
1758.png,0
1759.png,1
1760.png,0
1761.png,1
1762.png,1
1763.png,0
1764.png,0
1765.png,0
1766.png,0
1767.png,0
1768.png,1
1769.png,0
1770.png,1
1771.png,1
1772.png,0
1773.png,1
1774.png,1
1775.png,1
1776.png,0
1777.png,0
1778.png,1
1779.png,0
1780.png,0
1781.png,0
1782.png,1
1783.png,1
1784.png,0
1785.png,1
1786.png,0
1787.png,0
1788.png,0
1789.png,1
1790.png,0
1791.png,1
1792.png,0
1793.png,1
1794.png,1
1795.png,0
1796.png,1
1797.png,0
1798.png,0
1799.png,1
1800.png,1
1801.png,1
1802.png,1
1803.png,0
1804.png,0
1805.png,1
1806.png,1
1807.png,1
1808.png,1
1809.png,0
1810.png,0
1811.png,1
1812.png,1
1813.png,1
1814.png,1
1815.png,0
1816.png,1
1817.png,1
1818.png,1
1819.png,0
1820.png,0
1821.png,0
1822.png,1
1823.png,1
1824.png,0
1825.png,0
1826.png,1
1827.png,1
1828.png,1
1829.png,0
1830.png,0
1831.png,0
1832.png,1
1833.png,0
1834.png,1
1835.png,1
1836.png,0
1837.png,1
1838.png,1
1839.png,0
1840.png,0
1841.png,0
1842.png,0
1843.png,0
1844.png,1
1845.png,1
1846.png,0
1847.png,1
1848.png,1
1849.png,1
1850.png,1
1851.png,0
1852.png,0
1853.png,1
1854.png,0
1855.png,0
1856.png,1
1857.png,0
1858.png,1
1859.png,0
1860.png,0
1861.png,0
1862.png,1
1863.png,0
1864.png,1
1865.png,0
1866.png,0
1867.png,1
1868.png,0
1869.png,0
1870.png,1
1871.png,1
1872.png,1
1873.png,0
1874.png,1
1875.png,0
1876.png,1
1877.png,1
1878.png,0
1879.png,1
1880.png,0
1881.png,1
1882.png,1
1883.png,1
1884.png,1
1885.png,0
1886.png,0
1887.png,0
1888.png,0
1889.png,1
1890.png,1
1891.png,1
1892.png,0
1893.png,1
1894.png,0
1895.png,0
1896.png,1
1897.png,0
1898.png,0
1899.png,1
1900.png,0
1901.png,0
1902.png,0
1903.png,1
1904.png,1
1905.png,0
1906.png,1
1907.png,0
1908.png,1
1909.png,1
1910.png,0
1911.png,0
1912.png,1
1913.png,1
1914.png,0
1915.png,0
1916.png,0
1917.png,0
1918.png,0
1919.png,0
1920.png,1
1921.png,0
1922.png,0
1923.png,0
1924.png,1
1925.png,0
1926.png,0
1927.png,1
1928.png,0
1929.png,1
1930.png,0
1931.png,0
1932.png,0
1933.png,0
1934.png,1
1935.png,1
1936.png,1
1937.png,1
1938.png,0
1939.png,1
1940.png,0
1941.png,1
1942.png,0
1943.png,0
1944.png,1
1945.png,0
1946.png,1
1947.png,0
1948.png,0
1949.png,0
1950.png,0
1951.png,1
1952.png,0
1953.png,1
1954.png,0
1955.png,0
1956.png,0
1957.png,1
1958.png,0
1959.png,1
1960.png,0
1961.png,0
1962.png,1
1963.png,0
1964.png,0
1965.png,0
1966.png,1
1967.png,1
1968.png,0
1969.png,0
1970.png,0
1971.png,0
1972.png,0
1973.png,1
1974.png,0
1975.png,1
1976.png,0
1977.png,1
1978.png,0
1979.png,0
1980.png,1
1981.png,0
1982.png,0
1983.png,0
1984.png,1
1985.png,1
1986.png,1
1987.png,1
1988.png,0
1989.png,1
1990.png,1
1991.png,0
1992.png,1
1993.png,1
1994.png,1
1995.png,0
1996.png,0
1997.png,0
1998.png,1
1999.png,0
2000.png,0
2001.png,1
2002.png,1
2003.png,1
2004.png,1
2005.png,0
2006.png,0
2007.png,1
2008.png,0
2009.png,0
2010.png,1
2011.png,1
2012.png,0
2013.png,0
2014.png,0
2015.png,0
2016.png,0
2017.png,0
2018.png,1
2019.png,1
2020.png,0
2021.png,0
2022.png,0
2023.png,0
2024.png,0
2025.png,1
2026.png,1
2027.png,0
2028.png,1
2029.png,1
2030.png,1
2031.png,1
2032.png,1
2033.png,0
2034.png,0
2035.png,0
2036.png,1
2037.png,1
2038.png,0
2039.png,0
2040.png,1
2041.png,0
2042.png,1
2043.png,1
2044.png,1
2045.png,1
2046.png,1
2047.png,1
2048.png,1
2049.png,0
2050.png,0
2051.png,0
2052.png,1
2053.png,0
2054.png,0
2055.png,0
2056.png,0
2057.png,0
2058.png,0
2059.png,1
2060.png,1
2061.png,1
2062.png,1
2063.png,1
2064.png,0
2065.png,1
2066.png,0
2067.png,0
2068.png,1
2069.png,0
2070.png,1
2071.png,1
2072.png,0
2073.png,0
2074.png,0
2075.png,1
2076.png,1
2077.png,1
2078.png,0
2079.png,1
2080.png,1
2081.png,0
2082.png,1
2083.png,1
2084.png,1
2085.png,0
2086.png,0
2087.png,0
2088.png,1
2089.png,1
2090.png,0
2091.png,1
2092.png,0
2093.png,1
2094.png,0
2095.png,1
2096.png,1
2097.png,1
2098.png,0
2099.png,0
2100.png,1
2101.png,0
2102.png,0
2103.png,0
2104.png,0
2105.png,1
2106.png,0
2107.png,0
2108.png,1
2109.png,0
2110.png,0
2111.png,1
2112.png,1
2113.png,1
2114.png,0
2115.png,1
2116.png,0
2117.png,1
2118.png,0
2119.png,1
2120.png,0
2121.png,0
2122.png,1
2123.png,0
2124.png,1
2125.png,1
2126.png,0
2127.png,0
2128.png,1
2129.png,1
2130.png,0
2131.png,1
2132.png,0
2133.png,1
2134.png,1
2135.png,1
2136.png,0
2137.png,0
2138.png,0
2139.png,0
2140.png,0
2141.png,1
2142.png,1
2143.png,1
2144.png,1
2145.png,0
2146.png,0
2147.png,1
2148.png,1
2149.png,1
2150.png,1
2151.png,0
2152.png,1
2153.png,0
2154.png,1
2155.png,0
2156.png,0
2157.png,0
2158.png,0
2159.png,0
2160.png,1
2161.png,1
2162.png,0
2163.png,0
2164.png,0
2165.png,1
2166.png,1
2167.png,0
2168.png,0
2169.png,0
2170.png,0
2171.png,1
2172.png,0
2173.png,0
2174.png,0
2175.png,0
2176.png,0
2177.png,0
2178.png,1
2179.png,0
2180.png,0
2181.png,1
2182.png,1
2183.png,1
2184.png,1
2185.png,0
2186.png,1
2187.png,0
2188.png,0
2189.png,1
2190.png,0
2191.png,1
2192.png,1
2193.png,0
2194.png,0
2195.png,1
2196.png,0
2197.png,0
2198.png,0
2199.png,1
2200.png,0
2201.png,1
2202.png,1
2203.png,0
2204.png,0
2205.png,0
2206.png,0
2207.png,0
2208.png,0
2209.png,0
2210.png,1
2211.png,1
2212.png,1
2213.png,1
2214.png,1
2215.png,1
2216.png,1
2217.png,0
2218.png,1
2219.png,0
2220.png,0
2221.png,1
2222.png,0
2223.png,0
2224.png,1
2225.png,0
2226.png,1
2227.png,1
2228.png,1
2229.png,1
2230.png,1
2231.png,1
2232.png,1
2233.png,1
2234.png,1
2235.png,0
2236.png,1
2237.png,0
2238.png,0
2239.png,0
2240.png,0
2241.png,0
2242.png,1
2243.png,1
2244.png,1
2245.png,0
2246.png,0
2247.png,0
2248.png,0
2249.png,1
2250.png,0
2251.png,0
2252.png,1
2253.png,0
2254.png,1
2255.png,1
2256.png,0
2257.png,1
2258.png,1
2259.png,0
2260.png,1
2261.png,0
2262.png,1
2263.png,1
2264.png,1
2265.png,0
2266.png,1
2267.png,1
2268.png,1
2269.png,0
2270.png,0
2271.png,1
2272.png,1
2273.png,0
2274.png,0
2275.png,1
2276.png,1
2277.png,0
2278.png,0
2279.png,1
2280.png,0
2281.png,0
2282.png,0
2283.png,1
2284.png,1
2285.png,1
2286.png,1
2287.png,0
2288.png,0
2289.png,0
2290.png,1
2291.png,0
2292.png,1
2293.png,0
2294.png,0
2295.png,1
2296.png,1
2297.png,1
2298.png,1
2299.png,0
2300.png,1
2301.png,1
2302.png,0
2303.png,0
2304.png,1
2305.png,0
2306.png,0
2307.png,0
2308.png,0
2309.png,1
2310.png,1
2311.png,1
2312.png,0
2313.png,0
2314.png,0
2315.png,1
2316.png,1
2317.png,0
2318.png,0
2319.png,1
2320.png,1
2321.png,1
2322.png,1
2323.png,0
2324.png,0
2325.png,0
2326.png,1
2327.png,0
2328.png,0
2329.png,1
2330.png,1
2331.png,0
2332.png,0
2333.png,0
2334.png,1
2335.png,1
2336.png,0
2337.png,1
2338.png,0
2339.png,1
2340.png,1
2341.png,1
2342.png,1
2343.png,0
2344.png,0
2345.png,0
2346.png,0
2347.png,0
2348.png,0
2349.png,0
2350.png,0
2351.png,1
2352.png,1
2353.png,0
2354.png,1
2355.png,1
2356.png,1
2357.png,1
2358.png,0
2359.png,0
2360.png,0
2361.png,0
2362.png,1
2363.png,1
2364.png,0
2365.png,0
2366.png,0
2367.png,1
2368.png,0
2369.png,1
2370.png,0
2371.png,0
2372.png,1
2373.png,1
2374.png,0
2375.png,0
2376.png,0
2377.png,1
2378.png,1
2379.png,0
2380.png,1
2381.png,0
2382.png,1
2383.png,1
2384.png,0
2385.png,0
2386.png,1
2387.png,0
2388.png,0
2389.png,1
2390.png,1
2391.png,1
2392.png,1
2393.png,0
2394.png,0
2395.png,1
2396.png,0
2397.png,1
2398.png,1
2399.png,1
2400.png,0
2401.png,0
2402.png,1
2403.png,0
2404.png,0
2405.png,0
2406.png,0
2407.png,0
2408.png,0
2409.png,1
2410.png,0
2411.png,0
2412.png,1
2413.png,1
2414.png,1
2415.png,1
2416.png,0
2417.png,0
2418.png,1
2419.png,0
2420.png,0
2421.png,1
2422.png,1
2423.png,0
2424.png,1
2425.png,0
2426.png,1
2427.png,0
2428.png,0
2429.png,1
2430.png,0
2431.png,0
2432.png,0
2433.png,0
2434.png,0
2435.png,1
2436.png,1
2437.png,1
2438.png,1
2439.png,0
2440.png,0
2441.png,0
2442.png,1
2443.png,1
2444.png,0
2445.png,1
2446.png,0
2447.png,1
2448.png,1
2449.png,0
2450.png,1
2451.png,0
2452.png,0
2453.png,0
2454.png,1
2455.png,0
2456.png,0
2457.png,1
2458.png,0
2459.png,0
2460.png,1
2461.png,0
2462.png,1
2463.png,0
2464.png,1
2465.png,0
2466.png,0
2467.png,1
2468.png,0
2469.png,0
2470.png,0
2471.png,1
2472.png,1
2473.png,0
2474.png,1
2475.png,0
2476.png,0
2477.png,1
2478.png,0
2479.png,1
2480.png,1
2481.png,1
2482.png,1
2483.png,0
2484.png,1
2485.png,1
2486.png,1
2487.png,0
2488.png,1
2489.png,0
2490.png,1
2491.png,0
2492.png,1
2493.png,0
2494.png,0
2495.png,1
2496.png,0
2497.png,0
2498.png,1
2499.png,0
2500.png,1
2501.png,1
2502.png,1
2503.png,0
2504.png,1
2505.png,0
2506.png,1
2507.png,1
2508.png,1
2509.png,1
2510.png,0
2511.png,0
2512.png,0
2513.png,1
2514.png,0
2515.png,1
2516.png,1
2517.png,0
2518.png,1
2519.png,1
2520.png,1
2521.png,1
2522.png,0
2523.png,0
2524.png,0
2525.png,1
2526.png,1
2527.png,1
2528.png,0
2529.png,1
2530.png,1
2531.png,0
2532.png,1
2533.png,1
2534.png,1
2535.png,0
2536.png,0
2537.png,0
2538.png,0
2539.png,1
2540.png,0
2541.png,1
2542.png,1
2543.png,1
2544.png,1
2545.png,0
2546.png,1
2547.png,0
2548.png,0
2549.png,0
2550.png,1
2551.png,1
2552.png,0
2553.png,0
2554.png,1
2555.png,1
2556.png,1
2557.png,0
2558.png,0
2559.png,0
2560.png,0
2561.png,1
2562.png,0
2563.png,0
2564.png,0
2565.png,0
2566.png,0
2567.png,1
2568.png,0
2569.png,0
2570.png,1
2571.png,1
2572.png,0
2573.png,1
2574.png,1
2575.png,1
2576.png,0
2577.png,1
2578.png,1
2579.png,1
2580.png,1
2581.png,0
2582.png,1
2583.png,1
2584.png,0
2585.png,0
2586.png,1
2587.png,1
2588.png,0
2589.png,0
2590.png,0
2591.png,0
2592.png,0
2593.png,0
2594.png,0
2595.png,1
2596.png,1
2597.png,1
2598.png,1
2599.png,0
2600.png,0
2601.png,1
2602.png,0
2603.png,0
2604.png,0
2605.png,1
2606.png,1
2607.png,1
2608.png,0
2609.png,1
2610.png,0
2611.png,1
2612.png,1
2613.png,1
2614.png,1
2615.png,0
2616.png,0
2617.png,1
2618.png,1
2619.png,0
2620.png,0
2621.png,0
2622.png,0
2623.png,0
2624.png,0
2625.png,0
2626.png,0
2627.png,0
2628.png,0
2629.png,0
2630.png,1
2631.png,1
2632.png,0
2633.png,0
2634.png,1
2635.png,1
2636.png,1
2637.png,0
2638.png,1
2639.png,0
2640.png,1
2641.png,1
2642.png,0
2643.png,1
2644.png,0
2645.png,1
2646.png,1
2647.png,0
2648.png,1
2649.png,1
2650.png,1
2651.png,1
2652.png,0
2653.png,0
2654.png,0
2655.png,0
2656.png,1
2657.png,1
2658.png,0
2659.png,0
2660.png,1
2661.png,0
2662.png,1
2663.png,0
2664.png,0
2665.png,1
2666.png,0
2667.png,0
2668.png,0
2669.png,0
2670.png,1
2671.png,0
2672.png,0
2673.png,1
2674.png,0
2675.png,1
2676.png,0
2677.png,0
2678.png,0
2679.png,0
2680.png,0
2681.png,1
2682.png,0
2683.png,1
2684.png,0
2685.png,0
2686.png,0
2687.png,0
2688.png,1
2689.png,0
2690.png,1
2691.png,0
2692.png,0
2693.png,1
2694.png,1
2695.png,0
2696.png,1
2697.png,0
2698.png,0
2699.png,1
2700.png,0
2701.png,0
2702.png,0
2703.png,0
2704.png,0
2705.png,0
2706.png,0
2707.png,1
2708.png,0
2709.png,0
2710.png,0
2711.png,1
2712.png,0
2713.png,1
2714.png,1
2715.png,0
2716.png,1
2717.png,0
2718.png,0
2719.png,0
2720.png,1
2721.png,1
2722.png,1
2723.png,0
2724.png,1
2725.png,1
2726.png,0
2727.png,0
2728.png,0
2729.png,0
2730.png,0
2731.png,0
2732.png,0
2733.png,0
2734.png,1
2735.png,0
2736.png,0
2737.png,1
2738.png,1
2739.png,0
2740.png,0
2741.png,1
2742.png,1
2743.png,1
2744.png,1
2745.png,1
2746.png,1
2747.png,1
2748.png,1
2749.png,1
2750.png,1
2751.png,1
2752.png,1
2753.png,0
2754.png,0
2755.png,0
2756.png,0
2757.png,1
2758.png,1
2759.png,0
2760.png,1
2761.png,0
2762.png,1
2763.png,0
2764.png,0
2765.png,0
2766.png,1
2767.png,0
2768.png,0
2769.png,0
2770.png,0
2771.png,0
2772.png,0
2773.png,0
2774.png,0
2775.png,0
2776.png,0
2777.png,1
2778.png,0
2779.png,1
2780.png,0
2781.png,1
2782.png,1
2783.png,1
2784.png,1
2785.png,1
2786.png,1
2787.png,1
2788.png,1
2789.png,1
2790.png,0
2791.png,0
2792.png,0
2793.png,0
2794.png,0
2795.png,1
2796.png,0
2797.png,1
2798.png,1
2799.png,0
2800.png,0
2801.png,1
2802.png,0
2803.png,1
2804.png,1
2805.png,0
2806.png,1
2807.png,0
2808.png,0
2809.png,1
2810.png,0
2811.png,0
2812.png,0
2813.png,0
2814.png,0
2815.png,0
2816.png,1
2817.png,0
2818.png,1
2819.png,0
2820.png,1
2821.png,1
2822.png,0
2823.png,0
2824.png,1
2825.png,0
2826.png,1
2827.png,1
2828.png,1
2829.png,1
2830.png,1
2831.png,0
2832.png,1
2833.png,1
2834.png,1
2835.png,1
2836.png,1
2837.png,0
2838.png,1
2839.png,1
2840.png,0
2841.png,0
2842.png,0
2843.png,1
2844.png,0
2845.png,1
2846.png,0
2847.png,1
2848.png,0
2849.png,0
2850.png,1
2851.png,0
2852.png,0
2853.png,1
2854.png,0
2855.png,0
2856.png,0
2857.png,1
2858.png,1
2859.png,1
2860.png,1
2861.png,1
2862.png,1
2863.png,0
2864.png,1
2865.png,0
2866.png,1
2867.png,0
2868.png,1
2869.png,0
2870.png,1
2871.png,1
2872.png,0
2873.png,0
2874.png,1
2875.png,1
2876.png,1
2877.png,0
2878.png,0
2879.png,0
2880.png,0
2881.png,1
2882.png,1
2883.png,1
2884.png,0
2885.png,0
2886.png,0
2887.png,1
2888.png,0
2889.png,0
2890.png,1
2891.png,1
2892.png,0
2893.png,0
2894.png,1
2895.png,0
2896.png,1
2897.png,0
2898.png,1
2899.png,1
2900.png,1
2901.png,1
2902.png,1
2903.png,1
2904.png,0
2905.png,0
2906.png,1
2907.png,0
2908.png,0
2909.png,0
2910.png,1
2911.png,1
2912.png,0
2913.png,0
2914.png,1
2915.png,0
2916.png,0
2917.png,1
2918.png,1
2919.png,0
2920.png,0
2921.png,0
2922.png,0
2923.png,1
2924.png,0
2925.png,0
2926.png,1
2927.png,0
2928.png,1
2929.png,1
2930.png,0
2931.png,1
2932.png,1
2933.png,0
2934.png,0
2935.png,0
2936.png,1
2937.png,0
2938.png,0
2939.png,1
2940.png,1
2941.png,1
2942.png,1
2943.png,0
2944.png,0
2945.png,0
2946.png,1
2947.png,1
2948.png,1
2949.png,1
2950.png,0
2951.png,1
2952.png,0
2953.png,0
2954.png,1
2955.png,1
2956.png,0
2957.png,0
2958.png,1
2959.png,1
2960.png,1
2961.png,0
2962.png,1
2963.png,0
2964.png,1
2965.png,1
2966.png,0
2967.png,0
2968.png,0
2969.png,1
2970.png,0
2971.png,1
2972.png,0
2973.png,0
2974.png,0
2975.png,1
2976.png,1
2977.png,0
2978.png,0
2979.png,0
2980.png,1
2981.png,1
2982.png,0
2983.png,1
2984.png,0
2985.png,1
2986.png,1
2987.png,1
2988.png,1
2989.png,1
2990.png,1
2991.png,1
2992.png,1
2993.png,1
2994.png,0
2995.png,1
2996.png,0
2997.png,0
2998.png,0
2999.png,1
3000.png,0
3001.png,1
3002.png,0
3003.png,1
3004.png,1
3005.png,1
3006.png,0
3007.png,0
3008.png,0
3009.png,0
3010.png,0
3011.png,1
3012.png,0
3013.png,1
3014.png,0
3015.png,1
3016.png,1
3017.png,0
3018.png,0
3019.png,1
3020.png,1
3021.png,1
3022.png,1
3023.png,1
3024.png,0
3025.png,0
3026.png,0
3027.png,1
3028.png,0
3029.png,1
3030.png,1
3031.png,0
3032.png,1
3033.png,0
3034.png,1
3035.png,0
3036.png,1
3037.png,0
3038.png,0
3039.png,0
3040.png,0
3041.png,1
3042.png,0
3043.png,0
3044.png,1
3045.png,1
3046.png,0
3047.png,0
3048.png,1
3049.png,0
3050.png,0
3051.png,0
3052.png,0
3053.png,0
3054.png,0
3055.png,0
3056.png,0
3057.png,0
3058.png,0
3059.png,1
3060.png,0
3061.png,0
3062.png,0
3063.png,0
3064.png,1
3065.png,1
3066.png,1
3067.png,1
3068.png,1
3069.png,0
3070.png,1
3071.png,0
3072.png,1
3073.png,1
3074.png,0
3075.png,1
3076.png,1
3077.png,0
3078.png,1
3079.png,1
3080.png,1
3081.png,1
3082.png,1
3083.png,1
3084.png,0
3085.png,1
3086.png,0
3087.png,0
3088.png,1
3089.png,1
3090.png,1
3091.png,1
3092.png,0
3093.png,1
3094.png,0
3095.png,0
3096.png,1
3097.png,0
3098.png,1
3099.png,1
3100.png,0
3101.png,0
3102.png,0
3103.png,1
3104.png,0
3105.png,0
3106.png,1
3107.png,1
3108.png,1
3109.png,1
3110.png,1
3111.png,0
3112.png,0
3113.png,1
3114.png,0
3115.png,0
3116.png,0
3117.png,0
3118.png,1
3119.png,0
3120.png,1
3121.png,1
3122.png,1
3123.png,0
3124.png,1
3125.png,0
3126.png,1
3127.png,0
3128.png,0
3129.png,0
3130.png,0
3131.png,1
3132.png,1
3133.png,1
3134.png,1
3135.png,1
3136.png,1
3137.png,1
3138.png,0
3139.png,1
3140.png,0
3141.png,0
3142.png,1
3143.png,1
3144.png,1
3145.png,1
3146.png,1
3147.png,1
3148.png,0
3149.png,0
3150.png,1
3151.png,0
3152.png,1
3153.png,0
3154.png,1
3155.png,0
3156.png,1
3157.png,0
3158.png,1
3159.png,1
3160.png,1
3161.png,1
3162.png,0
3163.png,0
3164.png,1
3165.png,1
3166.png,0
3167.png,0
3168.png,1
3169.png,0
3170.png,1
3171.png,0
3172.png,1
3173.png,0
3174.png,1
3175.png,0
3176.png,1
3177.png,0
3178.png,0
3179.png,0
3180.png,1
3181.png,0
3182.png,1
3183.png,1
3184.png,1
3185.png,1
3186.png,0
3187.png,1
3188.png,0
3189.png,0
3190.png,1
3191.png,0
3192.png,0
3193.png,1
3194.png,1
3195.png,1
3196.png,0
3197.png,0
3198.png,1
3199.png,1
3200.png,1
3201.png,0
3202.png,0
3203.png,1
3204.png,0
3205.png,1
3206.png,1
3207.png,0
3208.png,0
3209.png,0
3210.png,1
3211.png,1
3212.png,1
3213.png,1
3214.png,1
3215.png,0
3216.png,0
3217.png,1
3218.png,0
3219.png,0
3220.png,1
3221.png,0
3222.png,1
3223.png,0
3224.png,0
3225.png,1
3226.png,0
3227.png,0
3228.png,0
3229.png,0
3230.png,1
3231.png,0
3232.png,0
3233.png,1
3234.png,1
3235.png,0
3236.png,0
3237.png,0
3238.png,1
3239.png,1
3240.png,1
3241.png,1
3242.png,0
3243.png,0
3244.png,0
3245.png,1
3246.png,0
3247.png,1
3248.png,1
3249.png,0
3250.png,0
3251.png,1
3252.png,0
3253.png,1
3254.png,1
3255.png,0
3256.png,1
3257.png,0
3258.png,0
3259.png,0
3260.png,1
3261.png,0
3262.png,0
3263.png,1
3264.png,1
3265.png,0
3266.png,0
3267.png,1
3268.png,1
3269.png,0
3270.png,0
3271.png,1
3272.png,0
3273.png,0
3274.png,0
3275.png,0
3276.png,0
3277.png,1
3278.png,0
3279.png,0
3280.png,0
3281.png,0
3282.png,1
3283.png,1
3284.png,0
3285.png,0
3286.png,1
3287.png,1
3288.png,0
3289.png,0
3290.png,1
3291.png,0
3292.png,1
3293.png,0
3294.png,0
3295.png,1
3296.png,0
3297.png,1
3298.png,0
3299.png,1
3300.png,1
3301.png,1
3302.png,1
3303.png,1
3304.png,1
3305.png,1
3306.png,0
3307.png,1
3308.png,1
3309.png,1
3310.png,0
3311.png,1
3312.png,0
3313.png,0
3314.png,1
3315.png,0
3316.png,1
3317.png,1
3318.png,0
3319.png,1
3320.png,0
3321.png,1
3322.png,1
3323.png,0
3324.png,0
3325.png,1
3326.png,0
3327.png,1
3328.png,0
3329.png,1
3330.png,1
3331.png,1
3332.png,0
3333.png,1
3334.png,0
3335.png,1
3336.png,0
3337.png,1
3338.png,0
3339.png,1
3340.png,1
3341.png,1
3342.png,1
3343.png,0
3344.png,1
3345.png,1
3346.png,1
3347.png,1
3348.png,0
3349.png,0
3350.png,0
3351.png,0
3352.png,0
3353.png,0
3354.png,1
3355.png,1
3356.png,1
3357.png,1
3358.png,1
3359.png,1
3360.png,1
3361.png,0
3362.png,1
3363.png,0
3364.png,1
3365.png,0
3366.png,0
3367.png,1
3368.png,1
3369.png,1
3370.png,0
3371.png,1
3372.png,1
3373.png,0
3374.png,1
3375.png,1
3376.png,1
3377.png,1
3378.png,0
3379.png,1
3380.png,0
3381.png,0
3382.png,0
3383.png,1
3384.png,0
3385.png,0
3386.png,1
3387.png,1
3388.png,0
3389.png,1
3390.png,0
3391.png,1
3392.png,0
3393.png,0
3394.png,0
3395.png,0
3396.png,0
3397.png,1
3398.png,1
3399.png,1
3400.png,1
3401.png,1
3402.png,1
3403.png,0
3404.png,0
3405.png,0
3406.png,0
3407.png,0
3408.png,0
3409.png,1
3410.png,1
3411.png,0
3412.png,1
3413.png,0
3414.png,1
3415.png,0
3416.png,1
3417.png,0
3418.png,1
3419.png,1
3420.png,0
3421.png,1
3422.png,1
3423.png,1
3424.png,0
3425.png,1
3426.png,1
3427.png,0
3428.png,0
3429.png,1
3430.png,0
3431.png,1
3432.png,0
3433.png,0
3434.png,0
3435.png,1
3436.png,0
3437.png,0
3438.png,0
3439.png,0
3440.png,0
3441.png,0
3442.png,1
3443.png,1
3444.png,1
3445.png,1
3446.png,1
3447.png,0
3448.png,0
3449.png,0
3450.png,0
3451.png,1
3452.png,1
3453.png,0
3454.png,1
3455.png,0
3456.png,0
3457.png,0
3458.png,1
3459.png,0
3460.png,0
3461.png,1
3462.png,0
3463.png,0
3464.png,0
3465.png,1
3466.png,1
3467.png,1
3468.png,0
3469.png,1
3470.png,1
3471.png,0
3472.png,1
3473.png,0
3474.png,0
3475.png,1
3476.png,0
3477.png,0
3478.png,0
3479.png,0
3480.png,1
3481.png,0
3482.png,1
3483.png,1
3484.png,1
3485.png,0
3486.png,0
3487.png,0
3488.png,1
3489.png,1
3490.png,1
3491.png,1
3492.png,1
3493.png,1
3494.png,0
3495.png,1
3496.png,0
3497.png,0
3498.png,1
3499.png,1
3500.png,0
3501.png,1
3502.png,0
3503.png,1
3504.png,0
3505.png,0
3506.png,1
3507.png,0
3508.png,0
3509.png,0
3510.png,0
3511.png,1
3512.png,1
3513.png,1
3514.png,0
3515.png,0
3516.png,0
3517.png,0
3518.png,0
3519.png,0
3520.png,0
3521.png,0
3522.png,0
3523.png,1
3524.png,0
3525.png,1
3526.png,0
3527.png,0
3528.png,0
3529.png,0
3530.png,1
3531.png,1
3532.png,1
3533.png,1
3534.png,0
3535.png,0
3536.png,0
3537.png,0
3538.png,1
3539.png,0
3540.png,1
3541.png,1
3542.png,0
3543.png,0
3544.png,0
3545.png,1
3546.png,1
3547.png,1
3548.png,0
3549.png,0
3550.png,1
3551.png,0
3552.png,0
3553.png,1
3554.png,1
3555.png,0
3556.png,0
3557.png,0
3558.png,1
3559.png,0
3560.png,1
3561.png,0
3562.png,1
3563.png,1
3564.png,0
3565.png,1
3566.png,0
3567.png,0
3568.png,0
3569.png,1
3570.png,0
3571.png,0
3572.png,0
3573.png,1
3574.png,1
3575.png,1
3576.png,1
3577.png,1
3578.png,1
3579.png,0
3580.png,0
3581.png,0
3582.png,0
3583.png,1
3584.png,0
3585.png,0
3586.png,0
3587.png,1
3588.png,0
3589.png,0
3590.png,1
3591.png,1
3592.png,0
3593.png,1
3594.png,1
3595.png,1
3596.png,1
3597.png,0
3598.png,0
3599.png,0
3600.png,0
3601.png,0
3602.png,1
3603.png,0
3604.png,0
3605.png,1
3606.png,0
3607.png,0
3608.png,0
3609.png,0
3610.png,1
3611.png,0
3612.png,1
3613.png,1
3614.png,1
3615.png,1
3616.png,1
3617.png,1
3618.png,1
3619.png,1
3620.png,0
3621.png,0
3622.png,0
3623.png,0
3624.png,0
3625.png,1
3626.png,1
3627.png,1
3628.png,1
3629.png,1
3630.png,1
3631.png,0
3632.png,1
3633.png,0
3634.png,1
3635.png,0
3636.png,0
3637.png,1
3638.png,1
3639.png,1
3640.png,0
3641.png,0
3642.png,1
3643.png,1
3644.png,0
3645.png,0
3646.png,1
3647.png,1
3648.png,1
3649.png,0
3650.png,0
3651.png,1
3652.png,1
3653.png,0
3654.png,1
3655.png,0
3656.png,1
3657.png,0
3658.png,1
3659.png,1
3660.png,0
3661.png,1
3662.png,0
3663.png,0
3664.png,0
3665.png,0
3666.png,0
3667.png,1
3668.png,0
3669.png,0
3670.png,1
3671.png,1
3672.png,1
3673.png,0
3674.png,0
3675.png,1
3676.png,1
3677.png,0
3678.png,1
3679.png,0
3680.png,1
3681.png,0
3682.png,1
3683.png,0
3684.png,1
3685.png,0
3686.png,1
3687.png,0
3688.png,1
3689.png,0
3690.png,0
3691.png,1
3692.png,0
3693.png,0
3694.png,0
3695.png,1
3696.png,1
3697.png,1
3698.png,0
3699.png,0
3700.png,0
3701.png,0
3702.png,1
3703.png,0
3704.png,1
3705.png,0
3706.png,1
3707.png,0
3708.png,0
3709.png,1
3710.png,1
3711.png,0
3712.png,1
3713.png,0
3714.png,1
3715.png,0
3716.png,1
3717.png,0
3718.png,0
3719.png,1
3720.png,0
3721.png,0
3722.png,1
3723.png,1
3724.png,0
3725.png,0
3726.png,0
3727.png,0
3728.png,0
3729.png,1
3730.png,1
3731.png,1
3732.png,0
3733.png,0
3734.png,0
3735.png,1
3736.png,0
3737.png,1
3738.png,0
3739.png,0
3740.png,1
3741.png,1
3742.png,1
3743.png,1
3744.png,0
3745.png,1
3746.png,1
3747.png,0
3748.png,1
3749.png,0
3750.png,0
3751.png,0
3752.png,0
3753.png,0
3754.png,0
3755.png,0
3756.png,0
3757.png,1
3758.png,0
3759.png,0
3760.png,0
3761.png,1
3762.png,0
3763.png,0
3764.png,1
3765.png,0
3766.png,1
3767.png,0
3768.png,0
3769.png,1
3770.png,1
3771.png,1
3772.png,0
3773.png,0
3774.png,0
3775.png,1
3776.png,1
3777.png,0
3778.png,0
3779.png,1
3780.png,1
3781.png,0
3782.png,1
3783.png,0
3784.png,0
3785.png,1
3786.png,1
3787.png,1
3788.png,1
3789.png,0
3790.png,1
3791.png,0
3792.png,1
3793.png,0
3794.png,1
3795.png,1
3796.png,1
3797.png,0
3798.png,1
3799.png,0
3800.png,1
3801.png,1
3802.png,0
3803.png,0
3804.png,1
3805.png,0
3806.png,1
3807.png,0
3808.png,0
3809.png,1
3810.png,1
3811.png,1
3812.png,0
3813.png,1
3814.png,0
3815.png,1
3816.png,1
3817.png,1
3818.png,0
3819.png,0
3820.png,1
3821.png,0
3822.png,0
3823.png,0
3824.png,0
3825.png,0
3826.png,1
3827.png,1
3828.png,1
3829.png,1
3830.png,1
3831.png,0
3832.png,0
3833.png,1
3834.png,0
3835.png,1
3836.png,0
3837.png,1
3838.png,0
3839.png,0
3840.png,1
3841.png,1
3842.png,1
3843.png,0
3844.png,0
3845.png,1
3846.png,0
3847.png,1
3848.png,0
3849.png,1
3850.png,0
3851.png,1
3852.png,1
3853.png,1
3854.png,0
3855.png,0
3856.png,1
3857.png,1
3858.png,0
3859.png,1
3860.png,0
3861.png,0
3862.png,0
3863.png,1
3864.png,1
3865.png,1
3866.png,0
3867.png,0
3868.png,0
3869.png,1
3870.png,0
3871.png,1
3872.png,0
3873.png,0
3874.png,1
3875.png,0
3876.png,0
3877.png,0
3878.png,0
3879.png,0
3880.png,1
3881.png,1
3882.png,1
3883.png,0
3884.png,1
3885.png,0
3886.png,1
3887.png,0
3888.png,0
3889.png,1
3890.png,1
3891.png,0
3892.png,1
3893.png,1
3894.png,1
3895.png,1
3896.png,0
3897.png,1
3898.png,1
3899.png,0
3900.png,1
3901.png,0
3902.png,0
3903.png,1
3904.png,1
3905.png,0
3906.png,0
3907.png,0
3908.png,1
3909.png,0
3910.png,1
3911.png,1
3912.png,1
3913.png,1
3914.png,0
3915.png,1
3916.png,0
3917.png,0
3918.png,1
3919.png,1
3920.png,0
3921.png,1
3922.png,0
3923.png,1
3924.png,1
3925.png,0
3926.png,0
3927.png,0
3928.png,0
3929.png,1
3930.png,1
3931.png,0
3932.png,1
3933.png,1
3934.png,0
3935.png,1
3936.png,0
3937.png,0
3938.png,0
3939.png,0
3940.png,1
3941.png,1
3942.png,0
3943.png,0
3944.png,0
3945.png,0
3946.png,1
3947.png,1
3948.png,0
3949.png,1
3950.png,1
3951.png,0
3952.png,0
3953.png,1
3954.png,0
3955.png,1
3956.png,0
3957.png,1
3958.png,0
3959.png,1
3960.png,1
3961.png,1
3962.png,0
3963.png,0
3964.png,0
3965.png,1
3966.png,1
3967.png,1
3968.png,0
3969.png,0
3970.png,0
3971.png,1
3972.png,0
3973.png,1
3974.png,0
3975.png,0
3976.png,1
3977.png,1
3978.png,1
3979.png,0
3980.png,1
3981.png,0
3982.png,0
3983.png,0
3984.png,1
3985.png,0
3986.png,1
3987.png,0
3988.png,0
3989.png,0
3990.png,0
3991.png,0
3992.png,1
3993.png,0
3994.png,0
3995.png,0
3996.png,1
3997.png,0
3998.png,0
3999.png,0
4000.png,0
4001.png,1
4002.png,1
4003.png,1
4004.png,0
4005.png,1
4006.png,1
4007.png,1
4008.png,1
4009.png,1
4010.png,0
4011.png,0
4012.png,0
4013.png,0
4014.png,0
4015.png,0
4016.png,1
4017.png,0
4018.png,0
4019.png,1
4020.png,0
4021.png,1
4022.png,1
4023.png,0
4024.png,1
4025.png,0
4026.png,1
4027.png,1
4028.png,0
4029.png,0
4030.png,1
4031.png,0
4032.png,0
4033.png,0
4034.png,1
4035.png,1
4036.png,0
4037.png,0
4038.png,1
4039.png,0
4040.png,0
4041.png,0
4042.png,0
4043.png,1
4044.png,0
4045.png,1
4046.png,0
4047.png,1
4048.png,0
4049.png,1
4050.png,0
4051.png,1
4052.png,1
4053.png,0
4054.png,0
4055.png,1
4056.png,0
4057.png,0
4058.png,0
4059.png,1
4060.png,0
4061.png,1
4062.png,1
4063.png,1
4064.png,1
4065.png,0
4066.png,0
4067.png,0
4068.png,0
4069.png,1
4070.png,1
4071.png,0
4072.png,0
4073.png,0
4074.png,1
4075.png,1
4076.png,0
4077.png,0
4078.png,1
4079.png,1
4080.png,1
4081.png,0
4082.png,0
4083.png,1
4084.png,0
4085.png,0
4086.png,1
4087.png,1
4088.png,0
4089.png,0
4090.png,0
4091.png,1
4092.png,1
4093.png,1
4094.png,0
4095.png,0
4096.png,0
4097.png,0
4098.png,1
4099.png,0
4100.png,1
4101.png,0
4102.png,1
4103.png,0
4104.png,1
4105.png,1
4106.png,0
4107.png,1
4108.png,0
4109.png,0
4110.png,1
4111.png,0
4112.png,0
4113.png,1
4114.png,0
4115.png,1
4116.png,1
4117.png,0
4118.png,0
4119.png,0
4120.png,1
4121.png,0
4122.png,0
4123.png,0
4124.png,1
4125.png,0
4126.png,0
4127.png,0
4128.png,1
4129.png,1
4130.png,1
4131.png,0
4132.png,1
4133.png,0
4134.png,0
4135.png,1
4136.png,1
4137.png,1
4138.png,1
4139.png,0
4140.png,1
4141.png,1
4142.png,0
4143.png,0
4144.png,0
4145.png,0
4146.png,1
4147.png,0
4148.png,0
4149.png,0
4150.png,1
4151.png,0
4152.png,0
4153.png,0
4154.png,0
4155.png,0
4156.png,0
4157.png,0
4158.png,0
4159.png,0
4160.png,1
4161.png,1
4162.png,1
4163.png,1
4164.png,1
4165.png,0
4166.png,1
4167.png,0
4168.png,0
4169.png,1
4170.png,0
4171.png,0
4172.png,1
4173.png,0
4174.png,0
4175.png,1
4176.png,0
4177.png,0
4178.png,0
4179.png,0
4180.png,0
4181.png,0
4182.png,1
4183.png,0
4184.png,0
4185.png,1
4186.png,1
4187.png,0
4188.png,0
4189.png,0
4190.png,1
4191.png,1
4192.png,0
4193.png,1
4194.png,1
4195.png,1
4196.png,1
4197.png,1
4198.png,0
4199.png,0
4200.png,1
4201.png,1
4202.png,1
4203.png,0
4204.png,0
4205.png,1
4206.png,0
4207.png,1
4208.png,1
4209.png,1
4210.png,0
4211.png,0
4212.png,0
4213.png,1
4214.png,0
4215.png,0
4216.png,0
4217.png,0
4218.png,1
4219.png,0
4220.png,1
4221.png,0
4222.png,1
4223.png,0
4224.png,0
4225.png,0
4226.png,1
4227.png,0
4228.png,0
4229.png,0
4230.png,1
4231.png,0
4232.png,1
4233.png,0
4234.png,0
4235.png,0
4236.png,0
4237.png,1
4238.png,0
4239.png,0
4240.png,1
4241.png,1
4242.png,0
4243.png,1
4244.png,1
4245.png,0
4246.png,0
4247.png,0
4248.png,0
4249.png,0
4250.png,0
4251.png,1
4252.png,0
4253.png,0
4254.png,1
4255.png,1
4256.png,1
4257.png,0
4258.png,1
4259.png,0
4260.png,1
4261.png,1
4262.png,0
4263.png,0
4264.png,1
4265.png,0
4266.png,1
4267.png,1
4268.png,0
4269.png,0
4270.png,0
4271.png,0
4272.png,1
4273.png,0
4274.png,1
4275.png,0
4276.png,0
4277.png,0
4278.png,0
4279.png,0
4280.png,1
4281.png,1
4282.png,0
4283.png,0
4284.png,1
4285.png,1
4286.png,1
4287.png,1
4288.png,1
4289.png,1
4290.png,1
4291.png,1
4292.png,1
4293.png,1
4294.png,1
4295.png,1
4296.png,1
4297.png,1
4298.png,1
4299.png,0
4300.png,1
4301.png,1
4302.png,1
4303.png,1
4304.png,1
4305.png,1
4306.png,1
4307.png,0
4308.png,0
4309.png,1
4310.png,1
4311.png,1
4312.png,0
4313.png,1
4314.png,0
4315.png,1
4316.png,0
4317.png,1
4318.png,0
4319.png,0
4320.png,0
4321.png,0
4322.png,1
4323.png,1
4324.png,1
4325.png,0
4326.png,0
4327.png,1
4328.png,0
4329.png,0
4330.png,0
4331.png,0
4332.png,1
4333.png,1
4334.png,1
4335.png,0
4336.png,1
4337.png,1
4338.png,0
4339.png,0
4340.png,0
4341.png,1
4342.png,0
4343.png,1
4344.png,0
4345.png,1
4346.png,0
4347.png,1
4348.png,1
4349.png,1
4350.png,0
4351.png,0
4352.png,1
4353.png,0
4354.png,0
4355.png,0
4356.png,0
4357.png,1
4358.png,0
4359.png,0
4360.png,1
4361.png,1
4362.png,0
4363.png,1
4364.png,1
4365.png,1
4366.png,1
4367.png,0
4368.png,1
4369.png,0
4370.png,0
4371.png,1
4372.png,0
4373.png,1
4374.png,1
4375.png,1
4376.png,1
4377.png,1
4378.png,1
4379.png,0
4380.png,1
4381.png,1
4382.png,0
4383.png,0
4384.png,1
4385.png,0
4386.png,0
4387.png,0
4388.png,1
4389.png,1
4390.png,0
4391.png,1
4392.png,0
4393.png,1
4394.png,0
4395.png,0
4396.png,0
4397.png,1
4398.png,0
4399.png,0
4400.png,0
4401.png,1
4402.png,0
4403.png,1
4404.png,1
4405.png,1
4406.png,1
4407.png,0
4408.png,1
4409.png,1
4410.png,0
4411.png,0
4412.png,0
4413.png,0
4414.png,0
4415.png,0
4416.png,1
4417.png,0
4418.png,0
4419.png,1
4420.png,1
4421.png,0
4422.png,0
4423.png,0
4424.png,1
4425.png,1
4426.png,1
4427.png,1
4428.png,0
4429.png,1
4430.png,1
4431.png,1
4432.png,1
4433.png,0
4434.png,1
4435.png,1
4436.png,0
4437.png,0
4438.png,0
4439.png,1
4440.png,0
4441.png,0
4442.png,1
4443.png,1
4444.png,0
4445.png,0
4446.png,1
4447.png,1
4448.png,1
4449.png,1
4450.png,1
4451.png,0
4452.png,1
4453.png,1
4454.png,1
4455.png,0
4456.png,1
4457.png,1
4458.png,1
4459.png,0
4460.png,0
4461.png,1
4462.png,0
4463.png,1
4464.png,1
4465.png,1
4466.png,0
4467.png,0
4468.png,1
4469.png,0
4470.png,1
4471.png,1
4472.png,1
4473.png,0
4474.png,0
4475.png,0
4476.png,0
4477.png,0
4478.png,1
4479.png,0
4480.png,1
4481.png,0
4482.png,0
4483.png,1
4484.png,1
4485.png,0
4486.png,0
4487.png,0
4488.png,1
4489.png,0
4490.png,1
4491.png,1
4492.png,1
4493.png,0
4494.png,0
4495.png,0
4496.png,1
4497.png,1
4498.png,0
4499.png,1
4500.png,0
4501.png,1
4502.png,0
4503.png,0
4504.png,1
4505.png,1
4506.png,1
4507.png,1
4508.png,0
4509.png,0
4510.png,1
4511.png,0
4512.png,0
4513.png,0
4514.png,0
4515.png,1
4516.png,1
4517.png,0
4518.png,1
4519.png,1
4520.png,0
4521.png,1
4522.png,0
4523.png,1
4524.png,1
4525.png,1
4526.png,0
4527.png,0
4528.png,0
4529.png,1
4530.png,0
4531.png,0
4532.png,1
4533.png,1
4534.png,0
4535.png,0
4536.png,1
4537.png,1
4538.png,0
4539.png,1
4540.png,0
4541.png,1
4542.png,1
4543.png,1
4544.png,0
4545.png,1
4546.png,1
4547.png,1
4548.png,0
4549.png,1
4550.png,0
4551.png,1
4552.png,1
4553.png,0
4554.png,1
4555.png,0
4556.png,0
4557.png,1
4558.png,0
4559.png,0
4560.png,0
4561.png,0
4562.png,0
4563.png,1
4564.png,0
4565.png,0
4566.png,1
4567.png,1
4568.png,0
4569.png,0
4570.png,1
4571.png,1
4572.png,0
4573.png,0
4574.png,0
4575.png,0
4576.png,0
4577.png,0
4578.png,0
4579.png,0
4580.png,0
4581.png,1
4582.png,0
4583.png,0
4584.png,1
4585.png,0
4586.png,1
4587.png,1
4588.png,1
4589.png,0
4590.png,1
4591.png,1
4592.png,0
4593.png,1
4594.png,1
4595.png,0
4596.png,0
4597.png,1
4598.png,0
4599.png,0
4600.png,1
4601.png,0
4602.png,0
4603.png,0
4604.png,1
4605.png,0
4606.png,1
4607.png,1
4608.png,0
4609.png,0
4610.png,1
4611.png,1
4612.png,1
4613.png,0
4614.png,0
4615.png,1
4616.png,1
4617.png,0
4618.png,0
4619.png,1
4620.png,1
4621.png,0
4622.png,1
4623.png,0
4624.png,1
4625.png,0
4626.png,0
4627.png,1
4628.png,1
4629.png,0
4630.png,1
4631.png,0
4632.png,1
4633.png,0
4634.png,0
4635.png,0
4636.png,0
4637.png,1
4638.png,0
4639.png,0
4640.png,1
4641.png,0
4642.png,0
4643.png,1
4644.png,0
4645.png,1
4646.png,0
4647.png,1
4648.png,0
4649.png,1
4650.png,0
4651.png,1
4652.png,0
4653.png,0
4654.png,1
4655.png,1
4656.png,0
4657.png,1
4658.png,0
4659.png,0
4660.png,1
4661.png,0
4662.png,1
4663.png,1
4664.png,1
4665.png,1
4666.png,1
4667.png,1
4668.png,1
4669.png,0
4670.png,1
4671.png,0
4672.png,0
4673.png,1
4674.png,0
4675.png,1
4676.png,0
4677.png,1
4678.png,1
4679.png,1
4680.png,1
4681.png,0
4682.png,0
4683.png,0
4684.png,1
4685.png,0
4686.png,1
4687.png,0
4688.png,0
4689.png,1
4690.png,0
4691.png,1
4692.png,0
4693.png,1
4694.png,1
4695.png,0
4696.png,0
4697.png,0
4698.png,1
4699.png,1
4700.png,1
4701.png,1
4702.png,1
4703.png,1
4704.png,0
4705.png,0
4706.png,1
4707.png,0
4708.png,1
4709.png,0
4710.png,1
4711.png,1
4712.png,1
4713.png,1
4714.png,0
4715.png,0
4716.png,0
4717.png,0
4718.png,0
4719.png,0
4720.png,1
4721.png,0
4722.png,0
4723.png,1
4724.png,1
4725.png,0
4726.png,1
4727.png,1
4728.png,0
4729.png,1
4730.png,0
4731.png,1
4732.png,1
4733.png,1
4734.png,1
4735.png,1
4736.png,0
4737.png,1
4738.png,0
4739.png,0
4740.png,1
4741.png,0
4742.png,0
4743.png,0
4744.png,1
4745.png,0
4746.png,1
4747.png,0
4748.png,1
4749.png,1
4750.png,0
4751.png,1
4752.png,0
4753.png,1
4754.png,0
4755.png,1
4756.png,0
4757.png,0
4758.png,0
4759.png,0
4760.png,1
4761.png,0
4762.png,0
4763.png,1
4764.png,0
4765.png,1
4766.png,0
4767.png,1
4768.png,1
4769.png,1
4770.png,1
4771.png,0
4772.png,1
4773.png,0
4774.png,0
4775.png,0
4776.png,1
4777.png,1
4778.png,1
4779.png,0
4780.png,0
4781.png,1
4782.png,1
4783.png,1
4784.png,0
4785.png,0
4786.png,0
4787.png,1
4788.png,0
4789.png,1
4790.png,0
4791.png,0
4792.png,1
4793.png,1
4794.png,1
4795.png,1
4796.png,0
4797.png,1
4798.png,1
4799.png,0
4800.png,0
4801.png,0
4802.png,0
4803.png,0
4804.png,0
4805.png,1
4806.png,0
4807.png,1
4808.png,0
4809.png,0
4810.png,1
4811.png,1
4812.png,1
4813.png,0
4814.png,0
4815.png,1
4816.png,0
4817.png,1
4818.png,1
4819.png,0
4820.png,0
4821.png,0
4822.png,0
4823.png,1
4824.png,1
4825.png,1
4826.png,1
4827.png,1
4828.png,0
4829.png,1
4830.png,1
4831.png,0
4832.png,1
4833.png,1
4834.png,1
4835.png,1
4836.png,1
4837.png,1
4838.png,0
4839.png,0
4840.png,0
4841.png,1
4842.png,0
4843.png,0
4844.png,0
4845.png,0
4846.png,1
4847.png,0
4848.png,1
4849.png,1
4850.png,1
4851.png,1
4852.png,1
4853.png,1
4854.png,1
4855.png,0
4856.png,1
4857.png,1
4858.png,1
4859.png,0
4860.png,1
4861.png,0
4862.png,1
4863.png,1
4864.png,0
4865.png,0
4866.png,1
4867.png,0
4868.png,1
4869.png,0
4870.png,0
4871.png,1
4872.png,1
4873.png,0
4874.png,0
4875.png,1
4876.png,1
4877.png,0
4878.png,1
4879.png,0
4880.png,0
4881.png,0
4882.png,0
4883.png,1
4884.png,0
4885.png,0
4886.png,0
4887.png,1
4888.png,1
4889.png,0
4890.png,1
4891.png,1
4892.png,1
4893.png,0
4894.png,0
4895.png,0
4896.png,1
4897.png,1
4898.png,0
4899.png,0
4900.png,1
4901.png,0
4902.png,0
4903.png,1
4904.png,1
4905.png,1
4906.png,0
4907.png,1
4908.png,0
4909.png,0
4910.png,0
4911.png,1
4912.png,1
4913.png,0
4914.png,1
4915.png,1
4916.png,0
4917.png,1
4918.png,1
4919.png,0
4920.png,1
4921.png,1
4922.png,1
4923.png,0
4924.png,0
4925.png,1
4926.png,1
4927.png,0
4928.png,0
4929.png,0
4930.png,0
4931.png,0
4932.png,1
4933.png,1
4934.png,0
4935.png,1
4936.png,1
4937.png,0
4938.png,1
4939.png,1
4940.png,0
4941.png,1
4942.png,1
4943.png,0
4944.png,1
4945.png,0
4946.png,1
4947.png,0
4948.png,0
4949.png,0
4950.png,1
4951.png,0
4952.png,0
4953.png,1
4954.png,1
4955.png,1
4956.png,1
4957.png,1
4958.png,1
4959.png,0
4960.png,0
4961.png,0
4962.png,0
4963.png,0
4964.png,0
4965.png,1
4966.png,1
4967.png,1
4968.png,0
4969.png,0
4970.png,1
4971.png,0
4972.png,1
4973.png,0
4974.png,0
4975.png,0
4976.png,0
4977.png,0
4978.png,1
4979.png,0
4980.png,0
4981.png,1
4982.png,1
4983.png,0
4984.png,1
4985.png,1
4986.png,1
4987.png,0
4988.png,0
4989.png,0
4990.png,0
4991.png,0
4992.png,1
4993.png,0
4994.png,1
4995.png,1
4996.png,0
4997.png,0
4998.png,1
4999.png,1
5000.png,1
5001.png,1
5002.png,0
5003.png,0
5004.png,0
5005.png,0
5006.png,0
5007.png,1
5008.png,0
5009.png,0
5010.png,1
5011.png,0
5012.png,0
5013.png,0
5014.png,1
5015.png,0
5016.png,0
5017.png,0
5018.png,1
5019.png,1
5020.png,1
5021.png,0
5022.png,1
5023.png,0
5024.png,0
5025.png,0
5026.png,0
5027.png,1
5028.png,1
5029.png,1
5030.png,1
5031.png,0
5032.png,1
5033.png,0
5034.png,0
5035.png,1
5036.png,0
5037.png,0
5038.png,0
5039.png,0
5040.png,1
5041.png,1
5042.png,1
5043.png,1
5044.png,0
5045.png,0
5046.png,0
5047.png,1
5048.png,1
5049.png,0
5050.png,0
5051.png,1
5052.png,1
5053.png,1
5054.png,1
5055.png,1
5056.png,0
5057.png,0
5058.png,1
5059.png,0
5060.png,1
5061.png,1
5062.png,0
5063.png,1
5064.png,1
5065.png,0
5066.png,1
5067.png,0
5068.png,0
5069.png,1
5070.png,1
5071.png,1
5072.png,1
5073.png,1
5074.png,0
5075.png,0
5076.png,1
5077.png,0
5078.png,0
5079.png,1
5080.png,1
5081.png,1
5082.png,0
5083.png,0
5084.png,1
5085.png,1
5086.png,0
5087.png,1
5088.png,0
5089.png,0
5090.png,1
5091.png,1
5092.png,0
5093.png,0
5094.png,1
5095.png,1
5096.png,0
5097.png,0
5098.png,0
5099.png,0
5100.png,0
5101.png,0
5102.png,1
5103.png,0
5104.png,0
5105.png,0
5106.png,1
5107.png,1
5108.png,1
5109.png,0
5110.png,1
5111.png,1
5112.png,1
5113.png,1
5114.png,1
5115.png,1
5116.png,0
5117.png,1
5118.png,0
5119.png,1
5120.png,0
5121.png,0
5122.png,1
5123.png,0
5124.png,1
5125.png,1
5126.png,0
5127.png,0
5128.png,0
5129.png,0
5130.png,0
5131.png,1
5132.png,0
5133.png,1
5134.png,1
5135.png,0
5136.png,0
5137.png,1
5138.png,1
5139.png,1
5140.png,0
5141.png,0
5142.png,0
5143.png,0
5144.png,0
5145.png,0
5146.png,0
5147.png,0
5148.png,0
5149.png,1
5150.png,0
5151.png,1
5152.png,0
5153.png,0
5154.png,0
5155.png,0
5156.png,0
5157.png,1
5158.png,0
5159.png,0
5160.png,0
5161.png,1
5162.png,0
5163.png,1
5164.png,1
5165.png,1
5166.png,1
5167.png,0
5168.png,0
5169.png,0
5170.png,0
5171.png,1
5172.png,1
5173.png,1
5174.png,0
5175.png,1
5176.png,0
5177.png,1
5178.png,0
5179.png,1
5180.png,1
5181.png,0
5182.png,1
5183.png,0
5184.png,0
5185.png,1
5186.png,0
5187.png,0
5188.png,0
5189.png,0
5190.png,1
5191.png,0
5192.png,0
5193.png,1
5194.png,0
5195.png,1
5196.png,0
5197.png,0
5198.png,1
5199.png,1
5200.png,0
5201.png,1
5202.png,0
5203.png,1
5204.png,0
5205.png,1
5206.png,1
5207.png,0
5208.png,0
5209.png,1
5210.png,0
5211.png,0
5212.png,1
5213.png,0
5214.png,0
5215.png,1
5216.png,1
5217.png,1
5218.png,1
5219.png,1
5220.png,0
5221.png,0
5222.png,0
5223.png,0
5224.png,1
5225.png,1
5226.png,1
5227.png,0
5228.png,0
5229.png,1
5230.png,0
5231.png,0
5232.png,0
5233.png,1
5234.png,1
5235.png,0
5236.png,0
5237.png,0
5238.png,0
5239.png,0
5240.png,0
5241.png,0
5242.png,0
5243.png,0
5244.png,1
5245.png,1
5246.png,1
5247.png,0
5248.png,0
5249.png,1
5250.png,0
5251.png,0
5252.png,0
5253.png,0
5254.png,0
5255.png,1
5256.png,0
5257.png,0
5258.png,0
5259.png,1
5260.png,0
5261.png,0
5262.png,1
5263.png,0
5264.png,1
5265.png,0
5266.png,1
5267.png,1
5268.png,1
5269.png,0
5270.png,0
5271.png,0
5272.png,0
5273.png,1
5274.png,0
5275.png,0
5276.png,0
5277.png,1
5278.png,1
5279.png,0
5280.png,0
5281.png,0
5282.png,0
5283.png,0
5284.png,0
5285.png,1
5286.png,1
5287.png,0
5288.png,1
5289.png,1
5290.png,1
5291.png,0
5292.png,0
5293.png,1
5294.png,0
5295.png,0
5296.png,0
5297.png,1
5298.png,0
5299.png,1
5300.png,1
5301.png,1
5302.png,0
5303.png,0
5304.png,1
5305.png,0
5306.png,0
5307.png,1
5308.png,1
5309.png,0
5310.png,1
5311.png,0
5312.png,0
5313.png,1
5314.png,0
5315.png,1
5316.png,1
5317.png,1
5318.png,1
5319.png,1
5320.png,0
5321.png,0
5322.png,1
5323.png,0
5324.png,1
5325.png,0
5326.png,0
5327.png,0
5328.png,0
5329.png,0
5330.png,0
5331.png,1
5332.png,1
5333.png,1
5334.png,1
5335.png,1
5336.png,0
5337.png,1
5338.png,0
5339.png,0
5340.png,0
5341.png,1
5342.png,0
5343.png,1
5344.png,1
5345.png,1
5346.png,1
5347.png,0
5348.png,0
5349.png,1
5350.png,0
5351.png,1
5352.png,1
5353.png,0
5354.png,0
5355.png,0
5356.png,1
5357.png,0
5358.png,0
5359.png,1
5360.png,0
5361.png,1
5362.png,0
5363.png,1
5364.png,1
5365.png,1
5366.png,0
5367.png,0
5368.png,0
5369.png,1
5370.png,0
5371.png,1
5372.png,1
5373.png,1
5374.png,0
5375.png,1
5376.png,0
5377.png,1
5378.png,0
5379.png,0
5380.png,1
5381.png,1
5382.png,0
5383.png,0
5384.png,0
5385.png,1
5386.png,1
5387.png,0
5388.png,1
5389.png,1
5390.png,0
5391.png,1
5392.png,1
5393.png,0
5394.png,0
5395.png,0
5396.png,0
5397.png,1
5398.png,0
5399.png,0
5400.png,0
5401.png,0
5402.png,0
5403.png,1
5404.png,0
5405.png,0
5406.png,0
5407.png,1
5408.png,1
5409.png,0
5410.png,1
5411.png,1
5412.png,0
5413.png,0
5414.png,0
5415.png,0
5416.png,0
5417.png,0
5418.png,0
5419.png,1
5420.png,1
5421.png,1
5422.png,1
5423.png,0
5424.png,0
5425.png,0
5426.png,0
5427.png,0
5428.png,1
5429.png,0
5430.png,0
5431.png,0
5432.png,1
5433.png,0
5434.png,1
5435.png,1
5436.png,0
5437.png,1
5438.png,1
5439.png,0
5440.png,1
5441.png,1
5442.png,0
5443.png,1
5444.png,1
5445.png,0
5446.png,0
5447.png,0
5448.png,1
5449.png,0
5450.png,1
5451.png,1
5452.png,0
5453.png,1
5454.png,1
5455.png,0
5456.png,1
5457.png,1
5458.png,0
5459.png,0
5460.png,0
5461.png,0
5462.png,1
5463.png,1
5464.png,0
5465.png,1
5466.png,1
5467.png,1
5468.png,1
5469.png,1
5470.png,0
5471.png,1
5472.png,1
5473.png,0
5474.png,1
5475.png,0
5476.png,0
5477.png,0
5478.png,1
5479.png,1
5480.png,0
5481.png,1
5482.png,1
5483.png,1
5484.png,0
5485.png,1
5486.png,1
5487.png,0
5488.png,0
5489.png,1
5490.png,1
5491.png,1
5492.png,1
5493.png,0
5494.png,0
5495.png,0
5496.png,1
5497.png,0
5498.png,1
5499.png,1
5500.png,0
5501.png,0
5502.png,0
5503.png,1
5504.png,0
5505.png,1
5506.png,1
5507.png,0
5508.png,0
5509.png,0
5510.png,1
5511.png,0
5512.png,1
5513.png,1
5514.png,0
5515.png,0
5516.png,1
5517.png,0
5518.png,0
5519.png,1
5520.png,1
5521.png,0
5522.png,1
5523.png,0
5524.png,0
5525.png,0
5526.png,1
5527.png,1
5528.png,1
5529.png,1
5530.png,0
5531.png,1
5532.png,0
5533.png,1
5534.png,1
5535.png,0
5536.png,0
5537.png,1
5538.png,1
5539.png,0
5540.png,0
5541.png,0
5542.png,1
5543.png,1
5544.png,0
5545.png,0
5546.png,1
5547.png,0
5548.png,0
5549.png,0
5550.png,1
5551.png,0
5552.png,1
5553.png,0
5554.png,0
5555.png,0
5556.png,1
5557.png,0
5558.png,1
5559.png,1
5560.png,1
5561.png,1
5562.png,1
5563.png,1
5564.png,0
5565.png,1
5566.png,1
5567.png,0
5568.png,0
5569.png,0
5570.png,1
5571.png,0
5572.png,1
5573.png,0
5574.png,0
5575.png,0
5576.png,0
5577.png,1
5578.png,0
5579.png,0
5580.png,1
5581.png,0
5582.png,1
5583.png,0
5584.png,0
5585.png,0
5586.png,0
5587.png,1
5588.png,1
5589.png,0
5590.png,1
5591.png,1
5592.png,1
5593.png,1
5594.png,0
5595.png,1
5596.png,1
5597.png,1
5598.png,0
5599.png,0
5600.png,1
5601.png,1
5602.png,0
5603.png,1
5604.png,1
5605.png,1
5606.png,0
5607.png,0
5608.png,0
5609.png,0
5610.png,0
5611.png,0
5612.png,1
5613.png,0
5614.png,1
5615.png,0
5616.png,1
5617.png,0
5618.png,0
5619.png,0
5620.png,1
5621.png,0
5622.png,0
5623.png,0
5624.png,1
5625.png,1
5626.png,1
5627.png,1
5628.png,1
5629.png,0
5630.png,1
5631.png,1
5632.png,0
5633.png,0
5634.png,0
5635.png,1
5636.png,1
5637.png,1
5638.png,1
5639.png,1
5640.png,1
5641.png,1
5642.png,1
5643.png,1
5644.png,0
5645.png,1
5646.png,1
5647.png,1
5648.png,1
5649.png,0
5650.png,0
5651.png,0
5652.png,0
5653.png,0
5654.png,1
5655.png,0
5656.png,1
5657.png,0
5658.png,0
5659.png,1
5660.png,1
5661.png,1
5662.png,1
5663.png,1
5664.png,0
5665.png,1
5666.png,0
5667.png,1
5668.png,1
5669.png,0
5670.png,0
5671.png,1
5672.png,0
5673.png,1
5674.png,0
5675.png,0
5676.png,1
5677.png,0
5678.png,0
5679.png,1
5680.png,0
5681.png,0
5682.png,0
5683.png,0
5684.png,0
5685.png,0
5686.png,1
5687.png,0
5688.png,0
5689.png,0
5690.png,0
5691.png,0
5692.png,1
5693.png,0
5694.png,1
5695.png,0
5696.png,0
5697.png,1
5698.png,0
5699.png,0
5700.png,1
5701.png,1
5702.png,1
5703.png,0
5704.png,0
5705.png,1
5706.png,1
5707.png,1
5708.png,0
5709.png,1
5710.png,0
5711.png,0
5712.png,0
5713.png,0
5714.png,1
5715.png,0
5716.png,1
5717.png,0
5718.png,1
5719.png,0
5720.png,1
5721.png,1
5722.png,0
5723.png,0
5724.png,1
5725.png,1
5726.png,1
5727.png,1
5728.png,0
5729.png,1
5730.png,0
5731.png,1
5732.png,1
5733.png,1
5734.png,0
5735.png,0
5736.png,1
5737.png,1
5738.png,0
5739.png,1
5740.png,1
5741.png,0
5742.png,0
5743.png,1
5744.png,1
5745.png,0
5746.png,1
5747.png,0
5748.png,0
5749.png,0
5750.png,0
5751.png,1
5752.png,1
5753.png,1
5754.png,0
5755.png,1
5756.png,1
5757.png,1
5758.png,0
5759.png,0
5760.png,0
5761.png,0
5762.png,1
5763.png,1
5764.png,0
5765.png,1
5766.png,0
5767.png,0
5768.png,0
5769.png,0
5770.png,1
5771.png,1
5772.png,0
5773.png,1
5774.png,1
5775.png,0
5776.png,0
5777.png,0
5778.png,0
5779.png,1
5780.png,0
5781.png,0
5782.png,1
5783.png,1
5784.png,0
5785.png,0
5786.png,1
5787.png,0
5788.png,0
5789.png,0
5790.png,0
5791.png,1
5792.png,0
5793.png,1
5794.png,0
5795.png,1
5796.png,0
5797.png,1
5798.png,1
5799.png,1
5800.png,0
5801.png,1
5802.png,0
5803.png,1
5804.png,0
5805.png,1
5806.png,0
5807.png,1
5808.png,1
5809.png,0
5810.png,0
5811.png,1
5812.png,0
5813.png,0
5814.png,1
5815.png,1
5816.png,1
5817.png,1
5818.png,0
5819.png,0
5820.png,1
5821.png,1
5822.png,0
5823.png,0
5824.png,0
5825.png,0
5826.png,1
5827.png,0
5828.png,1
5829.png,1
5830.png,1
5831.png,0
5832.png,0
5833.png,0
5834.png,1
5835.png,0
5836.png,1
5837.png,0
5838.png,0
5839.png,0
5840.png,0
5841.png,1
5842.png,1
5843.png,1
5844.png,0
5845.png,1
5846.png,1
5847.png,0
5848.png,0
5849.png,0
5850.png,1
5851.png,0
5852.png,1
5853.png,0
5854.png,1
5855.png,0
5856.png,1
5857.png,1
5858.png,0
5859.png,1
5860.png,0
5861.png,1
5862.png,0
5863.png,0
5864.png,1
5865.png,0
5866.png,1
5867.png,1
5868.png,1
5869.png,0
5870.png,0
5871.png,0
5872.png,1
5873.png,0
5874.png,1
5875.png,0
5876.png,0
5877.png,0
5878.png,0
5879.png,0
5880.png,1
5881.png,1
5882.png,1
5883.png,0
5884.png,1
5885.png,0
5886.png,0
5887.png,1
5888.png,0
5889.png,0
5890.png,0
5891.png,1
5892.png,0
5893.png,0
5894.png,0
5895.png,1
5896.png,1
5897.png,0
5898.png,1
5899.png,0
5900.png,1
5901.png,1
5902.png,1
5903.png,0
5904.png,1
5905.png,0
5906.png,1
5907.png,1
5908.png,0
5909.png,0
5910.png,0
5911.png,0
5912.png,1
5913.png,0
5914.png,1
5915.png,0
5916.png,1
5917.png,1
5918.png,0
5919.png,0
5920.png,0
5921.png,0
5922.png,0
5923.png,0
5924.png,0
5925.png,0
5926.png,1
5927.png,1
5928.png,1
5929.png,0
5930.png,0
5931.png,1
5932.png,0
5933.png,1
5934.png,0
5935.png,0
5936.png,1
5937.png,0
5938.png,0
5939.png,1
5940.png,0
5941.png,0
5942.png,1
5943.png,1
5944.png,1
5945.png,1
5946.png,0
5947.png,1
5948.png,0
5949.png,1
5950.png,0
5951.png,1
5952.png,1
5953.png,1
5954.png,0
5955.png,0
5956.png,1
5957.png,0
5958.png,0
5959.png,1
5960.png,1
5961.png,0
5962.png,1
5963.png,0
5964.png,0
5965.png,1
5966.png,1
5967.png,1
5968.png,0
5969.png,1
5970.png,0
5971.png,1
5972.png,0
5973.png,1
5974.png,0
5975.png,1
5976.png,0
5977.png,0
5978.png,0
5979.png,0
5980.png,0
5981.png,0
5982.png,1
5983.png,0
5984.png,1
5985.png,1
5986.png,0
5987.png,1
5988.png,0
5989.png,1
5990.png,0
5991.png,1
5992.png,0
5993.png,1
5994.png,0
5995.png,1
5996.png,0
5997.png,0
5998.png,0
5999.png,1
6000.png,1
6001.png,1
6002.png,0
6003.png,0
6004.png,1
6005.png,0
6006.png,1
6007.png,0
6008.png,1
6009.png,0
6010.png,1
6011.png,1
6012.png,1
6013.png,0
6014.png,0
6015.png,1
6016.png,1
6017.png,0
6018.png,0
6019.png,0
6020.png,0
6021.png,1
6022.png,1
6023.png,0
6024.png,0
6025.png,1
6026.png,0
6027.png,0
6028.png,0
6029.png,1
6030.png,0
6031.png,1
6032.png,0
6033.png,0
6034.png,0
6035.png,0
6036.png,1
6037.png,0
6038.png,0
6039.png,1
6040.png,1
6041.png,0
6042.png,0
6043.png,1
6044.png,0
6045.png,1
6046.png,1
6047.png,1
6048.png,1
6049.png,1
6050.png,0
6051.png,1
6052.png,0
6053.png,1
6054.png,0
6055.png,1
6056.png,1
6057.png,0
6058.png,0
6059.png,1
6060.png,1
6061.png,1
6062.png,0
6063.png,1
6064.png,0
6065.png,0
6066.png,1
6067.png,0
6068.png,0
6069.png,1
6070.png,1
6071.png,0
6072.png,0
6073.png,1
6074.png,0
6075.png,1
6076.png,0
6077.png,1
6078.png,0
6079.png,0
6080.png,1
6081.png,1
6082.png,0
6083.png,0
6084.png,1
6085.png,1
6086.png,0
6087.png,1
6088.png,0
6089.png,0
6090.png,1
6091.png,1
6092.png,1
6093.png,1
6094.png,1
6095.png,0
6096.png,1
6097.png,1
6098.png,0
6099.png,1
6100.png,1
6101.png,1
6102.png,1
6103.png,1
6104.png,0
6105.png,0
6106.png,0
6107.png,0
6108.png,0
6109.png,1
6110.png,1
6111.png,1
6112.png,1
6113.png,1
6114.png,1
6115.png,1
6116.png,0
6117.png,1
6118.png,0
6119.png,1
6120.png,0
6121.png,1
6122.png,1
6123.png,1
6124.png,1
6125.png,0
6126.png,0
6127.png,0
6128.png,0
6129.png,1
6130.png,0
6131.png,0
6132.png,0
6133.png,1
6134.png,0
6135.png,1
6136.png,1
6137.png,1
6138.png,1
6139.png,0
6140.png,0
6141.png,1
6142.png,0
6143.png,0
6144.png,0
6145.png,0
6146.png,1
6147.png,1
6148.png,0
6149.png,0
6150.png,1
6151.png,1
6152.png,0
6153.png,0
6154.png,1
6155.png,0
6156.png,0
6157.png,1
6158.png,0
6159.png,0
6160.png,1
6161.png,0
6162.png,1
6163.png,1
6164.png,0
6165.png,0
6166.png,1
6167.png,1
6168.png,1
6169.png,0
6170.png,0
6171.png,0
6172.png,0
6173.png,0
6174.png,1
6175.png,1
6176.png,1
6177.png,1
6178.png,0
6179.png,1
6180.png,1
6181.png,1
6182.png,1
6183.png,0
6184.png,0
6185.png,0
6186.png,1
6187.png,1
6188.png,0
6189.png,0
6190.png,1
6191.png,1
6192.png,1
6193.png,0
6194.png,1
6195.png,1
6196.png,0
6197.png,1
6198.png,1
6199.png,0
6200.png,1
6201.png,0
6202.png,0
6203.png,1
6204.png,1
6205.png,0
6206.png,1
6207.png,0
6208.png,1
6209.png,0
6210.png,1
6211.png,0
6212.png,1
6213.png,0
6214.png,0
6215.png,1
6216.png,0
6217.png,0
6218.png,1
6219.png,1
6220.png,0
6221.png,1
6222.png,0
6223.png,1
6224.png,0
6225.png,0
6226.png,1
6227.png,1
6228.png,0
6229.png,0
6230.png,1
6231.png,1
6232.png,0
6233.png,0
6234.png,0
6235.png,1
6236.png,0
6237.png,0
6238.png,0
6239.png,0
6240.png,0
6241.png,1
6242.png,1
6243.png,1
6244.png,1
6245.png,0
6246.png,0
6247.png,1
6248.png,1
6249.png,1
6250.png,1
6251.png,1
6252.png,0
6253.png,0
6254.png,1
6255.png,0
6256.png,1
6257.png,0
6258.png,0
6259.png,1
6260.png,1
6261.png,0
6262.png,1
6263.png,0
6264.png,0
6265.png,0
6266.png,0
6267.png,0
6268.png,0
6269.png,0
6270.png,0
6271.png,0
6272.png,1
6273.png,1
6274.png,1
6275.png,1
6276.png,1
6277.png,1
6278.png,1
6279.png,0
6280.png,1
6281.png,0
6282.png,1
6283.png,0
6284.png,0
6285.png,1
6286.png,0
6287.png,0
6288.png,0
6289.png,0
6290.png,1
6291.png,1
6292.png,1
6293.png,0
6294.png,0
6295.png,1
6296.png,0
6297.png,1
6298.png,1
6299.png,0
6300.png,0
6301.png,1
6302.png,1
6303.png,0
6304.png,0
6305.png,1
6306.png,1
6307.png,1
6308.png,1
6309.png,0
6310.png,1
6311.png,1
6312.png,0
6313.png,1
6314.png,1
6315.png,0
6316.png,1
6317.png,0
6318.png,0
6319.png,1
6320.png,0
6321.png,0
6322.png,1
6323.png,0
6324.png,0
6325.png,1
6326.png,1
6327.png,0
6328.png,0
6329.png,0
6330.png,0
6331.png,1
6332.png,1
6333.png,1
6334.png,1
6335.png,0
6336.png,0
6337.png,0
6338.png,0
6339.png,0
6340.png,0
6341.png,0
6342.png,0
6343.png,0
6344.png,1
6345.png,1
6346.png,0
6347.png,1
6348.png,1
6349.png,0
6350.png,1
6351.png,1
6352.png,0
6353.png,1
6354.png,0
6355.png,1
6356.png,1
6357.png,1
6358.png,0
6359.png,1
6360.png,1
6361.png,0
6362.png,0
6363.png,1
6364.png,0
6365.png,0
6366.png,1
6367.png,0
6368.png,0
6369.png,1
6370.png,0
6371.png,0
6372.png,0
6373.png,1
6374.png,0
6375.png,0
6376.png,1
6377.png,0
6378.png,0
6379.png,1
6380.png,1
6381.png,0
6382.png,0
6383.png,0
6384.png,1
6385.png,1
6386.png,0
6387.png,0
6388.png,1
6389.png,0
6390.png,0
6391.png,1
6392.png,0
6393.png,0
6394.png,0
6395.png,0
6396.png,1
6397.png,0
6398.png,1
6399.png,0
6400.png,0
6401.png,1
6402.png,1
6403.png,0
6404.png,0
6405.png,0
6406.png,1
6407.png,1
6408.png,1
6409.png,0
6410.png,1
6411.png,1
6412.png,1
6413.png,1
6414.png,0
6415.png,1
6416.png,0
6417.png,1
6418.png,1
6419.png,1
6420.png,1
6421.png,1
6422.png,1
6423.png,0
6424.png,0
6425.png,0
6426.png,0
6427.png,0
6428.png,1
6429.png,0
6430.png,1
6431.png,0
6432.png,1
6433.png,0
6434.png,1
6435.png,0
6436.png,0
6437.png,1
6438.png,0
6439.png,1
6440.png,0
6441.png,1
6442.png,1
6443.png,1
6444.png,1
6445.png,0
6446.png,0
6447.png,1
6448.png,0
6449.png,0
6450.png,1
6451.png,1
6452.png,0
6453.png,1
6454.png,1
6455.png,0
6456.png,0
6457.png,0
6458.png,1
6459.png,1
6460.png,1
6461.png,1
6462.png,0
6463.png,0
6464.png,1
6465.png,1
6466.png,1
6467.png,1
6468.png,1
6469.png,1
6470.png,0
6471.png,1
6472.png,1
6473.png,0
6474.png,1
6475.png,1
6476.png,0
6477.png,0
6478.png,0
6479.png,0
6480.png,0
6481.png,1
6482.png,0
6483.png,1
6484.png,1
6485.png,1
6486.png,1
6487.png,1
6488.png,0
6489.png,0
6490.png,0
6491.png,1
6492.png,0
6493.png,1
6494.png,0
6495.png,1
6496.png,1
6497.png,0
6498.png,1
6499.png,1
6500.png,0
6501.png,1
6502.png,1
6503.png,0
6504.png,1
6505.png,1
6506.png,0
6507.png,1
6508.png,0
6509.png,1
6510.png,0
6511.png,1
6512.png,0
6513.png,0
6514.png,1
6515.png,0
6516.png,1
6517.png,0
6518.png,1
6519.png,0
6520.png,0
6521.png,0
6522.png,1
6523.png,1
6524.png,0
6525.png,0
6526.png,1
6527.png,0
6528.png,0
6529.png,0
6530.png,1
6531.png,0
6532.png,0
6533.png,0
6534.png,1
6535.png,1
6536.png,0
6537.png,0
6538.png,1
6539.png,1
6540.png,0
6541.png,0
6542.png,1
6543.png,0
6544.png,0
6545.png,0
6546.png,0
6547.png,1
6548.png,0
6549.png,1
6550.png,1
6551.png,1
6552.png,0
6553.png,1
6554.png,1
6555.png,0
6556.png,1
6557.png,0
6558.png,0
6559.png,0
6560.png,1
6561.png,0
6562.png,0
6563.png,1
6564.png,0
6565.png,0
6566.png,0
6567.png,1
6568.png,0
6569.png,0
6570.png,0
6571.png,0
6572.png,0
6573.png,0
6574.png,1
6575.png,1
6576.png,0
6577.png,1
6578.png,1
6579.png,0
6580.png,0
6581.png,1
6582.png,1
6583.png,1
6584.png,0
6585.png,0
6586.png,1
6587.png,0
6588.png,1
6589.png,1
6590.png,0
6591.png,0
6592.png,0
6593.png,0
6594.png,0
6595.png,0
6596.png,1
6597.png,1
6598.png,1
6599.png,0
6600.png,1
6601.png,0
6602.png,1
6603.png,1
6604.png,0
6605.png,1
6606.png,0
6607.png,0
6608.png,0
6609.png,1
6610.png,0
6611.png,1
6612.png,0
6613.png,0
6614.png,1
6615.png,1
6616.png,0
6617.png,0
6618.png,0
6619.png,0
6620.png,1
6621.png,1
6622.png,0
6623.png,0
6624.png,1
6625.png,0
6626.png,0
6627.png,1
6628.png,1
6629.png,0
6630.png,1
6631.png,0
6632.png,1
6633.png,0
6634.png,0
6635.png,0
6636.png,0
6637.png,0
6638.png,0
6639.png,0
6640.png,1
6641.png,0
6642.png,0
6643.png,0
6644.png,0
6645.png,1
6646.png,1
6647.png,1
6648.png,1
6649.png,1
6650.png,1
6651.png,1
6652.png,1
6653.png,0
6654.png,1
6655.png,1
6656.png,0
6657.png,1
6658.png,0
6659.png,0
6660.png,1
6661.png,1
6662.png,1
6663.png,0
6664.png,1
6665.png,0
6666.png,0
6667.png,1
6668.png,1
6669.png,0
6670.png,0
6671.png,1
6672.png,1
6673.png,0
6674.png,1
6675.png,1
6676.png,1
6677.png,0
6678.png,1
6679.png,0
6680.png,1
6681.png,1
6682.png,0
6683.png,1
6684.png,0
6685.png,0
6686.png,0
6687.png,1
6688.png,0
6689.png,0
6690.png,0
6691.png,1
6692.png,0
6693.png,0
6694.png,1
6695.png,0
6696.png,1
6697.png,1
6698.png,1
6699.png,0
6700.png,1
6701.png,0
6702.png,1
6703.png,1
6704.png,0
6705.png,0
6706.png,0
6707.png,0
6708.png,0
6709.png,0
6710.png,0
6711.png,1
6712.png,0
6713.png,0
6714.png,0
6715.png,0
6716.png,0
6717.png,1
6718.png,0
6719.png,1
6720.png,0
6721.png,0
6722.png,0
6723.png,0
6724.png,1
6725.png,0
6726.png,1
6727.png,0
6728.png,1
6729.png,0
6730.png,0
6731.png,1
6732.png,1
6733.png,1
6734.png,1
6735.png,1
6736.png,1
6737.png,0
6738.png,0
6739.png,0
6740.png,0
6741.png,0
6742.png,1
6743.png,1
6744.png,1
6745.png,0
6746.png,1
6747.png,0
6748.png,1
6749.png,1
6750.png,1
6751.png,0
6752.png,1
6753.png,0
6754.png,1
6755.png,1
6756.png,1
6757.png,0
6758.png,0
6759.png,0
6760.png,1
6761.png,0
6762.png,0
6763.png,1
6764.png,1
6765.png,0
6766.png,0
6767.png,0
6768.png,1
6769.png,0
6770.png,0
6771.png,1
6772.png,1
6773.png,1
6774.png,0
6775.png,1
6776.png,1
6777.png,1
6778.png,0
6779.png,1
6780.png,1
6781.png,0
6782.png,0
6783.png,1
6784.png,1
6785.png,0
6786.png,0
6787.png,1
6788.png,1
6789.png,0
6790.png,1
6791.png,0
6792.png,1
6793.png,1
6794.png,0
6795.png,1
6796.png,0
6797.png,1
6798.png,0
6799.png,0
6800.png,0
6801.png,0
6802.png,1
6803.png,1
6804.png,0
6805.png,0
6806.png,0
6807.png,1
6808.png,1
6809.png,0
6810.png,0
6811.png,1
6812.png,0
6813.png,1
6814.png,1
6815.png,1
6816.png,0
6817.png,0
6818.png,0
6819.png,1
6820.png,0
6821.png,0
6822.png,0
6823.png,1
6824.png,1
6825.png,1
6826.png,0
6827.png,1
6828.png,0
6829.png,1
6830.png,0
6831.png,0
6832.png,0
6833.png,1
6834.png,0
6835.png,0
6836.png,1
6837.png,0
6838.png,0
6839.png,0
6840.png,1
6841.png,1
6842.png,1
6843.png,1
6844.png,1
6845.png,0
6846.png,1
6847.png,0
6848.png,1
6849.png,1
6850.png,1
6851.png,0
6852.png,0
6853.png,0
6854.png,1
6855.png,0
6856.png,0
6857.png,1
6858.png,1
6859.png,0
6860.png,1
6861.png,0
6862.png,1
6863.png,1
6864.png,0
6865.png,1
6866.png,0
6867.png,1
6868.png,0
6869.png,0
6870.png,1
6871.png,1
6872.png,0
6873.png,1
6874.png,0
6875.png,0
6876.png,1
6877.png,1
6878.png,0
6879.png,1
6880.png,0
6881.png,1
6882.png,1
6883.png,0
6884.png,1
6885.png,0
6886.png,1
6887.png,0
6888.png,1
6889.png,1
6890.png,0
6891.png,0
6892.png,1
6893.png,1
6894.png,1
6895.png,0
6896.png,1
6897.png,1
6898.png,0
6899.png,0
6900.png,0
6901.png,1
6902.png,0
6903.png,0
6904.png,1
6905.png,0
6906.png,1
6907.png,0
6908.png,1
6909.png,1
6910.png,0
6911.png,0
6912.png,1
6913.png,1
6914.png,1
6915.png,0
6916.png,1
6917.png,0
6918.png,0
6919.png,0
6920.png,0
6921.png,1
6922.png,1
6923.png,0
6924.png,1
6925.png,0
6926.png,1
6927.png,1
6928.png,0
6929.png,1
6930.png,1
6931.png,1
6932.png,0
6933.png,1
6934.png,0
6935.png,0
6936.png,1
6937.png,1
6938.png,0
6939.png,0
6940.png,0
6941.png,0
6942.png,0
6943.png,0
6944.png,0
6945.png,1
6946.png,0
6947.png,0
6948.png,0
6949.png,1
6950.png,1
6951.png,1
6952.png,0
6953.png,1
6954.png,0
6955.png,0
6956.png,0
6957.png,0
6958.png,1
6959.png,0
6960.png,0
6961.png,1
6962.png,1
6963.png,0
6964.png,1
6965.png,1
6966.png,0
6967.png,1
6968.png,0
6969.png,0
6970.png,0
6971.png,0
6972.png,0
6973.png,0
6974.png,1
6975.png,0
6976.png,0
6977.png,0
6978.png,1
6979.png,0
6980.png,1
6981.png,1
6982.png,0
6983.png,0
6984.png,0
6985.png,0
6986.png,0
6987.png,0
6988.png,1
6989.png,0
6990.png,0
6991.png,1
6992.png,0
6993.png,0
6994.png,0
6995.png,1
6996.png,1
6997.png,0
6998.png,1
6999.png,1
7000.png,1
7001.png,0
7002.png,1
7003.png,1
7004.png,0
7005.png,1
7006.png,1
7007.png,0
7008.png,1
7009.png,0
7010.png,0
7011.png,0
7012.png,0
7013.png,1
7014.png,0
7015.png,1
7016.png,1
7017.png,1
7018.png,1
7019.png,1
7020.png,1
7021.png,1
7022.png,0
7023.png,0
7024.png,1
7025.png,1
7026.png,0
7027.png,1
7028.png,0
7029.png,0
7030.png,1
7031.png,0
7032.png,0
7033.png,1
7034.png,0
7035.png,0
7036.png,1
7037.png,0
7038.png,0
7039.png,1
7040.png,0
7041.png,1
7042.png,1
7043.png,1
7044.png,0
7045.png,1
7046.png,1
7047.png,1
7048.png,0
7049.png,0
7050.png,1
7051.png,0
7052.png,1
7053.png,0
7054.png,1
7055.png,0
7056.png,1
7057.png,0
7058.png,1
7059.png,0
7060.png,1
7061.png,1
7062.png,1
7063.png,1
7064.png,1
7065.png,0
7066.png,0
7067.png,0
7068.png,0
7069.png,0
7070.png,0
7071.png,0
7072.png,0
7073.png,0
7074.png,1
7075.png,0
7076.png,0
7077.png,0
7078.png,1
7079.png,0
7080.png,0
7081.png,1
7082.png,1
7083.png,1
7084.png,1
7085.png,0
7086.png,0
7087.png,0
7088.png,0
7089.png,1
7090.png,0
7091.png,0
7092.png,0
7093.png,0
7094.png,1
7095.png,1
7096.png,1
7097.png,0
7098.png,1
7099.png,1
7100.png,0
7101.png,0
7102.png,1
7103.png,1
7104.png,0
7105.png,1
7106.png,1
7107.png,0
7108.png,0
7109.png,1
7110.png,1
7111.png,1
7112.png,1
7113.png,0
7114.png,0
7115.png,0
7116.png,1
7117.png,0
7118.png,1
7119.png,1
7120.png,0
7121.png,0
7122.png,0
7123.png,1
7124.png,1
7125.png,0
7126.png,0
7127.png,0
7128.png,1
7129.png,0
7130.png,0
7131.png,0
7132.png,1
7133.png,1
7134.png,0
7135.png,0
7136.png,1
7137.png,1
7138.png,1
7139.png,0
7140.png,0
7141.png,0
7142.png,1
7143.png,1
7144.png,1
7145.png,0
7146.png,0
7147.png,0
7148.png,1
7149.png,0
7150.png,1
7151.png,0
7152.png,1
7153.png,1
7154.png,0
7155.png,0
7156.png,0
7157.png,0
7158.png,0
7159.png,1
7160.png,0
7161.png,1
7162.png,1
7163.png,1
7164.png,0
7165.png,0
7166.png,0
7167.png,1
7168.png,1
7169.png,1
7170.png,0
7171.png,0
7172.png,0
7173.png,1
7174.png,0
7175.png,1
7176.png,0
7177.png,1
7178.png,0
7179.png,0
7180.png,1
7181.png,1
7182.png,0
7183.png,0
7184.png,1
7185.png,1
7186.png,1
7187.png,1
7188.png,0
7189.png,1
7190.png,0
7191.png,1
7192.png,1
7193.png,0
7194.png,0
7195.png,0
7196.png,0
7197.png,0
7198.png,0
7199.png,1
7200.png,1
7201.png,0
7202.png,0
7203.png,1
7204.png,1
7205.png,0
7206.png,1
7207.png,0
7208.png,0
7209.png,0
7210.png,0
7211.png,0
7212.png,0
7213.png,0
7214.png,1
7215.png,0
7216.png,0
7217.png,0
7218.png,1
7219.png,0
7220.png,0
7221.png,0
7222.png,1
7223.png,1
7224.png,1
7225.png,0
7226.png,1
7227.png,1
7228.png,0
7229.png,0
7230.png,1
7231.png,0
7232.png,1
7233.png,1
7234.png,1
7235.png,0
7236.png,0
7237.png,1
7238.png,1
7239.png,0
7240.png,1
7241.png,0
7242.png,1
7243.png,0
7244.png,1
7245.png,1
7246.png,0
7247.png,1
7248.png,1
7249.png,1
7250.png,0
7251.png,0
7252.png,1
7253.png,0
7254.png,0
7255.png,1
7256.png,1
7257.png,1
7258.png,0
7259.png,0
7260.png,1
7261.png,1
7262.png,0
7263.png,1
7264.png,1
7265.png,1
7266.png,0
7267.png,1
7268.png,1
7269.png,0
7270.png,1
7271.png,1
7272.png,0
7273.png,0
7274.png,0
7275.png,0
7276.png,1
7277.png,1
7278.png,0
7279.png,0
7280.png,1
7281.png,1
7282.png,1
7283.png,1
7284.png,0
7285.png,1
7286.png,1
7287.png,0
7288.png,0
7289.png,1
7290.png,0
7291.png,1
7292.png,0
7293.png,1
7294.png,1
7295.png,0
7296.png,0
7297.png,1
7298.png,1
7299.png,1
7300.png,1
7301.png,1
7302.png,0
7303.png,0
7304.png,0
7305.png,0
7306.png,0
7307.png,0
7308.png,0
7309.png,1
7310.png,0
7311.png,1
7312.png,0
7313.png,0
7314.png,1
7315.png,1
7316.png,0
7317.png,0
7318.png,0
7319.png,0
7320.png,1
7321.png,1
7322.png,1
7323.png,0
7324.png,1
7325.png,1
7326.png,0
7327.png,0
7328.png,0
7329.png,0
7330.png,0
7331.png,1
7332.png,0
7333.png,1
7334.png,0
7335.png,1
7336.png,1
7337.png,0
7338.png,0
7339.png,1
7340.png,0
7341.png,0
7342.png,0
7343.png,1
7344.png,0
7345.png,0
7346.png,1
7347.png,1
7348.png,0
7349.png,0
7350.png,0
7351.png,0
7352.png,0
7353.png,0
7354.png,1
7355.png,1
7356.png,1
7357.png,0
7358.png,0
7359.png,0
7360.png,0
7361.png,1
7362.png,1
7363.png,0
7364.png,1
7365.png,1
7366.png,1
7367.png,1
7368.png,1
7369.png,1
7370.png,1
7371.png,1
7372.png,0
7373.png,1
7374.png,0
7375.png,1
7376.png,0
7377.png,1
7378.png,1
7379.png,0
7380.png,1
7381.png,0
7382.png,1
7383.png,0
7384.png,1
7385.png,1
7386.png,0
7387.png,0
7388.png,0
7389.png,1
7390.png,0
7391.png,0
7392.png,0
7393.png,1
7394.png,1
7395.png,1
7396.png,0
7397.png,1
7398.png,1
7399.png,1
7400.png,0
7401.png,0
7402.png,1
7403.png,1
7404.png,1
7405.png,0
7406.png,1
7407.png,1
7408.png,0
7409.png,1
7410.png,1
7411.png,0
7412.png,1
7413.png,1
7414.png,0
7415.png,0
7416.png,0
7417.png,0
7418.png,0
7419.png,0
7420.png,1
7421.png,1
7422.png,0
7423.png,1
7424.png,1
7425.png,0
7426.png,1
7427.png,1
7428.png,1
7429.png,0
7430.png,1
7431.png,1
7432.png,1
7433.png,1
7434.png,0
7435.png,1
7436.png,1
7437.png,0
7438.png,0
7439.png,0
7440.png,0
7441.png,1
7442.png,1
7443.png,1
7444.png,1
7445.png,1
7446.png,1
7447.png,1
7448.png,0
7449.png,1
7450.png,1
7451.png,1
7452.png,0
7453.png,0
7454.png,1
7455.png,0
7456.png,1
7457.png,0
7458.png,1
7459.png,0
7460.png,0
7461.png,1
7462.png,1
7463.png,1
7464.png,1
7465.png,1
7466.png,0
7467.png,0
7468.png,0
7469.png,1
7470.png,1
7471.png,0
7472.png,0
7473.png,0
7474.png,0
7475.png,0
7476.png,0
7477.png,1
7478.png,1
7479.png,1
7480.png,1
7481.png,1
7482.png,0
7483.png,0
7484.png,0
7485.png,1
7486.png,0
7487.png,1
7488.png,1
7489.png,0
7490.png,1
7491.png,0
7492.png,1
7493.png,1
7494.png,0
7495.png,1
7496.png,0
7497.png,1
7498.png,0
7499.png,1
7500.png,1
7501.png,1
7502.png,1
7503.png,1
7504.png,0
7505.png,1
7506.png,1
7507.png,1
7508.png,0
7509.png,1
7510.png,1
7511.png,0
7512.png,1
7513.png,0
7514.png,1
7515.png,0
7516.png,1
7517.png,0
7518.png,0
7519.png,0
7520.png,0
7521.png,0
7522.png,0
7523.png,1
7524.png,1
7525.png,1
7526.png,1
7527.png,0
7528.png,0
7529.png,1
7530.png,0
7531.png,1
7532.png,0
7533.png,0
7534.png,0
7535.png,1
7536.png,1
7537.png,1
7538.png,0
7539.png,0
7540.png,0
7541.png,0
7542.png,1
7543.png,0
7544.png,0
7545.png,0
7546.png,0
7547.png,1
7548.png,0
7549.png,0
7550.png,1
7551.png,0
7552.png,0
7553.png,1
7554.png,0
7555.png,0
7556.png,0
7557.png,1
7558.png,0
7559.png,0
7560.png,1
7561.png,0
7562.png,1
7563.png,0
7564.png,1
7565.png,1
7566.png,1
7567.png,1
7568.png,1
7569.png,1
7570.png,1
7571.png,1
7572.png,0
7573.png,0
7574.png,1
7575.png,0
7576.png,0
7577.png,1
7578.png,0
7579.png,0
7580.png,0
7581.png,1
7582.png,0
7583.png,0
7584.png,0
7585.png,0
7586.png,0
7587.png,0
7588.png,1
7589.png,0
7590.png,1
7591.png,1
7592.png,0
7593.png,0
7594.png,0
7595.png,1
7596.png,0
7597.png,0
7598.png,0
7599.png,0
7600.png,1
7601.png,0
7602.png,1
7603.png,1
7604.png,1
7605.png,1
7606.png,0
7607.png,1
7608.png,0
7609.png,1
7610.png,1
7611.png,0
7612.png,0
7613.png,1
7614.png,0
7615.png,0
7616.png,0
7617.png,1
7618.png,1
7619.png,1
7620.png,0
7621.png,0
7622.png,0
7623.png,1
7624.png,1
7625.png,0
7626.png,0
7627.png,0
7628.png,0
7629.png,1
7630.png,1
7631.png,1
7632.png,1
7633.png,1
7634.png,0
7635.png,0
7636.png,0
7637.png,0
7638.png,0
7639.png,0
7640.png,0
7641.png,1
7642.png,1
7643.png,1
7644.png,0
7645.png,0
7646.png,0
7647.png,1
7648.png,0
7649.png,1
7650.png,0
7651.png,0
7652.png,0
7653.png,0
7654.png,0
7655.png,1
7656.png,0
7657.png,0
7658.png,0
7659.png,1
7660.png,1
7661.png,1
7662.png,1
7663.png,0
7664.png,1
7665.png,0
7666.png,1
7667.png,1
7668.png,1
7669.png,0
7670.png,0
7671.png,0
7672.png,1
7673.png,0
7674.png,1
7675.png,1
7676.png,1
7677.png,0
7678.png,1
7679.png,1
7680.png,0
7681.png,1
7682.png,0
7683.png,0
7684.png,0
7685.png,0
7686.png,1
7687.png,1
7688.png,0
7689.png,0
7690.png,0
7691.png,0
7692.png,1
7693.png,1
7694.png,1
7695.png,1
7696.png,0
7697.png,0
7698.png,1
7699.png,0
7700.png,0
7701.png,1
7702.png,0
7703.png,0
7704.png,0
7705.png,1
7706.png,0
7707.png,0
7708.png,0
7709.png,0
7710.png,0
7711.png,0
7712.png,1
7713.png,0
7714.png,0
7715.png,0
7716.png,1
7717.png,0
7718.png,0
7719.png,1
7720.png,0
7721.png,1
7722.png,1
7723.png,1
7724.png,0
7725.png,1
7726.png,0
7727.png,1
7728.png,1
7729.png,0
7730.png,1
7731.png,1
7732.png,0
7733.png,1
7734.png,0
7735.png,0
7736.png,0
7737.png,1
7738.png,0
7739.png,0
7740.png,0
7741.png,0
7742.png,1
7743.png,1
7744.png,0
7745.png,1
7746.png,0
7747.png,1
7748.png,0
7749.png,1
7750.png,1
7751.png,0
7752.png,0
7753.png,0
7754.png,1
7755.png,1
7756.png,0
7757.png,0
7758.png,1
7759.png,0
7760.png,1
7761.png,1
7762.png,1
7763.png,0
7764.png,0
7765.png,0
7766.png,0
7767.png,0
7768.png,0
7769.png,1
7770.png,0
7771.png,0
7772.png,1
7773.png,1
7774.png,0
7775.png,0
7776.png,0
7777.png,1
7778.png,1
7779.png,0
7780.png,1
7781.png,1
7782.png,0
7783.png,0
7784.png,0
7785.png,0
7786.png,1
7787.png,1
7788.png,0
7789.png,1
7790.png,1
7791.png,1
7792.png,0
7793.png,0
7794.png,0
7795.png,0
7796.png,0
7797.png,1
7798.png,1
7799.png,1
7800.png,1
7801.png,0
7802.png,1
7803.png,0
7804.png,0
7805.png,0
7806.png,1
7807.png,1
7808.png,0
7809.png,0
7810.png,0
7811.png,0
7812.png,1
7813.png,0
7814.png,0
7815.png,1
7816.png,1
7817.png,1
7818.png,0
7819.png,1
7820.png,1
7821.png,0
7822.png,1
7823.png,0
7824.png,0
7825.png,1
7826.png,1
7827.png,0
7828.png,1
7829.png,0
7830.png,1
7831.png,1
7832.png,0
7833.png,1
7834.png,1
7835.png,0
7836.png,0
7837.png,0
7838.png,1
7839.png,1
7840.png,0
7841.png,1
7842.png,1
7843.png,1
7844.png,0
7845.png,1
7846.png,0
7847.png,0
7848.png,1
7849.png,0
7850.png,0
7851.png,0
7852.png,0
7853.png,1
7854.png,0
7855.png,0
7856.png,0
7857.png,0
7858.png,1
7859.png,1
7860.png,1
7861.png,1
7862.png,0
7863.png,1
7864.png,1
7865.png,0
7866.png,0
7867.png,0
7868.png,1
7869.png,1
7870.png,0
7871.png,0
7872.png,0
7873.png,0
7874.png,0
7875.png,0
7876.png,1
7877.png,0
7878.png,1
7879.png,0
7880.png,0
7881.png,0
7882.png,1
7883.png,0
7884.png,1
7885.png,0
7886.png,1
7887.png,0
7888.png,1
7889.png,0
7890.png,1
7891.png,0
7892.png,1
7893.png,0
7894.png,1
7895.png,0
7896.png,1
7897.png,1
7898.png,0
7899.png,1
7900.png,0
7901.png,0
7902.png,0
7903.png,1
7904.png,0
7905.png,1
7906.png,0
7907.png,1
7908.png,0
7909.png,0
7910.png,1
7911.png,1
7912.png,1
7913.png,1
7914.png,1
7915.png,0
7916.png,1
7917.png,1
7918.png,0
7919.png,0
7920.png,0
7921.png,0
7922.png,1
7923.png,0
7924.png,1
7925.png,0
7926.png,0
7927.png,0
7928.png,1
7929.png,0
7930.png,1
7931.png,1
7932.png,0
7933.png,0
7934.png,1
7935.png,1
7936.png,0
7937.png,1
7938.png,1
7939.png,1
7940.png,0
7941.png,1
7942.png,0
7943.png,0
7944.png,1
7945.png,1
7946.png,0
7947.png,1
7948.png,1
7949.png,1
7950.png,1
7951.png,1
7952.png,0
7953.png,0
7954.png,0
7955.png,1
7956.png,0
7957.png,1
7958.png,1
7959.png,1
7960.png,0
7961.png,0
7962.png,0
7963.png,0
7964.png,0
7965.png,0
7966.png,0
7967.png,1
7968.png,1
7969.png,0
7970.png,0
7971.png,1
7972.png,1
7973.png,0
7974.png,0
7975.png,1
7976.png,0
7977.png,0
7978.png,1
7979.png,1
7980.png,0
7981.png,0
7982.png,0
7983.png,1
7984.png,0
7985.png,0
7986.png,0
7987.png,1
7988.png,0
7989.png,1
7990.png,1
7991.png,1
7992.png,0
7993.png,1
7994.png,1
7995.png,0
7996.png,0
7997.png,1
7998.png,1
7999.png,0
8000.png,1
8001.png,0
8002.png,1
8003.png,1
8004.png,1
8005.png,0
8006.png,0
8007.png,0
8008.png,0
8009.png,1
8010.png,1
8011.png,0
8012.png,1
8013.png,1
8014.png,1
8015.png,1
8016.png,0
8017.png,1
8018.png,1
8019.png,1
8020.png,1
8021.png,1
8022.png,0
8023.png,1
8024.png,1
8025.png,1
8026.png,0
8027.png,0
8028.png,0
8029.png,0
8030.png,1
8031.png,0
8032.png,1
8033.png,1
8034.png,1
8035.png,0
8036.png,0
8037.png,0
8038.png,0
8039.png,1
8040.png,0
8041.png,0
8042.png,1
8043.png,0
8044.png,0
8045.png,0
8046.png,1
8047.png,0
8048.png,0
8049.png,0
8050.png,1
8051.png,1
8052.png,1
8053.png,0
8054.png,1
8055.png,1
8056.png,0
8057.png,1
8058.png,0
8059.png,1
8060.png,1
8061.png,0
8062.png,1
8063.png,0
8064.png,1
8065.png,1
8066.png,0
8067.png,1
8068.png,0
8069.png,1
8070.png,1
8071.png,1
8072.png,1
8073.png,1
8074.png,0
8075.png,1
8076.png,1
8077.png,0
8078.png,0
8079.png,1
8080.png,1
8081.png,1
8082.png,0
8083.png,1
8084.png,0
8085.png,1
8086.png,0
8087.png,0
8088.png,0
8089.png,1
8090.png,1
8091.png,1
8092.png,1
8093.png,1
8094.png,0
8095.png,1
8096.png,0
8097.png,0
8098.png,0
8099.png,0
8100.png,0
8101.png,0
8102.png,0
8103.png,0
8104.png,0
8105.png,0
8106.png,0
8107.png,0
8108.png,0
8109.png,0
8110.png,0
8111.png,1
8112.png,1
8113.png,0
8114.png,1
8115.png,0
8116.png,0
8117.png,0
8118.png,0
8119.png,1
8120.png,0
8121.png,1
8122.png,0
8123.png,1
8124.png,0
8125.png,1
8126.png,0
8127.png,0
8128.png,1
8129.png,0
8130.png,0
8131.png,1
8132.png,1
8133.png,1
8134.png,1
8135.png,0
8136.png,0
8137.png,0
8138.png,1
8139.png,1
8140.png,0
8141.png,0
8142.png,0
8143.png,0
8144.png,1
8145.png,0
8146.png,1
8147.png,0
8148.png,0
8149.png,1
8150.png,1
8151.png,0
8152.png,1
8153.png,1
8154.png,1
8155.png,0
8156.png,0
8157.png,0
8158.png,0
8159.png,0
8160.png,0
8161.png,0
8162.png,0
8163.png,0
8164.png,0
8165.png,1
8166.png,1
8167.png,0
8168.png,1
8169.png,0
8170.png,1
8171.png,1
8172.png,1
8173.png,0
8174.png,1
8175.png,0
8176.png,0
8177.png,1
8178.png,0
8179.png,1
8180.png,1
8181.png,1
8182.png,1
8183.png,1
8184.png,1
8185.png,1
8186.png,1
8187.png,0
8188.png,0
8189.png,1
8190.png,1
8191.png,0
8192.png,1
8193.png,1
8194.png,1
8195.png,1
8196.png,0
8197.png,1
8198.png,0
8199.png,1
8200.png,0
8201.png,1
8202.png,0
8203.png,1
8204.png,0
8205.png,1
8206.png,1
8207.png,1
8208.png,0
8209.png,1
8210.png,1
8211.png,0
8212.png,0
8213.png,0
8214.png,0
8215.png,0
8216.png,0
8217.png,1
8218.png,1
8219.png,1
8220.png,0
8221.png,1
8222.png,0
8223.png,0
8224.png,0
8225.png,1
8226.png,0
8227.png,1
8228.png,0
8229.png,0
8230.png,0
8231.png,1
8232.png,0
8233.png,0
8234.png,0
8235.png,0
8236.png,0
8237.png,0
8238.png,1
8239.png,0
8240.png,1
8241.png,0
8242.png,0
8243.png,0
8244.png,0
8245.png,0
8246.png,1
8247.png,1
8248.png,0
8249.png,0
8250.png,0
8251.png,0
8252.png,0
8253.png,1
8254.png,1
8255.png,0
8256.png,0
8257.png,0
8258.png,1
8259.png,1
8260.png,0
8261.png,0
8262.png,1
8263.png,0
8264.png,1
8265.png,1
8266.png,1
8267.png,1
8268.png,1
8269.png,1
8270.png,0
8271.png,1
8272.png,1
8273.png,0
8274.png,1
8275.png,0
8276.png,1
8277.png,1
8278.png,1
8279.png,0
8280.png,1
8281.png,1
8282.png,1
8283.png,0
8284.png,1
8285.png,1
8286.png,0
8287.png,1
8288.png,0
8289.png,1
8290.png,0
8291.png,1
8292.png,1
8293.png,0
8294.png,1
8295.png,1
8296.png,1
8297.png,1
8298.png,1
8299.png,1
8300.png,0
8301.png,0
8302.png,0
8303.png,1
8304.png,0
8305.png,0
8306.png,0
8307.png,1
8308.png,0
8309.png,0
8310.png,0
8311.png,1
8312.png,0
8313.png,1
8314.png,0
8315.png,0
8316.png,0
8317.png,1
8318.png,0
8319.png,1
8320.png,1
8321.png,0
8322.png,0
8323.png,0
8324.png,0
8325.png,0
8326.png,1
8327.png,1
8328.png,1
8329.png,0
8330.png,1
8331.png,1
8332.png,0
8333.png,0
8334.png,0
8335.png,1
8336.png,1
8337.png,0
8338.png,1
8339.png,0
8340.png,0
8341.png,1
8342.png,1
8343.png,1
8344.png,1
8345.png,0
8346.png,0
8347.png,0
8348.png,0
8349.png,1
8350.png,1
8351.png,1
8352.png,0
8353.png,0
8354.png,1
8355.png,1
8356.png,0
8357.png,0
8358.png,0
8359.png,1
8360.png,0
8361.png,0
8362.png,0
8363.png,0
8364.png,1
8365.png,0
8366.png,0
8367.png,0
8368.png,1
8369.png,0
8370.png,1
8371.png,1
8372.png,1
8373.png,0
8374.png,0
8375.png,1
8376.png,0
8377.png,0
8378.png,0
8379.png,1
8380.png,1
8381.png,0
8382.png,0
8383.png,0
8384.png,0
8385.png,1
8386.png,0
8387.png,1
8388.png,0
8389.png,1
8390.png,1
8391.png,1
8392.png,0
8393.png,0
8394.png,1
8395.png,1
8396.png,0
8397.png,1
8398.png,0
8399.png,1
8400.png,1
8401.png,1
8402.png,1
8403.png,1
8404.png,0
8405.png,1
8406.png,0
8407.png,0
8408.png,1
8409.png,0
8410.png,1
8411.png,0
8412.png,1
8413.png,1
8414.png,1
8415.png,1
8416.png,1
8417.png,0
8418.png,1
8419.png,1
8420.png,0
8421.png,0
8422.png,1
8423.png,1
8424.png,1
8425.png,1
8426.png,0
8427.png,1
8428.png,0
8429.png,1
8430.png,1
8431.png,0
8432.png,0
8433.png,0
8434.png,0
8435.png,0
8436.png,1
8437.png,0
8438.png,0
8439.png,1
8440.png,1
8441.png,0
8442.png,0
8443.png,0
8444.png,1
8445.png,1
8446.png,1
8447.png,0
8448.png,0
8449.png,1
8450.png,0
8451.png,1
8452.png,0
8453.png,1
8454.png,0
8455.png,1
8456.png,1
8457.png,1
8458.png,1
8459.png,1
8460.png,1
8461.png,0
8462.png,0
8463.png,1
8464.png,0
8465.png,1
8466.png,0
8467.png,1
8468.png,1
8469.png,0
8470.png,1
8471.png,1
8472.png,0
8473.png,0
8474.png,0
8475.png,0
8476.png,1
8477.png,1
8478.png,1
8479.png,1
8480.png,0
8481.png,1
8482.png,1
8483.png,1
8484.png,1
8485.png,1
8486.png,1
8487.png,0
8488.png,1
8489.png,1
8490.png,0
8491.png,0
8492.png,1
8493.png,1
8494.png,1
8495.png,1
8496.png,1
8497.png,1
8498.png,0
8499.png,0
8500.png,1
8501.png,0
8502.png,1
8503.png,1
8504.png,1
8505.png,1
8506.png,0
8507.png,0
8508.png,1
8509.png,0
8510.png,1
8511.png,0
8512.png,1
8513.png,0
8514.png,1
8515.png,0
8516.png,1
8517.png,0
8518.png,1
8519.png,1
8520.png,0
8521.png,0
8522.png,1
8523.png,0
8524.png,1
8525.png,1
8526.png,1
8527.png,1
8528.png,1
8529.png,0
8530.png,0
8531.png,1
8532.png,0
8533.png,0
8534.png,1
8535.png,0
8536.png,1
8537.png,0
8538.png,0
8539.png,1
8540.png,1
8541.png,1
8542.png,0
8543.png,1
8544.png,0
8545.png,1
8546.png,1
8547.png,1
8548.png,1
8549.png,0
8550.png,0
8551.png,1
8552.png,1
8553.png,0
8554.png,1
8555.png,0
8556.png,1
8557.png,1
8558.png,1
8559.png,0
8560.png,1
8561.png,0
8562.png,0
8563.png,0
8564.png,0
8565.png,1
8566.png,1
8567.png,0
8568.png,1
8569.png,1
8570.png,0
8571.png,1
8572.png,1
8573.png,0
8574.png,1
8575.png,1
8576.png,1
8577.png,1
8578.png,0
8579.png,0
8580.png,0
8581.png,1
8582.png,1
8583.png,1
8584.png,1
8585.png,0
8586.png,1
8587.png,1
8588.png,1
8589.png,1
8590.png,1
8591.png,0
8592.png,0
8593.png,0
8594.png,1
8595.png,0
8596.png,1
8597.png,1
8598.png,0
8599.png,0
8600.png,0
8601.png,0
8602.png,1
8603.png,1
8604.png,1
8605.png,1
8606.png,1
8607.png,0
8608.png,1
8609.png,0
8610.png,0
8611.png,0
8612.png,1
8613.png,0
8614.png,1
8615.png,0
8616.png,1
8617.png,1
8618.png,1
8619.png,1
8620.png,0
8621.png,0
8622.png,1
8623.png,1
8624.png,1
8625.png,0
8626.png,1
8627.png,0
8628.png,1
8629.png,1
8630.png,0
8631.png,0
8632.png,0
8633.png,0
8634.png,0
8635.png,0
8636.png,1
8637.png,0
8638.png,1
8639.png,0
8640.png,0
8641.png,0
8642.png,1
8643.png,0
8644.png,1
8645.png,0
8646.png,1
8647.png,0
8648.png,0
8649.png,1
8650.png,0
8651.png,0
8652.png,0
8653.png,0
8654.png,1
8655.png,0
8656.png,1
8657.png,1
8658.png,0
8659.png,0
8660.png,1
8661.png,1
8662.png,1
8663.png,1
8664.png,0
8665.png,1
8666.png,1
8667.png,0
8668.png,1
8669.png,1
8670.png,0
8671.png,0
8672.png,1
8673.png,0
8674.png,0
8675.png,1
8676.png,0
8677.png,0
8678.png,0
8679.png,1
8680.png,1
8681.png,0
8682.png,0
8683.png,0
8684.png,1
8685.png,1
8686.png,0
8687.png,1
8688.png,1
8689.png,0
8690.png,1
8691.png,0
8692.png,1
8693.png,1
8694.png,0
8695.png,1
8696.png,0
8697.png,1
8698.png,0
8699.png,1
8700.png,0
8701.png,1
8702.png,1
8703.png,0
8704.png,0
8705.png,0
8706.png,0
8707.png,1
8708.png,0
8709.png,0
8710.png,0
8711.png,0
8712.png,1
8713.png,1
8714.png,1
8715.png,1
8716.png,0
8717.png,0
8718.png,0
8719.png,0
8720.png,1
8721.png,0
8722.png,1
8723.png,1
8724.png,0
8725.png,1
8726.png,1
8727.png,1
8728.png,1
8729.png,0
8730.png,0
8731.png,0
8732.png,0
8733.png,1
8734.png,0
8735.png,1
8736.png,1
8737.png,0
8738.png,0
8739.png,1
8740.png,1
8741.png,1
8742.png,1
8743.png,0
8744.png,0
8745.png,0
8746.png,0
8747.png,1
8748.png,0
8749.png,1
8750.png,0
8751.png,0
8752.png,1
8753.png,1
8754.png,1
8755.png,1
8756.png,0
8757.png,1
8758.png,1
8759.png,1
8760.png,0
8761.png,0
8762.png,1
8763.png,0
8764.png,0
8765.png,0
8766.png,0
8767.png,0
8768.png,1
8769.png,0
8770.png,0
8771.png,0
8772.png,1
8773.png,1
8774.png,1
8775.png,0
8776.png,0
8777.png,0
8778.png,1
8779.png,0
8780.png,0
8781.png,1
8782.png,0
8783.png,1
8784.png,1
8785.png,0
8786.png,0
8787.png,0
8788.png,0
8789.png,1
8790.png,1
8791.png,1
8792.png,0
8793.png,0
8794.png,0
8795.png,0
8796.png,1
8797.png,0
8798.png,0
8799.png,0
8800.png,1
8801.png,0
8802.png,0
8803.png,0
8804.png,1
8805.png,0
8806.png,1
8807.png,1
8808.png,0
8809.png,0
8810.png,1
8811.png,1
8812.png,1
8813.png,1
8814.png,1
8815.png,0
8816.png,0
8817.png,0
8818.png,1
8819.png,0
8820.png,0
8821.png,0
8822.png,0
8823.png,0
8824.png,1
8825.png,0
8826.png,0
8827.png,1
8828.png,0
8829.png,1
8830.png,0
8831.png,1
8832.png,1
8833.png,1
8834.png,1
8835.png,0
8836.png,0
8837.png,0
8838.png,1
8839.png,1
8840.png,1
8841.png,1
8842.png,1
8843.png,0
8844.png,0
8845.png,1
8846.png,0
8847.png,1
8848.png,0
8849.png,0
8850.png,0
8851.png,0
8852.png,0
8853.png,0
8854.png,0
8855.png,1
8856.png,1
8857.png,0
8858.png,1
8859.png,0
8860.png,0
8861.png,1
8862.png,0
8863.png,0
8864.png,1
8865.png,0
8866.png,0
8867.png,1
8868.png,1
8869.png,0
8870.png,1
8871.png,1
8872.png,0
8873.png,1
8874.png,0
8875.png,0
8876.png,1
8877.png,0
8878.png,1
8879.png,1
8880.png,1
8881.png,1
8882.png,0
8883.png,0
8884.png,0
8885.png,0
8886.png,1
8887.png,0
8888.png,0
8889.png,1
8890.png,1
8891.png,0
8892.png,1
8893.png,1
8894.png,0
8895.png,1
8896.png,0
8897.png,1
8898.png,0
8899.png,1
8900.png,1
8901.png,0
8902.png,0
8903.png,0
8904.png,0
8905.png,1
8906.png,0
8907.png,1
8908.png,1
8909.png,0
8910.png,0
8911.png,1
8912.png,1
8913.png,0
8914.png,0
8915.png,1
8916.png,1
8917.png,1
8918.png,1
8919.png,1
8920.png,0
8921.png,0
8922.png,1
8923.png,1
8924.png,0
8925.png,0
8926.png,1
8927.png,0
8928.png,1
8929.png,0
8930.png,1
8931.png,1
8932.png,0
8933.png,0
8934.png,1
8935.png,1
8936.png,1
8937.png,0
8938.png,1
8939.png,1
8940.png,0
8941.png,1
8942.png,0
8943.png,0
8944.png,1
8945.png,1
8946.png,1
8947.png,1
8948.png,1
8949.png,0
8950.png,0
8951.png,1
8952.png,1
8953.png,1
8954.png,1
8955.png,0
8956.png,1
8957.png,0
8958.png,1
8959.png,1
8960.png,1
8961.png,0
8962.png,0
8963.png,0
8964.png,1
8965.png,1
8966.png,0
8967.png,0
8968.png,0
8969.png,0
8970.png,1
8971.png,0
8972.png,0
8973.png,0
8974.png,1
8975.png,0
8976.png,1
8977.png,0
8978.png,0
8979.png,1
8980.png,1
8981.png,1
8982.png,0
8983.png,1
8984.png,1
8985.png,1
8986.png,0
8987.png,1
8988.png,1
8989.png,1
8990.png,1
8991.png,0
8992.png,0
8993.png,1
8994.png,1
8995.png,0
8996.png,0
8997.png,1
8998.png,1
8999.png,0
9000.png,1
9001.png,1
9002.png,0
9003.png,1
9004.png,1
9005.png,0
9006.png,0
9007.png,1
9008.png,1
9009.png,0
9010.png,0
9011.png,0
9012.png,1
9013.png,1
9014.png,1
9015.png,1
9016.png,1
9017.png,1
9018.png,0
9019.png,1
9020.png,0
9021.png,1
9022.png,0
9023.png,1
9024.png,0
9025.png,0
9026.png,0
9027.png,0
9028.png,1
9029.png,0
9030.png,1
9031.png,0
9032.png,1
9033.png,1
9034.png,1
9035.png,1
9036.png,0
9037.png,0
9038.png,1
9039.png,1
9040.png,1
9041.png,1
9042.png,0
9043.png,1
9044.png,1
9045.png,1
9046.png,0
9047.png,0
9048.png,0
9049.png,1
9050.png,0
9051.png,0
9052.png,0
9053.png,0
9054.png,0
9055.png,0
9056.png,0
9057.png,0
9058.png,1
9059.png,1
9060.png,1
9061.png,1
9062.png,1
9063.png,0
9064.png,0
9065.png,1
9066.png,0
9067.png,0
9068.png,0
9069.png,0
9070.png,1
9071.png,0
9072.png,0
9073.png,1
9074.png,0
9075.png,0
9076.png,0
9077.png,1
9078.png,0
9079.png,0
9080.png,1
9081.png,1
9082.png,1
9083.png,1
9084.png,1
9085.png,0
9086.png,1
9087.png,0
9088.png,0
9089.png,1
9090.png,1
9091.png,1
9092.png,1
9093.png,1
9094.png,1
9095.png,1
9096.png,1
9097.png,0
9098.png,1
9099.png,1
9100.png,0
9101.png,0
9102.png,1
9103.png,1
9104.png,0
9105.png,0
9106.png,0
9107.png,1
9108.png,1
9109.png,1
9110.png,0
9111.png,0
9112.png,1
9113.png,1
9114.png,0
9115.png,1
9116.png,0
9117.png,0
9118.png,0
9119.png,1
9120.png,1
9121.png,1
9122.png,1
9123.png,0
9124.png,0
9125.png,0
9126.png,0
9127.png,1
9128.png,1
9129.png,0
9130.png,0
9131.png,0
9132.png,1
9133.png,0
9134.png,0
9135.png,1
9136.png,0
9137.png,1
9138.png,0
9139.png,0
9140.png,1
9141.png,1
9142.png,1
9143.png,0
9144.png,0
9145.png,1
9146.png,1
9147.png,0
9148.png,1
9149.png,0
9150.png,0
9151.png,0
9152.png,0
9153.png,1
9154.png,0
9155.png,1
9156.png,0
9157.png,0
9158.png,0
9159.png,0
9160.png,1
9161.png,0
9162.png,1
9163.png,0
9164.png,1
9165.png,0
9166.png,0
9167.png,1
9168.png,0
9169.png,1
9170.png,1
9171.png,1
9172.png,1
9173.png,0
9174.png,0
9175.png,0
9176.png,1
9177.png,0
9178.png,1
9179.png,0
9180.png,0
9181.png,0
9182.png,0
9183.png,0
9184.png,1
9185.png,0
9186.png,0
9187.png,1
9188.png,1
9189.png,1
9190.png,0
9191.png,1
9192.png,0
9193.png,0
9194.png,1
9195.png,1
9196.png,0
9197.png,0
9198.png,0
9199.png,1
9200.png,0
9201.png,1
9202.png,1
9203.png,0
9204.png,0
9205.png,0
9206.png,1
9207.png,0
9208.png,0
9209.png,0
9210.png,0
9211.png,1
9212.png,1
9213.png,0
9214.png,1
9215.png,1
9216.png,0
9217.png,1
9218.png,1
9219.png,0
9220.png,0
9221.png,0
9222.png,1
9223.png,1
9224.png,1
9225.png,0
9226.png,0
9227.png,1
9228.png,0
9229.png,1
9230.png,1
9231.png,1
9232.png,1
9233.png,0
9234.png,1
9235.png,1
9236.png,0
9237.png,1
9238.png,1
9239.png,0
9240.png,1
9241.png,0
9242.png,1
9243.png,0
9244.png,0
9245.png,0
9246.png,0
9247.png,0
9248.png,1
9249.png,0
9250.png,0
9251.png,0
9252.png,1
9253.png,0
9254.png,0
9255.png,0
9256.png,1
9257.png,0
9258.png,0
9259.png,1
9260.png,0
9261.png,0
9262.png,0
9263.png,0
9264.png,1
9265.png,1
9266.png,1
9267.png,1
9268.png,0
9269.png,0
9270.png,0
9271.png,0
9272.png,1
9273.png,0
9274.png,0
9275.png,0
9276.png,1
9277.png,1
9278.png,0
9279.png,1
9280.png,1
9281.png,0
9282.png,0
9283.png,1
9284.png,0
9285.png,0
9286.png,1
9287.png,0
9288.png,0
9289.png,0
9290.png,0
9291.png,1
9292.png,1
9293.png,1
9294.png,1
9295.png,0
9296.png,0
9297.png,1
9298.png,0
9299.png,1
9300.png,0
9301.png,1
9302.png,1
9303.png,1
9304.png,0
9305.png,0
9306.png,1
9307.png,1
9308.png,1
9309.png,0
9310.png,1
9311.png,0
9312.png,1
9313.png,1
9314.png,0
9315.png,1
9316.png,0
9317.png,1
9318.png,0
9319.png,1
9320.png,1
9321.png,1
9322.png,1
9323.png,0
9324.png,0
9325.png,1
9326.png,1
9327.png,1
9328.png,0
9329.png,0
9330.png,1
9331.png,0
9332.png,1
9333.png,0
9334.png,0
9335.png,1
9336.png,1
9337.png,1
9338.png,1
9339.png,1
9340.png,0
9341.png,1
9342.png,0
9343.png,0
9344.png,0
9345.png,0
9346.png,0
9347.png,0
9348.png,1
9349.png,0
9350.png,1
9351.png,1
9352.png,1
9353.png,1
9354.png,1
9355.png,0
9356.png,0
9357.png,0
9358.png,0
9359.png,0
9360.png,0
9361.png,1
9362.png,0
9363.png,1
9364.png,0
9365.png,1
9366.png,0
9367.png,1
9368.png,1
9369.png,1
9370.png,0
9371.png,1
9372.png,0
9373.png,1
9374.png,1
9375.png,1
9376.png,0
9377.png,1
9378.png,1
9379.png,0
9380.png,0
9381.png,0
9382.png,0
9383.png,1
9384.png,1
9385.png,0
9386.png,0
9387.png,1
9388.png,1
9389.png,1
9390.png,0
9391.png,1
9392.png,1
9393.png,1
9394.png,0
9395.png,1
9396.png,1
9397.png,1
9398.png,1
9399.png,0
9400.png,1
9401.png,0
9402.png,0
9403.png,1
9404.png,0
9405.png,1
9406.png,0
9407.png,1
9408.png,0
9409.png,0
9410.png,0
9411.png,0
9412.png,0
9413.png,1
9414.png,0
9415.png,1
9416.png,0
9417.png,1
9418.png,0
9419.png,1
9420.png,0
9421.png,0
9422.png,0
9423.png,0
9424.png,1
9425.png,1
9426.png,0
9427.png,0
9428.png,1
9429.png,1
9430.png,0
9431.png,1
9432.png,1
9433.png,0
9434.png,0
9435.png,1
9436.png,1
9437.png,0
9438.png,0
9439.png,1
9440.png,1
9441.png,0
9442.png,1
9443.png,1
9444.png,0
9445.png,0
9446.png,0
9447.png,1
9448.png,1
9449.png,1
9450.png,0
9451.png,1
9452.png,1
9453.png,0
9454.png,0
9455.png,0
9456.png,0
9457.png,1
9458.png,0
9459.png,0
9460.png,0
9461.png,0
9462.png,1
9463.png,1
9464.png,0
9465.png,1
9466.png,0
9467.png,0
9468.png,0
9469.png,0
9470.png,0
9471.png,1
9472.png,0
9473.png,1
9474.png,1
9475.png,1
9476.png,0
9477.png,0
9478.png,1
9479.png,1
9480.png,0
9481.png,1
9482.png,1
9483.png,1
9484.png,0
9485.png,1
9486.png,1
9487.png,0
9488.png,0
9489.png,1
9490.png,0
9491.png,0
9492.png,1
9493.png,1
9494.png,0
9495.png,1
9496.png,1
9497.png,1
9498.png,1
9499.png,1
9500.png,0
9501.png,0
9502.png,0
9503.png,0
9504.png,1
9505.png,1
9506.png,0
9507.png,0
9508.png,0
9509.png,0
9510.png,0
9511.png,1
9512.png,0
9513.png,1
9514.png,0
9515.png,1
9516.png,0
9517.png,1
9518.png,1
9519.png,0
9520.png,0
9521.png,0
9522.png,0
9523.png,1
9524.png,1
9525.png,0
9526.png,1
9527.png,0
9528.png,1
9529.png,1
9530.png,1
9531.png,0
9532.png,1
9533.png,1
9534.png,1
9535.png,1
9536.png,0
9537.png,0
9538.png,0
9539.png,1
9540.png,0
9541.png,0
9542.png,1
9543.png,1
9544.png,0
9545.png,1
9546.png,0
9547.png,0
9548.png,1
9549.png,0
9550.png,0
9551.png,1
9552.png,1
9553.png,1
9554.png,0
9555.png,0
9556.png,0
9557.png,1
9558.png,0
9559.png,1
9560.png,1
9561.png,0
9562.png,0
9563.png,0
9564.png,0
9565.png,1
9566.png,1
9567.png,1
9568.png,1
9569.png,1
9570.png,0
9571.png,0
9572.png,1
9573.png,1
9574.png,0
9575.png,0
9576.png,1
9577.png,1
9578.png,0
9579.png,1
9580.png,1
9581.png,1
9582.png,0
9583.png,1
9584.png,0
9585.png,0
9586.png,1
9587.png,0
9588.png,0
9589.png,1
9590.png,1
9591.png,1
9592.png,0
9593.png,0
9594.png,1
9595.png,1
9596.png,1
9597.png,0
9598.png,1
9599.png,0
9600.png,0
9601.png,1
9602.png,0
9603.png,1
9604.png,0
9605.png,1
9606.png,0
9607.png,1
9608.png,1
9609.png,0
9610.png,1
9611.png,0
9612.png,1
9613.png,0
9614.png,1
9615.png,1
9616.png,0
9617.png,0
9618.png,1
9619.png,0
9620.png,1
9621.png,1
9622.png,1
9623.png,0
9624.png,1
9625.png,1
9626.png,1
9627.png,1
9628.png,0
9629.png,1
9630.png,1
9631.png,1
9632.png,0
9633.png,1
9634.png,0
9635.png,1
9636.png,0
9637.png,1
9638.png,1
9639.png,1
9640.png,0
9641.png,1
9642.png,0
9643.png,1
9644.png,1
9645.png,1
9646.png,0
9647.png,1
9648.png,0
9649.png,0
9650.png,0
9651.png,0
9652.png,0
9653.png,0
9654.png,0
9655.png,1
9656.png,1
9657.png,1
9658.png,0
9659.png,1
9660.png,1
9661.png,1
9662.png,0
9663.png,0
9664.png,0
9665.png,0
9666.png,1
9667.png,0
9668.png,1
9669.png,0
9670.png,1
9671.png,1
9672.png,1
9673.png,1
9674.png,0
9675.png,0
9676.png,1
9677.png,1
9678.png,1
9679.png,0
9680.png,0
9681.png,0
9682.png,0
9683.png,1
9684.png,1
9685.png,1
9686.png,0
9687.png,1
9688.png,0
9689.png,1
9690.png,1
9691.png,1
9692.png,1
9693.png,1
9694.png,0
9695.png,0
9696.png,1
9697.png,0
9698.png,1
9699.png,1
9700.png,1
9701.png,1
9702.png,1
9703.png,0
9704.png,1
9705.png,0
9706.png,1
9707.png,1
9708.png,1
9709.png,0
9710.png,1
9711.png,1
9712.png,0
9713.png,0
9714.png,1
9715.png,0
9716.png,0
9717.png,0
9718.png,1
9719.png,0
9720.png,1
9721.png,0
9722.png,0
9723.png,0
9724.png,1
9725.png,1
9726.png,0
9727.png,1
9728.png,0
9729.png,1
9730.png,0
9731.png,1
9732.png,0
9733.png,0
9734.png,1
9735.png,1
9736.png,1
9737.png,0
9738.png,0
9739.png,1
9740.png,0
9741.png,1
9742.png,1
9743.png,1
9744.png,1
9745.png,0
9746.png,1
9747.png,0
9748.png,1
9749.png,0
9750.png,1
9751.png,0
9752.png,0
9753.png,1
9754.png,1
9755.png,0
9756.png,0
9757.png,0
9758.png,0
9759.png,1
9760.png,0
9761.png,1
9762.png,1
9763.png,1
9764.png,1
9765.png,1
9766.png,1
9767.png,0
9768.png,1
9769.png,0
9770.png,0
9771.png,1
9772.png,0
9773.png,1
9774.png,1
9775.png,0
9776.png,0
9777.png,1
9778.png,1
9779.png,0
9780.png,0
9781.png,0
9782.png,1
9783.png,1
9784.png,0
9785.png,1
9786.png,1
9787.png,0
9788.png,0
9789.png,0
9790.png,1
9791.png,0
9792.png,1
9793.png,1
9794.png,0
9795.png,1
9796.png,0
9797.png,0
9798.png,0
9799.png,1
9800.png,0
9801.png,1
9802.png,1
9803.png,1
9804.png,1
9805.png,0
9806.png,1
9807.png,1
9808.png,0
9809.png,1
9810.png,0
9811.png,0
9812.png,1
9813.png,0
9814.png,1
9815.png,0
9816.png,1
9817.png,0
9818.png,0
9819.png,1
9820.png,0
9821.png,1
9822.png,0
9823.png,0
9824.png,0
9825.png,0
9826.png,1
9827.png,0
9828.png,1
9829.png,0
9830.png,1
9831.png,1
9832.png,0
9833.png,0
9834.png,1
9835.png,0
9836.png,1
9837.png,0
9838.png,1
9839.png,0
9840.png,0
9841.png,1
9842.png,0
9843.png,1
9844.png,0
9845.png,0
9846.png,1
9847.png,0
9848.png,0
9849.png,0
9850.png,1
9851.png,1
9852.png,1
9853.png,0
9854.png,1
9855.png,0
9856.png,0
9857.png,0
9858.png,1
9859.png,1
9860.png,1
9861.png,0
9862.png,0
9863.png,0
9864.png,1
9865.png,0
9866.png,1
9867.png,1
9868.png,1
9869.png,1
9870.png,1
9871.png,1
9872.png,0
9873.png,1
9874.png,0
9875.png,1
9876.png,1
9877.png,0
9878.png,1
9879.png,1
9880.png,0
9881.png,0
9882.png,1
9883.png,1
9884.png,1
9885.png,0
9886.png,1
9887.png,1
9888.png,0
9889.png,1
9890.png,1
9891.png,1
9892.png,1
9893.png,1
9894.png,1
9895.png,0
9896.png,0
9897.png,1
9898.png,0
9899.png,1
9900.png,0
9901.png,0
9902.png,1
9903.png,1
9904.png,1
9905.png,1
9906.png,0
9907.png,1
9908.png,0
9909.png,0
9910.png,1
9911.png,1
9912.png,0
9913.png,1
9914.png,1
9915.png,1
9916.png,0
9917.png,0
9918.png,1
9919.png,0
9920.png,1
9921.png,0
9922.png,1
9923.png,0
9924.png,0
9925.png,0
9926.png,0
9927.png,1
9928.png,0
9929.png,0
9930.png,0
9931.png,1
9932.png,0
9933.png,1
9934.png,0
9935.png,0
9936.png,1
9937.png,1
9938.png,1
9939.png,1
9940.png,1
9941.png,1
9942.png,0
9943.png,0
9944.png,1
9945.png,0
9946.png,1
9947.png,0
9948.png,0
9949.png,0
9950.png,1
9951.png,0
9952.png,1
9953.png,1
9954.png,0
9955.png,1
9956.png,1
9957.png,1
9958.png,0
9959.png,0
9960.png,0
9961.png,1
9962.png,1
9963.png,1
9964.png,1
9965.png,1
9966.png,1
9967.png,1
9968.png,0
9969.png,1
9970.png,0
9971.png,0
9972.png,0
9973.png,0
9974.png,0
9975.png,1
9976.png,0
9977.png,0
9978.png,0
9979.png,1
9980.png,1
9981.png,1
9982.png,0
9983.png,0
9984.png,0
9985.png,0
9986.png,0
9987.png,0
9988.png,0
9989.png,0
9990.png,1
9991.png,1
9992.png,1
9993.png,0
9994.png,0
9995.png,1
9996.png,0
9997.png,1
9998.png,1
9999.png,0
10000.png,1
10001.png,1
10002.png,0
10003.png,1
10004.png,0
10005.png,0
10006.png,1
10007.png,1
10008.png,0
10009.png,0
10010.png,0
10011.png,1
10012.png,0
10013.png,1
10014.png,1
10015.png,1
10016.png,0
10017.png,0
10018.png,1
10019.png,0
10020.png,0
10021.png,0
10022.png,1
10023.png,0
10024.png,0
10025.png,0
10026.png,0
10027.png,1
10028.png,0
10029.png,0
10030.png,1
10031.png,0
10032.png,1
10033.png,1
10034.png,1
10035.png,0
10036.png,0
10037.png,0
10038.png,1
10039.png,0
10040.png,1
10041.png,1
10042.png,0
10043.png,1
10044.png,0
10045.png,1
10046.png,0
10047.png,0
10048.png,1
10049.png,0
10050.png,1
10051.png,1
10052.png,1
10053.png,1
10054.png,0
10055.png,0
10056.png,1
10057.png,0
10058.png,1
10059.png,0
10060.png,1
10061.png,0
10062.png,1
10063.png,1
10064.png,0
10065.png,0
10066.png,0
10067.png,1
10068.png,0
10069.png,0
10070.png,1
10071.png,0
10072.png,0
10073.png,1
10074.png,1
10075.png,0
10076.png,1
10077.png,1
10078.png,0
10079.png,1
10080.png,1
10081.png,1
10082.png,0
10083.png,1
10084.png,0
10085.png,1
10086.png,1
10087.png,1
10088.png,1
10089.png,1
10090.png,1
10091.png,1
10092.png,0
10093.png,1
10094.png,0
10095.png,0
10096.png,0
10097.png,0
10098.png,0
10099.png,0
10100.png,0
10101.png,1
10102.png,0
10103.png,1
10104.png,1
10105.png,1
10106.png,1
10107.png,1
10108.png,0
10109.png,1
10110.png,1
10111.png,0
10112.png,0
10113.png,0
10114.png,1
10115.png,0
10116.png,0
10117.png,1
10118.png,0
10119.png,1
10120.png,1
10121.png,1
10122.png,0
10123.png,1
10124.png,0
10125.png,0
10126.png,1
10127.png,0
10128.png,1
10129.png,0
10130.png,1
10131.png,0
10132.png,1
10133.png,1
10134.png,1
10135.png,0
10136.png,0
10137.png,1
10138.png,1
10139.png,1
10140.png,0
10141.png,1
10142.png,0
10143.png,0
10144.png,1
10145.png,1
10146.png,0
10147.png,0
10148.png,1
10149.png,0
10150.png,0
10151.png,1
10152.png,1
10153.png,1
10154.png,1
10155.png,1
10156.png,0
10157.png,0
10158.png,1
10159.png,1
10160.png,0
10161.png,1
10162.png,0
10163.png,0
10164.png,0
10165.png,1
10166.png,1
10167.png,1
10168.png,0
10169.png,1
10170.png,0
10171.png,1
10172.png,1
10173.png,0
10174.png,0
10175.png,1
10176.png,1
10177.png,0
10178.png,0
10179.png,1
10180.png,1
10181.png,0
10182.png,0
10183.png,0
10184.png,0
10185.png,1
10186.png,1
10187.png,0
10188.png,1
10189.png,1
10190.png,0
10191.png,1
10192.png,0
10193.png,1
10194.png,1
10195.png,0
10196.png,0
10197.png,0
10198.png,0
10199.png,0
10200.png,1
10201.png,0
10202.png,1
10203.png,1
10204.png,1
10205.png,1
10206.png,1
10207.png,1
10208.png,0
10209.png,0
10210.png,1
10211.png,1
10212.png,1
10213.png,1
10214.png,0
10215.png,0
10216.png,0
10217.png,0
10218.png,0
10219.png,1
10220.png,0
10221.png,0
10222.png,0
10223.png,1
10224.png,1
10225.png,1
10226.png,0
10227.png,1
10228.png,0
10229.png,0
10230.png,0
10231.png,0
10232.png,0
10233.png,0
10234.png,1
10235.png,1
10236.png,1
10237.png,1
10238.png,1
10239.png,0
10240.png,0
10241.png,0
10242.png,0
10243.png,1
10244.png,1
10245.png,1
10246.png,0
10247.png,0
10248.png,0
10249.png,0
10250.png,0
10251.png,1
10252.png,1
10253.png,0
10254.png,1
10255.png,1
10256.png,1
10257.png,1
10258.png,1
10259.png,0
10260.png,1
10261.png,1
10262.png,0
10263.png,1
10264.png,0
10265.png,1
10266.png,1
10267.png,0
10268.png,1
10269.png,0
10270.png,0
10271.png,1
10272.png,0
10273.png,1
10274.png,0
10275.png,0
10276.png,0
10277.png,0
10278.png,0
10279.png,1
10280.png,1
10281.png,0
10282.png,0
10283.png,1
10284.png,0
10285.png,0
10286.png,0
10287.png,1
10288.png,0
10289.png,0
10290.png,1
10291.png,1
10292.png,0
10293.png,0
10294.png,0
10295.png,0
10296.png,1
10297.png,1
10298.png,0
10299.png,0
10300.png,0
10301.png,1
10302.png,1
10303.png,0
10304.png,1
10305.png,1
10306.png,1
10307.png,0
10308.png,0
10309.png,1
10310.png,1
10311.png,0
10312.png,0
10313.png,1
10314.png,1
10315.png,1
10316.png,0
10317.png,0
10318.png,1
10319.png,1
10320.png,1
10321.png,0
10322.png,1
10323.png,1
10324.png,0
10325.png,0
10326.png,0
10327.png,1
10328.png,0
10329.png,0
10330.png,0
10331.png,0
10332.png,1
10333.png,1
10334.png,1
10335.png,0
10336.png,1
10337.png,0
10338.png,1
10339.png,0
10340.png,1
10341.png,0
10342.png,0
10343.png,0
10344.png,1
10345.png,0
10346.png,0
10347.png,0
10348.png,1
10349.png,1
10350.png,0
10351.png,0
10352.png,0
10353.png,0
10354.png,1
10355.png,0
10356.png,1
10357.png,0
10358.png,1
10359.png,0
10360.png,0
10361.png,0
10362.png,0
10363.png,0
10364.png,1
10365.png,0
10366.png,0
10367.png,1
10368.png,1
10369.png,1
10370.png,0
10371.png,0
10372.png,1
10373.png,1
10374.png,1
10375.png,1
10376.png,0
10377.png,0
10378.png,0
10379.png,0
10380.png,0
10381.png,0
10382.png,1
10383.png,0
10384.png,1
10385.png,0
10386.png,1
10387.png,1
10388.png,1
10389.png,1
10390.png,0
10391.png,0
10392.png,0
10393.png,1
10394.png,0
10395.png,1
10396.png,1
10397.png,1
10398.png,1
10399.png,1
10400.png,0
10401.png,0
10402.png,1
10403.png,1
10404.png,1
10405.png,0
10406.png,0
10407.png,0
10408.png,1
10409.png,1
10410.png,0
10411.png,1
10412.png,1
10413.png,0
10414.png,0
10415.png,0
10416.png,0
10417.png,1
10418.png,1
10419.png,1
10420.png,1
10421.png,0
10422.png,0
10423.png,1
10424.png,1
10425.png,0
10426.png,0
10427.png,1
10428.png,1
10429.png,0
10430.png,0
10431.png,0
10432.png,1
10433.png,1
10434.png,0
10435.png,1
10436.png,1
10437.png,0
10438.png,1
10439.png,0
10440.png,1
10441.png,0
10442.png,1
10443.png,0
10444.png,0
10445.png,0
10446.png,1
10447.png,0
10448.png,1
10449.png,1
10450.png,0
10451.png,1
10452.png,0
10453.png,0
10454.png,1
10455.png,0
10456.png,1
10457.png,1
10458.png,0
10459.png,1
10460.png,1
10461.png,1
10462.png,0
10463.png,0
10464.png,0
10465.png,1
10466.png,1
10467.png,1
10468.png,0
10469.png,1
10470.png,1
10471.png,0
10472.png,1
10473.png,0
10474.png,1
10475.png,0
10476.png,0
10477.png,1
10478.png,0
10479.png,0
10480.png,0
10481.png,1
10482.png,0
10483.png,0
10484.png,0
10485.png,1
10486.png,0
10487.png,1
10488.png,1
10489.png,1
10490.png,0
10491.png,1
10492.png,0
10493.png,0
10494.png,1
10495.png,1
10496.png,0
10497.png,0
10498.png,1
10499.png,0
10500.png,0
10501.png,1
10502.png,0
10503.png,0
10504.png,1
10505.png,0
10506.png,1
10507.png,1
10508.png,0
10509.png,1
10510.png,0
10511.png,1
10512.png,1
10513.png,0
10514.png,1
10515.png,0
10516.png,1
10517.png,1
10518.png,1
10519.png,0
10520.png,0
10521.png,1
10522.png,1
10523.png,1
10524.png,1
10525.png,1
10526.png,0
10527.png,0
10528.png,1
10529.png,1
10530.png,0
10531.png,1
10532.png,1
10533.png,0
10534.png,1
10535.png,0
10536.png,1
10537.png,1
10538.png,0
10539.png,0
10540.png,0
10541.png,0
10542.png,1
10543.png,1
10544.png,0
10545.png,0
10546.png,1
10547.png,0
10548.png,1
10549.png,1
10550.png,0
10551.png,0
10552.png,1
10553.png,1
10554.png,0
10555.png,0
10556.png,1
10557.png,1
10558.png,0
10559.png,0
10560.png,1
10561.png,0
10562.png,0
10563.png,0
10564.png,0
10565.png,1
10566.png,0
10567.png,0
10568.png,0
10569.png,1
10570.png,0
10571.png,0
10572.png,0
10573.png,0
10574.png,1
10575.png,1
10576.png,1
10577.png,0
10578.png,1
10579.png,1
10580.png,1
10581.png,0
10582.png,1
10583.png,0
10584.png,0
10585.png,1
10586.png,0
10587.png,1
10588.png,0
10589.png,1
10590.png,0
10591.png,1
10592.png,0
10593.png,1
10594.png,0
10595.png,0
10596.png,0
10597.png,1
10598.png,0
10599.png,1
10600.png,1
10601.png,1
10602.png,0
10603.png,0
10604.png,0
10605.png,1
10606.png,0
10607.png,1
10608.png,0
10609.png,1
10610.png,1
10611.png,0
10612.png,1
10613.png,0
10614.png,0
10615.png,0
10616.png,1
10617.png,0
10618.png,1
10619.png,1
10620.png,0
10621.png,1
10622.png,0
10623.png,0
10624.png,0
10625.png,1
10626.png,0
10627.png,0
10628.png,1
10629.png,0
10630.png,0
10631.png,0
10632.png,0
10633.png,1
10634.png,0
10635.png,1
10636.png,0
10637.png,0
10638.png,1
10639.png,1
10640.png,0
10641.png,1
10642.png,1
10643.png,1
10644.png,1
10645.png,0
10646.png,0
10647.png,1
10648.png,0
10649.png,0
10650.png,0
10651.png,0
10652.png,1
10653.png,1
10654.png,0
10655.png,1
10656.png,1
10657.png,0
10658.png,1
10659.png,1
10660.png,0
10661.png,1
10662.png,0
10663.png,0
10664.png,1
10665.png,1
10666.png,1
10667.png,1
10668.png,1
10669.png,0
10670.png,0
10671.png,0
10672.png,0
10673.png,0
10674.png,1
10675.png,0
10676.png,0
10677.png,1
10678.png,0
10679.png,1
10680.png,0
10681.png,1
10682.png,0
10683.png,0
10684.png,0
10685.png,1
10686.png,0
10687.png,0
10688.png,1
10689.png,1
10690.png,0
10691.png,0
10692.png,1
10693.png,0
10694.png,0
10695.png,0
10696.png,0
10697.png,1
10698.png,1
10699.png,0
10700.png,1
10701.png,1
10702.png,0
10703.png,1
10704.png,1
10705.png,1
10706.png,0
10707.png,0
10708.png,0
10709.png,0
10710.png,0
10711.png,1
10712.png,0
10713.png,0
10714.png,1
10715.png,0
10716.png,1
10717.png,1
10718.png,1
10719.png,1
10720.png,1
10721.png,0
10722.png,0
10723.png,0
10724.png,0
10725.png,0
10726.png,1
10727.png,1
10728.png,0
10729.png,0
10730.png,1
10731.png,0
10732.png,0
10733.png,0
10734.png,0
10735.png,1
10736.png,0
10737.png,0
10738.png,0
10739.png,1
10740.png,0
10741.png,0
10742.png,0
10743.png,0
10744.png,1
10745.png,1
10746.png,0
10747.png,1
10748.png,1
10749.png,1
10750.png,1
10751.png,0
10752.png,0
10753.png,1
10754.png,0
10755.png,0
10756.png,0
10757.png,1
10758.png,1
10759.png,1
10760.png,0
10761.png,0
10762.png,0
10763.png,1
10764.png,0
10765.png,1
10766.png,1
10767.png,0
10768.png,0
10769.png,1
10770.png,0
10771.png,1
10772.png,1
10773.png,1
10774.png,0
10775.png,1
10776.png,1
10777.png,1
10778.png,1
10779.png,0
10780.png,0
10781.png,1
10782.png,0
10783.png,1
10784.png,0
10785.png,0
10786.png,1
10787.png,0
10788.png,0
10789.png,1
10790.png,1
10791.png,1
10792.png,0
10793.png,0
10794.png,1
10795.png,0
10796.png,1
10797.png,0
10798.png,1
10799.png,1
10800.png,0
10801.png,0
10802.png,1
10803.png,1
10804.png,1
10805.png,1
10806.png,1
10807.png,0
10808.png,1
10809.png,1
10810.png,1
10811.png,0
10812.png,1
10813.png,0
10814.png,1
10815.png,0
10816.png,1
10817.png,1
10818.png,1
10819.png,1
10820.png,1
10821.png,1
10822.png,0
10823.png,0
10824.png,1
10825.png,1
10826.png,1
10827.png,0
10828.png,1
10829.png,0
10830.png,0
10831.png,0
10832.png,0
10833.png,0
10834.png,1
10835.png,1
10836.png,0
10837.png,1
10838.png,0
10839.png,1
10840.png,1
10841.png,0
10842.png,0
10843.png,1
10844.png,0
10845.png,1
10846.png,1
10847.png,0
10848.png,1
10849.png,1
10850.png,0
10851.png,0
10852.png,1
10853.png,0
10854.png,0
10855.png,1
10856.png,1
10857.png,0
10858.png,1
10859.png,0
10860.png,0
10861.png,0
10862.png,0
10863.png,1
10864.png,0
10865.png,1
10866.png,0
10867.png,0
10868.png,1
10869.png,0
10870.png,0
10871.png,0
10872.png,1
10873.png,0
10874.png,0
10875.png,1
10876.png,0
10877.png,1
10878.png,1
10879.png,0
10880.png,1
10881.png,1
10882.png,0
10883.png,1
10884.png,1
10885.png,1
10886.png,1
10887.png,0
10888.png,0
10889.png,0
10890.png,0
10891.png,1
10892.png,0
10893.png,0
10894.png,0
10895.png,0
10896.png,0
10897.png,1
10898.png,1
10899.png,0
10900.png,0
10901.png,0
10902.png,1
10903.png,1
10904.png,1
10905.png,1
10906.png,0
10907.png,1
10908.png,0
10909.png,0
10910.png,1
10911.png,1
10912.png,1
10913.png,1
10914.png,1
10915.png,0
10916.png,0
10917.png,1
10918.png,0
10919.png,1
10920.png,1
10921.png,1
10922.png,0
10923.png,0
10924.png,0
10925.png,1
10926.png,0
10927.png,1
10928.png,0
10929.png,1
10930.png,0
10931.png,0
10932.png,0
10933.png,1
10934.png,1
10935.png,0
10936.png,1
10937.png,0
10938.png,0
10939.png,0
10940.png,0
10941.png,1
10942.png,0
10943.png,0
10944.png,0
10945.png,1
10946.png,0
10947.png,0
10948.png,1
10949.png,1
10950.png,0
10951.png,0
10952.png,1
10953.png,0
10954.png,1
10955.png,1
10956.png,1
10957.png,0
10958.png,1
10959.png,0
10960.png,0
10961.png,1
10962.png,0
10963.png,0
10964.png,0
10965.png,0
10966.png,0
10967.png,1
10968.png,0
10969.png,0
10970.png,0
10971.png,0
10972.png,0
10973.png,1
10974.png,0
10975.png,0
10976.png,1
10977.png,0
10978.png,1
10979.png,1
10980.png,1
10981.png,1
10982.png,0
10983.png,0
10984.png,1
10985.png,1
10986.png,1
10987.png,0
10988.png,0
10989.png,0
10990.png,0
10991.png,0
10992.png,1
10993.png,1
10994.png,0
10995.png,1
10996.png,1
10997.png,0
10998.png,1
10999.png,0
11000.png,0
11001.png,0
11002.png,0
11003.png,0
11004.png,1
11005.png,1
11006.png,0
11007.png,1
11008.png,0
11009.png,1
11010.png,0
11011.png,1
11012.png,1
11013.png,1
11014.png,1
11015.png,1
11016.png,0
11017.png,1
11018.png,0
11019.png,1
11020.png,1
11021.png,0
11022.png,0
11023.png,1
11024.png,0
11025.png,1
11026.png,1
11027.png,1
11028.png,0
11029.png,1
11030.png,0
11031.png,1
11032.png,0
11033.png,0
11034.png,0
11035.png,0
11036.png,0
11037.png,0
11038.png,1
11039.png,0
11040.png,1
11041.png,1
11042.png,0
11043.png,1
11044.png,0
11045.png,0
11046.png,1
11047.png,1
11048.png,1
11049.png,1
11050.png,1
11051.png,1
11052.png,1
11053.png,1
11054.png,0
11055.png,1
11056.png,0
11057.png,0
11058.png,0
11059.png,0
11060.png,0
11061.png,0
11062.png,0
11063.png,1
11064.png,0
11065.png,1
11066.png,1
11067.png,0
11068.png,1
11069.png,0
11070.png,1
11071.png,0
11072.png,1
11073.png,0
11074.png,0
11075.png,1
11076.png,1
11077.png,1
11078.png,1
11079.png,0
11080.png,0
11081.png,1
11082.png,0
11083.png,0
11084.png,0
11085.png,0
11086.png,0
11087.png,0
11088.png,1
11089.png,0
11090.png,0
11091.png,0
11092.png,1
11093.png,1
11094.png,0
11095.png,0
11096.png,0
11097.png,1
11098.png,1
11099.png,0
11100.png,0
11101.png,0
11102.png,0
11103.png,1
11104.png,0
11105.png,1
11106.png,0
11107.png,0
11108.png,1
11109.png,0
11110.png,0
11111.png,0
11112.png,1
11113.png,0
11114.png,1
11115.png,0
11116.png,1
11117.png,0
11118.png,1
11119.png,1
11120.png,0
11121.png,0
11122.png,1
11123.png,0
11124.png,1
11125.png,0
11126.png,0
11127.png,1
11128.png,0
11129.png,1
11130.png,0
11131.png,0
11132.png,1
11133.png,1
11134.png,0
11135.png,1
11136.png,1
11137.png,0
11138.png,0
11139.png,0
11140.png,1
11141.png,0
11142.png,1
11143.png,1
11144.png,1
11145.png,1
11146.png,1
11147.png,1
11148.png,0
11149.png,0
11150.png,0
11151.png,0
11152.png,1
11153.png,0
11154.png,1
11155.png,0
11156.png,0
11157.png,1
11158.png,1
11159.png,1
11160.png,0
11161.png,0
11162.png,0
11163.png,0
11164.png,1
11165.png,1
11166.png,1
11167.png,0
11168.png,0
11169.png,0
11170.png,1
11171.png,0
11172.png,0
11173.png,1
11174.png,0
11175.png,1
11176.png,1
11177.png,0
11178.png,1
11179.png,1
11180.png,0
11181.png,1
11182.png,0
11183.png,0
11184.png,0
11185.png,0
11186.png,1
11187.png,1
11188.png,1
