filename,label
0.png,1
1.png,0
2.png,0
3.png,0
4.png,1
5.png,0
6.png,1
7.png,0
8.png,0
9.png,0
10.png,1
11.png,1
12.png,1
13.png,0
14.png,1
15.png,0
16.png,0
17.png,0
18.png,0
19.png,1
20.png,1
21.png,0
22.png,1
23.png,1
24.png,0
25.png,0
26.png,0
27.png,1
28.png,1
29.png,0
30.png,0
31.png,0
32.png,1
33.png,1
34.png,1
35.png,1
36.png,1
37.png,0
38.png,1
39.png,0
40.png,0
41.png,1
42.png,0
43.png,0
44.png,0
45.png,1
46.png,1
47.png,1
48.png,0
49.png,1
50.png,1
51.png,0
52.png,0
53.png,1
54.png,1
55.png,1
56.png,1
57.png,0
58.png,0
59.png,0
60.png,1
61.png,1
62.png,0
63.png,0
64.png,0
65.png,0
66.png,1
67.png,0
68.png,1
69.png,1
70.png,0
71.png,0
72.png,1
73.png,1
74.png,0
75.png,1
76.png,0
77.png,1
78.png,1
79.png,0
80.png,1
81.png,1
82.png,0
83.png,0
84.png,0
85.png,0
86.png,1
87.png,1
88.png,0
89.png,1
90.png,0
91.png,0
92.png,0
93.png,0
94.png,0
95.png,0
96.png,1
97.png,1
98.png,1
99.png,0
100.png,1
101.png,1
102.png,1
103.png,1
104.png,1
105.png,0
106.png,1
107.png,1
108.png,0
109.png,1
110.png,1
111.png,0
112.png,1
113.png,0
114.png,0
115.png,0
116.png,1
117.png,1
118.png,0
119.png,1
120.png,1
121.png,0
122.png,0
123.png,1
124.png,1
125.png,0
126.png,0
127.png,1
128.png,1
129.png,1
130.png,0
131.png,1
132.png,0
133.png,1
134.png,0
135.png,1
136.png,0
137.png,1
138.png,1
139.png,1
140.png,0
141.png,0
142.png,0
143.png,0
144.png,0
145.png,0
146.png,0
147.png,1
148.png,1
149.png,1
150.png,0
151.png,1
152.png,1
153.png,1
154.png,1
155.png,1
156.png,1
157.png,0
158.png,1
159.png,0
160.png,1
161.png,1
162.png,0
163.png,1
164.png,1
165.png,0
166.png,0
167.png,0
168.png,0
169.png,1
170.png,1
171.png,1
172.png,1
173.png,0
174.png,1
175.png,0
176.png,1
177.png,0
178.png,0
179.png,1
180.png,1
181.png,0
182.png,0
183.png,0
184.png,0
185.png,1
186.png,0
187.png,0
188.png,1
189.png,0
190.png,0
191.png,0
192.png,0
193.png,0
194.png,0
195.png,0
196.png,1
197.png,1
198.png,1
199.png,0
200.png,1
201.png,0
202.png,0
203.png,0
204.png,1
205.png,0
206.png,0
207.png,0
208.png,0
209.png,1
210.png,0
211.png,0
212.png,1
213.png,1
214.png,0
215.png,0
216.png,0
217.png,0
218.png,0
219.png,0
220.png,1
221.png,0
222.png,0
223.png,1
224.png,0
225.png,1
226.png,0
227.png,0
228.png,0
229.png,1
230.png,1
231.png,0
232.png,1
233.png,0
234.png,0
235.png,0
236.png,1
237.png,1
238.png,1
239.png,1
240.png,0
241.png,0
242.png,0
243.png,1
244.png,0
245.png,1
246.png,0
247.png,1
248.png,0
249.png,0
250.png,0
251.png,0
252.png,1
253.png,1
254.png,0
255.png,1
256.png,0
257.png,1
258.png,1
259.png,1
260.png,1
261.png,0
262.png,0
263.png,1
264.png,0
265.png,0
266.png,1
267.png,0
268.png,0
269.png,0
270.png,0
271.png,0
272.png,1
273.png,0
274.png,1
275.png,1
276.png,1
277.png,1
278.png,0
279.png,1
280.png,0
281.png,1
282.png,0
283.png,1
284.png,1
285.png,0
286.png,1
287.png,0
288.png,1
289.png,1
290.png,0
291.png,1
292.png,1
293.png,1
294.png,1
295.png,1
296.png,0
297.png,0
298.png,0
299.png,0
300.png,0
301.png,0
302.png,0
303.png,1
304.png,1
305.png,1
306.png,0
307.png,1
308.png,1
309.png,1
310.png,0
311.png,1
312.png,0
313.png,0
314.png,1
315.png,1
316.png,1
317.png,1
318.png,0
319.png,1
320.png,1
321.png,1
322.png,0
323.png,1
324.png,1
325.png,0
326.png,1
327.png,0
328.png,0
329.png,1
330.png,1
331.png,1
332.png,0
333.png,0
334.png,1
335.png,1
336.png,1
337.png,1
338.png,1
339.png,1
340.png,0
341.png,0
342.png,1
343.png,1
344.png,0
345.png,0
346.png,0
347.png,1
348.png,0
349.png,0
350.png,1
351.png,1
352.png,1
353.png,0
354.png,0
355.png,1
356.png,1
357.png,0
358.png,0
359.png,0
360.png,1
361.png,0
362.png,0
363.png,0
364.png,1
365.png,1
366.png,1
367.png,1
368.png,1
369.png,0
370.png,0
371.png,1
372.png,0
373.png,1
374.png,0
375.png,0
376.png,1
377.png,0
378.png,0
379.png,0
380.png,1
381.png,1
382.png,1
383.png,0
384.png,1
385.png,0
386.png,1
387.png,1
388.png,1
389.png,0
390.png,0
391.png,0
392.png,1
393.png,1
394.png,1
395.png,0
396.png,1
397.png,0
398.png,1
399.png,1
400.png,0
401.png,0
402.png,0
403.png,1
404.png,1
405.png,1
406.png,1
407.png,1
408.png,1
409.png,1
410.png,1
411.png,1
412.png,0
413.png,1
414.png,0
415.png,1
416.png,1
417.png,1
418.png,1
419.png,0
420.png,1
421.png,0
422.png,1
423.png,1
424.png,1
425.png,0
426.png,1
427.png,0
428.png,1
429.png,1
430.png,1
431.png,0
432.png,0
433.png,1
434.png,1
435.png,0
436.png,0
437.png,1
438.png,1
439.png,1
440.png,0
441.png,1
442.png,1
443.png,1
444.png,1
445.png,0
446.png,1
447.png,1
448.png,0
449.png,1
450.png,1
451.png,0
452.png,0
453.png,0
454.png,0
455.png,1
456.png,0
457.png,1
458.png,0
459.png,0
460.png,1
461.png,1
462.png,1
463.png,0
464.png,1
465.png,0
466.png,0
467.png,0
468.png,0
469.png,0
470.png,1
471.png,1
472.png,0
473.png,1
474.png,1
475.png,0
476.png,1
477.png,0
478.png,0
479.png,1
480.png,0
481.png,1
482.png,0
483.png,0
484.png,0
485.png,1
486.png,1
487.png,1
488.png,1
489.png,0
490.png,0
491.png,1
492.png,0
493.png,0
494.png,1
495.png,1
496.png,1
497.png,1
498.png,0
499.png,0
500.png,1
501.png,1
502.png,1
503.png,1
504.png,1
505.png,1
506.png,1
507.png,1
508.png,1
509.png,0
510.png,1
511.png,0
512.png,0
513.png,1
514.png,0
515.png,0
516.png,1
517.png,1
518.png,1
519.png,0
520.png,1
521.png,1
522.png,1
523.png,0
524.png,0
525.png,0
526.png,1
527.png,1
528.png,1
529.png,0
530.png,0
531.png,0
532.png,0
533.png,1
534.png,1
535.png,1
536.png,1
537.png,0
538.png,0
539.png,0
540.png,0
541.png,0
542.png,0
543.png,0
544.png,1
545.png,1
546.png,1
547.png,0
548.png,0
549.png,1
550.png,1
551.png,0
552.png,1
553.png,0
554.png,0
555.png,1
556.png,1
557.png,1
558.png,1
559.png,1
560.png,0
561.png,1
562.png,1
563.png,1
564.png,0
565.png,0
566.png,0
567.png,0
568.png,1
569.png,1
570.png,0
571.png,1
572.png,0
573.png,1
574.png,0
575.png,1
576.png,1
577.png,1
578.png,1
579.png,0
580.png,0
581.png,1
582.png,0
583.png,1
584.png,1
585.png,0
586.png,1
587.png,1
588.png,0
589.png,1
590.png,1
591.png,0
592.png,0
593.png,1
594.png,0
595.png,0
596.png,1
597.png,0
598.png,0
599.png,0
600.png,1
601.png,0
602.png,1
603.png,0
604.png,0
605.png,1
606.png,0
607.png,0
608.png,0
609.png,1
610.png,1
611.png,0
612.png,0
613.png,1
614.png,1
615.png,0
616.png,1
617.png,1
618.png,1
619.png,0
620.png,1
621.png,0
622.png,0
623.png,1
624.png,0
625.png,0
626.png,1
627.png,0
628.png,1
629.png,1
630.png,0
631.png,0
632.png,0
633.png,0
634.png,1
635.png,1
636.png,1
637.png,1
638.png,1
639.png,1
640.png,1
641.png,1
642.png,1
643.png,1
644.png,1
645.png,0
646.png,1
647.png,1
648.png,1
649.png,1
650.png,1
651.png,1
652.png,1
653.png,1
654.png,1
655.png,0
656.png,1
657.png,1
658.png,0
659.png,0
660.png,1
661.png,0
662.png,1
663.png,0
664.png,0
665.png,0
666.png,1
667.png,0
668.png,0
669.png,1
670.png,1
671.png,1
672.png,1
673.png,0
674.png,0
675.png,0
676.png,1
677.png,0
678.png,0
679.png,0
680.png,0
681.png,0
682.png,0
683.png,1
684.png,0
685.png,1
686.png,0
687.png,0
688.png,1
689.png,0
690.png,0
691.png,1
692.png,1
693.png,1
694.png,0
695.png,1
696.png,1
697.png,1
698.png,0
699.png,1
700.png,0
701.png,0
702.png,1
703.png,1
704.png,0
705.png,1
706.png,1
707.png,1
708.png,1
709.png,1
710.png,1
711.png,0
712.png,0
713.png,0
714.png,0
715.png,0
716.png,1
717.png,1
718.png,1
719.png,0
720.png,0
721.png,1
722.png,1
723.png,0
724.png,0
725.png,1
726.png,0
727.png,0
728.png,1
729.png,1
730.png,1
731.png,1
732.png,0
733.png,1
734.png,1
735.png,0
736.png,0
737.png,0
738.png,0
739.png,1
740.png,0
741.png,0
742.png,1
743.png,0
744.png,1
745.png,1
746.png,1
747.png,1
748.png,0
749.png,1
750.png,1
751.png,0
752.png,1
753.png,0
754.png,1
755.png,0
756.png,1
757.png,1
758.png,0
759.png,0
760.png,0
761.png,0
762.png,0
763.png,1
764.png,0
765.png,0
766.png,1
767.png,1
768.png,1
769.png,0
770.png,0
771.png,0
772.png,0
773.png,1
774.png,1
775.png,1
776.png,0
777.png,1
778.png,0
779.png,1
780.png,1
781.png,0
782.png,0
783.png,0
784.png,1
785.png,1
786.png,0
787.png,1
788.png,0
789.png,0
790.png,1
791.png,1
792.png,0
793.png,0
794.png,0
795.png,0
796.png,1
797.png,0
798.png,1
799.png,0
800.png,1
801.png,0
802.png,1
803.png,1
804.png,1
805.png,0
806.png,0
807.png,0
808.png,1
809.png,0
810.png,1
811.png,1
812.png,0
813.png,0
814.png,0
815.png,0
816.png,1
817.png,0
818.png,1
819.png,0
820.png,1
821.png,0
822.png,0
823.png,0
824.png,0
825.png,1
826.png,1
827.png,0
828.png,0
829.png,0
830.png,1
831.png,0
832.png,0
833.png,1
834.png,0
835.png,0
836.png,1
837.png,1
838.png,0
839.png,1
840.png,0
841.png,0
842.png,1
843.png,0
844.png,0
845.png,1
846.png,1
847.png,1
848.png,0
849.png,1
850.png,1
851.png,0
852.png,0
853.png,1
854.png,0
855.png,1
856.png,1
857.png,1
858.png,0
859.png,0
860.png,0
861.png,0
862.png,1
863.png,1
864.png,1
865.png,0
866.png,0
867.png,0
868.png,1
869.png,1
870.png,1
871.png,1
872.png,0
873.png,0
874.png,0
875.png,1
876.png,0
877.png,1
878.png,1
879.png,1
880.png,0
881.png,1
882.png,0
883.png,0
884.png,1
885.png,0
886.png,0
887.png,0
888.png,1
889.png,0
890.png,0
891.png,0
892.png,0
893.png,0
894.png,0
895.png,1
896.png,0
897.png,1
898.png,0
899.png,0
900.png,0
901.png,0
902.png,0
903.png,1
904.png,1
905.png,0
906.png,0
907.png,0
908.png,0
909.png,1
910.png,0
911.png,0
912.png,0
913.png,0
914.png,0
915.png,1
916.png,0
917.png,1
918.png,0
919.png,1
920.png,0
921.png,0
922.png,0
923.png,0
924.png,0
925.png,1
926.png,1
927.png,0
928.png,0
929.png,0
930.png,0
931.png,1
932.png,0
933.png,0
934.png,1
935.png,0
936.png,1
937.png,1
938.png,0
939.png,0
940.png,1
941.png,1
942.png,0
943.png,1
944.png,1
945.png,1
946.png,0
947.png,1
948.png,1
949.png,0
950.png,1
951.png,1
952.png,1
953.png,0
954.png,1
955.png,1
956.png,0
957.png,1
958.png,1
959.png,1
960.png,0
961.png,0
962.png,1
963.png,1
964.png,0
965.png,1
966.png,1
967.png,1
968.png,0
969.png,0
970.png,1
971.png,0
972.png,1
973.png,1
974.png,0
975.png,0
976.png,0
977.png,1
978.png,1
979.png,0
980.png,1
981.png,1
982.png,1
983.png,0
984.png,1
985.png,1
986.png,0
987.png,0
988.png,1
989.png,0
990.png,0
991.png,1
992.png,1
993.png,1
994.png,0
995.png,0
996.png,0
997.png,0
998.png,0
999.png,1
1000.png,1
1001.png,1
1002.png,0
1003.png,0
1004.png,0
1005.png,0
1006.png,0
1007.png,0
1008.png,1
1009.png,0
1010.png,0
1011.png,0
1012.png,0
1013.png,1
1014.png,0
1015.png,0
1016.png,0
1017.png,0
1018.png,1
1019.png,0
1020.png,1
1021.png,0
1022.png,1
1023.png,0
1024.png,1
1025.png,0
1026.png,0
1027.png,1
1028.png,1
1029.png,0
1030.png,1
1031.png,1
1032.png,0
1033.png,0
1034.png,0
1035.png,1
1036.png,0
1037.png,0
1038.png,0
1039.png,1
1040.png,0
1041.png,1
1042.png,1
1043.png,0
1044.png,0
1045.png,0
1046.png,0
1047.png,1
1048.png,1
1049.png,1
1050.png,0
1051.png,0
1052.png,0
1053.png,0
1054.png,0
1055.png,0
1056.png,0
1057.png,1
1058.png,0
1059.png,0
1060.png,0
1061.png,0
1062.png,0
1063.png,1
1064.png,1
1065.png,1
1066.png,0
1067.png,0
1068.png,0
1069.png,0
1070.png,0
1071.png,0
1072.png,0
1073.png,0
1074.png,0
1075.png,0
1076.png,1
1077.png,0
1078.png,1
1079.png,0
1080.png,0
1081.png,1
1082.png,1
1083.png,0
1084.png,0
1085.png,1
1086.png,0
1087.png,1
1088.png,0
1089.png,0
1090.png,0
1091.png,0
1092.png,1
1093.png,1
1094.png,1
1095.png,0
1096.png,0
1097.png,0
1098.png,0
1099.png,1
1100.png,0
1101.png,1
1102.png,0
1103.png,0
1104.png,0
1105.png,1
1106.png,0
1107.png,1
1108.png,0
1109.png,1
1110.png,1
1111.png,0
1112.png,0
1113.png,0
1114.png,0
1115.png,1
1116.png,1
1117.png,0
1118.png,0
1119.png,1
1120.png,1
1121.png,1
1122.png,0
1123.png,0
1124.png,0
1125.png,1
1126.png,1
1127.png,0
1128.png,0
1129.png,0
1130.png,0
1131.png,0
1132.png,0
1133.png,1
1134.png,1
1135.png,0
1136.png,1
1137.png,1
1138.png,0
1139.png,1
1140.png,0
1141.png,1
1142.png,1
1143.png,1
1144.png,0
1145.png,1
1146.png,0
1147.png,0
1148.png,1
1149.png,0
1150.png,1
1151.png,0
1152.png,0
1153.png,0
1154.png,1
1155.png,1
1156.png,1
1157.png,0
1158.png,0
1159.png,1
1160.png,0
1161.png,1
1162.png,0
1163.png,1
1164.png,1
1165.png,1
1166.png,1
1167.png,1
1168.png,1
1169.png,1
1170.png,1
1171.png,1
1172.png,0
1173.png,1
1174.png,1
1175.png,0
1176.png,1
1177.png,0
1178.png,0
1179.png,1
1180.png,1
1181.png,1
1182.png,0
1183.png,1
1184.png,1
1185.png,0
1186.png,1
1187.png,1
1188.png,0
1189.png,1
1190.png,1
1191.png,1
1192.png,1
1193.png,1
1194.png,1
1195.png,1
1196.png,0
1197.png,0
1198.png,0
1199.png,1
1200.png,0
1201.png,0
1202.png,1
1203.png,1
1204.png,1
1205.png,1
1206.png,0
1207.png,1
1208.png,1
1209.png,0
1210.png,0
1211.png,1
1212.png,1
1213.png,1
1214.png,1
1215.png,1
1216.png,0
1217.png,1
1218.png,0
1219.png,0
1220.png,1
1221.png,1
1222.png,0
1223.png,0
1224.png,1
1225.png,0
1226.png,0
1227.png,1
1228.png,1
1229.png,0
1230.png,1
1231.png,1
1232.png,1
1233.png,0
1234.png,0
1235.png,0
1236.png,0
1237.png,0
1238.png,1
1239.png,0
1240.png,0
1241.png,0
1242.png,0
1243.png,1
1244.png,0
1245.png,1
1246.png,0
1247.png,1
1248.png,1
1249.png,0
1250.png,0
1251.png,0
1252.png,0
1253.png,0
1254.png,1
1255.png,0
1256.png,0
1257.png,1
1258.png,1
1259.png,1
1260.png,0
1261.png,1
1262.png,1
1263.png,0
1264.png,1
1265.png,1
1266.png,1
1267.png,1
1268.png,1
1269.png,0
1270.png,1
1271.png,1
1272.png,0
1273.png,1
1274.png,0
1275.png,0
1276.png,0
1277.png,0
1278.png,0
1279.png,1
1280.png,1
1281.png,1
1282.png,0
1283.png,1
1284.png,0
1285.png,1
1286.png,1
1287.png,1
1288.png,1
1289.png,0
1290.png,0
1291.png,0
1292.png,0
1293.png,0
1294.png,0
1295.png,0
1296.png,0
1297.png,0
1298.png,0
1299.png,0
1300.png,0
1301.png,1
1302.png,0
1303.png,1
1304.png,0
1305.png,0
1306.png,1
1307.png,0
1308.png,0
1309.png,1
1310.png,1
1311.png,1
1312.png,0
1313.png,0
1314.png,1
1315.png,0
1316.png,1
1317.png,0
1318.png,0
1319.png,1
1320.png,0
1321.png,0
1322.png,1
1323.png,1
1324.png,1
1325.png,0
1326.png,1
1327.png,0
1328.png,0
1329.png,1
1330.png,1
1331.png,1
1332.png,1
1333.png,1
1334.png,0
1335.png,0
1336.png,0
1337.png,0
1338.png,0
1339.png,1
1340.png,1
1341.png,1
1342.png,1
1343.png,0
1344.png,0
1345.png,1
1346.png,0
1347.png,0
1348.png,1
1349.png,0
1350.png,0
1351.png,0
1352.png,1
1353.png,0
1354.png,0
1355.png,0
1356.png,0
1357.png,1
1358.png,0
1359.png,0
1360.png,0
1361.png,1
1362.png,0
1363.png,1
1364.png,1
1365.png,1
1366.png,1
1367.png,0
1368.png,1
1369.png,0
1370.png,1
1371.png,0
1372.png,0
1373.png,1
1374.png,1
1375.png,1
1376.png,1
1377.png,0
1378.png,0
1379.png,1
1380.png,1
1381.png,1
1382.png,0
1383.png,1
1384.png,1
1385.png,1
1386.png,0
1387.png,1
1388.png,0
1389.png,0
1390.png,0
1391.png,0
1392.png,0
1393.png,1
1394.png,0
1395.png,0
1396.png,1
1397.png,0
1398.png,1
1399.png,0
1400.png,0
1401.png,0
1402.png,1
1403.png,0
1404.png,0
1405.png,1
1406.png,1
1407.png,0
1408.png,0
1409.png,1
1410.png,0
1411.png,0
1412.png,1
1413.png,1
1414.png,0
1415.png,0
1416.png,0
1417.png,0
1418.png,0
1419.png,0
1420.png,0
1421.png,1
1422.png,1
1423.png,0
1424.png,0
1425.png,1
1426.png,0
1427.png,1
1428.png,1
1429.png,1
1430.png,0
1431.png,1
1432.png,1
1433.png,1
1434.png,0
1435.png,0
1436.png,0
1437.png,0
1438.png,0
1439.png,1
1440.png,0
1441.png,0
1442.png,1
1443.png,0
1444.png,1
1445.png,0
1446.png,0
1447.png,0
1448.png,0
1449.png,0
1450.png,1
1451.png,1
1452.png,1
1453.png,0
1454.png,0
1455.png,0
1456.png,0
1457.png,1
1458.png,1
1459.png,1
1460.png,1
1461.png,0
1462.png,1
1463.png,1
1464.png,1
1465.png,1
1466.png,1
1467.png,1
1468.png,0
1469.png,1
1470.png,0
1471.png,1
1472.png,0
1473.png,1
1474.png,0
1475.png,0
1476.png,1
1477.png,1
1478.png,1
1479.png,0
1480.png,1
1481.png,1
1482.png,0
1483.png,1
1484.png,0
1485.png,0
1486.png,0
1487.png,0
1488.png,0
1489.png,0
1490.png,0
1491.png,0
1492.png,0
1493.png,1
1494.png,0
1495.png,1
1496.png,0
1497.png,0
1498.png,0
1499.png,0
1500.png,0
1501.png,1
1502.png,0
1503.png,0
1504.png,0
1505.png,0
1506.png,0
1507.png,0
1508.png,0
1509.png,0
1510.png,1
1511.png,1
1512.png,0
1513.png,1
1514.png,1
1515.png,0
1516.png,1
1517.png,0
1518.png,0
1519.png,0
1520.png,0
1521.png,0
1522.png,0
1523.png,0
1524.png,0
1525.png,0
1526.png,0
1527.png,0
1528.png,0
1529.png,0
1530.png,1
1531.png,0
1532.png,1
1533.png,1
1534.png,1
1535.png,0
1536.png,1
1537.png,1
1538.png,1
1539.png,1
1540.png,0
1541.png,0
1542.png,0
1543.png,1
1544.png,1
1545.png,0
1546.png,0
1547.png,1
1548.png,0
1549.png,0
1550.png,0
1551.png,0
1552.png,1
1553.png,0
1554.png,1
1555.png,0
1556.png,1
1557.png,1
1558.png,0
1559.png,1
1560.png,1
1561.png,1
1562.png,0
1563.png,1
1564.png,0
1565.png,0
1566.png,1
1567.png,1
1568.png,1
1569.png,0
1570.png,1
1571.png,1
1572.png,0
1573.png,1
1574.png,0
1575.png,0
1576.png,0
1577.png,0
1578.png,0
1579.png,0
1580.png,1
1581.png,1
1582.png,0
1583.png,0
1584.png,1
1585.png,0
1586.png,0
1587.png,0
1588.png,0
1589.png,0
1590.png,0
1591.png,1
1592.png,1
1593.png,1
1594.png,1
1595.png,1
1596.png,0
1597.png,0
1598.png,1
1599.png,1
1600.png,1
1601.png,0
1602.png,0
1603.png,0
1604.png,0
1605.png,1
1606.png,1
1607.png,0
1608.png,0
1609.png,0
1610.png,0
1611.png,1
1612.png,1
1613.png,1
1614.png,0
1615.png,0
1616.png,1
1617.png,0
1618.png,1
1619.png,0
1620.png,1
1621.png,1
1622.png,1
1623.png,1
1624.png,1
1625.png,1
1626.png,1
1627.png,0
1628.png,0
1629.png,0
1630.png,1
1631.png,0
1632.png,0
1633.png,0
1634.png,1
1635.png,0
1636.png,0
1637.png,0
1638.png,1
1639.png,0
1640.png,0
1641.png,1
1642.png,0
1643.png,0
1644.png,0
1645.png,0
1646.png,0
1647.png,0
1648.png,1
1649.png,0
1650.png,1
1651.png,1
1652.png,0
1653.png,1
1654.png,1
1655.png,0
1656.png,0
1657.png,1
1658.png,1
1659.png,0
1660.png,1
1661.png,0
1662.png,0
1663.png,1
1664.png,0
1665.png,0
1666.png,0
1667.png,0
1668.png,0
1669.png,0
1670.png,1
1671.png,1
1672.png,1
1673.png,1
1674.png,1
1675.png,0
1676.png,0
1677.png,1
1678.png,1
1679.png,0
1680.png,1
1681.png,0
1682.png,1
1683.png,1
1684.png,0
1685.png,1
1686.png,1
1687.png,0
1688.png,0
1689.png,0
1690.png,1
1691.png,0
1692.png,0
1693.png,1
1694.png,0
1695.png,1
1696.png,0
1697.png,0
1698.png,1
1699.png,1
1700.png,0
1701.png,1
1702.png,0
1703.png,1
1704.png,0
1705.png,1
1706.png,1
1707.png,1
1708.png,1
1709.png,0
1710.png,0
1711.png,0
1712.png,1
1713.png,0
1714.png,1
1715.png,0
1716.png,1
1717.png,0
1718.png,0
1719.png,1
1720.png,0
1721.png,1
1722.png,1
1723.png,1
1724.png,0
1725.png,0
1726.png,0
1727.png,0
1728.png,1
1729.png,1
1730.png,0
1731.png,1
1732.png,0
1733.png,0
1734.png,0
1735.png,1
1736.png,0
1737.png,0
1738.png,0
1739.png,0
1740.png,0
1741.png,0
1742.png,1
1743.png,1
1744.png,1
1745.png,0
1746.png,1
1747.png,0
1748.png,1
1749.png,0
1750.png,0
1751.png,0
1752.png,1
1753.png,0
1754.png,0
1755.png,0
1756.png,1
1757.png,0
1758.png,0
1759.png,0
1760.png,1
1761.png,0
1762.png,1
1763.png,1
1764.png,0
1765.png,0
1766.png,0
1767.png,1
1768.png,0
1769.png,1
1770.png,0
1771.png,0
1772.png,0
1773.png,0
1774.png,0
1775.png,1
1776.png,0
1777.png,1
1778.png,0
1779.png,1
1780.png,0
1781.png,0
1782.png,0
1783.png,1
1784.png,1
1785.png,0
1786.png,1
1787.png,0
1788.png,0
1789.png,0
1790.png,1
1791.png,1
1792.png,1
1793.png,1
1794.png,1
1795.png,0
1796.png,1
1797.png,0
1798.png,1
1799.png,0
1800.png,0
1801.png,0
1802.png,1
1803.png,0
1804.png,1
1805.png,0
1806.png,1
1807.png,1
1808.png,0
1809.png,0
1810.png,1
1811.png,1
1812.png,0
1813.png,0
1814.png,0
1815.png,1
1816.png,0
1817.png,1
1818.png,1
1819.png,1
1820.png,0
1821.png,0
1822.png,1
1823.png,0
1824.png,0
1825.png,1
1826.png,0
1827.png,0
1828.png,1
1829.png,1
1830.png,0
1831.png,0
1832.png,1
1833.png,1
1834.png,0
1835.png,1
1836.png,1
1837.png,0
1838.png,0
1839.png,0
1840.png,0
1841.png,1
1842.png,1
1843.png,0
1844.png,1
1845.png,0
1846.png,0
1847.png,0
1848.png,1
1849.png,1
1850.png,0
1851.png,1
1852.png,1
1853.png,0
1854.png,0
1855.png,1
1856.png,1
1857.png,1
1858.png,0
1859.png,0
1860.png,0
1861.png,1
1862.png,0
1863.png,0
1864.png,1
1865.png,0
1866.png,1
1867.png,1
1868.png,1
1869.png,1
1870.png,0
1871.png,1
1872.png,1
1873.png,0
1874.png,1
1875.png,1
1876.png,1
1877.png,1
1878.png,1
1879.png,0
1880.png,0
1881.png,1
1882.png,1
1883.png,0
1884.png,0
1885.png,1
1886.png,0
1887.png,1
1888.png,1
1889.png,0
1890.png,0
1891.png,0
1892.png,0
1893.png,0
1894.png,0
1895.png,1
1896.png,0
1897.png,1
1898.png,0
1899.png,1
1900.png,1
1901.png,0
1902.png,0
1903.png,1
1904.png,0
1905.png,0
1906.png,0
1907.png,0
1908.png,1
1909.png,1
1910.png,0
1911.png,0
1912.png,0
1913.png,1
1914.png,0
1915.png,0
1916.png,1
1917.png,1
1918.png,1
1919.png,1
1920.png,1
1921.png,1
1922.png,1
1923.png,1
1924.png,1
1925.png,0
1926.png,1
1927.png,1
1928.png,1
1929.png,1
1930.png,0
1931.png,1
1932.png,1
1933.png,0
1934.png,1
1935.png,0
1936.png,1
1937.png,1
1938.png,0
1939.png,1
1940.png,1
1941.png,1
1942.png,1
1943.png,1
1944.png,1
1945.png,1
1946.png,1
1947.png,0
1948.png,1
1949.png,1
1950.png,1
1951.png,1
1952.png,0
1953.png,0
1954.png,1
1955.png,0
1956.png,0
1957.png,0
1958.png,1
1959.png,1
1960.png,0
1961.png,1
1962.png,1
1963.png,1
1964.png,1
1965.png,0
1966.png,1
1967.png,0
1968.png,0
1969.png,0
1970.png,0
1971.png,1
1972.png,0
1973.png,0
1974.png,0
1975.png,1
1976.png,1
1977.png,1
1978.png,0
1979.png,1
1980.png,1
1981.png,0
1982.png,1
1983.png,1
1984.png,0
1985.png,1
1986.png,0
1987.png,0
1988.png,0
1989.png,0
1990.png,0
1991.png,0
1992.png,1
1993.png,0
1994.png,0
1995.png,0
1996.png,0
1997.png,1
1998.png,0
1999.png,1
2000.png,1
2001.png,1
2002.png,0
2003.png,0
2004.png,0
2005.png,0
2006.png,0
2007.png,0
2008.png,0
2009.png,1
2010.png,1
2011.png,1
2012.png,0
2013.png,0
2014.png,1
2015.png,0
2016.png,0
2017.png,1
2018.png,0
2019.png,1
2020.png,1
2021.png,0
2022.png,1
2023.png,0
2024.png,1
2025.png,0
2026.png,0
2027.png,1
2028.png,0
2029.png,0
2030.png,1
2031.png,0
2032.png,1
2033.png,1
2034.png,0
2035.png,0
2036.png,0
2037.png,1
2038.png,1
2039.png,1
2040.png,0
2041.png,1
2042.png,1
2043.png,1
2044.png,1
2045.png,1
2046.png,0
2047.png,0
2048.png,1
2049.png,0
2050.png,1
2051.png,1
2052.png,0
2053.png,0
2054.png,0
2055.png,0
2056.png,0
2057.png,0
2058.png,0
2059.png,1
2060.png,1
2061.png,1
2062.png,0
2063.png,1
2064.png,0
2065.png,0
2066.png,1
2067.png,1
2068.png,1
2069.png,1
2070.png,1
2071.png,0
2072.png,0
2073.png,1
2074.png,1
2075.png,0
2076.png,1
2077.png,1
2078.png,0
2079.png,1
2080.png,1
2081.png,0
2082.png,0
2083.png,1
2084.png,0
2085.png,0
2086.png,0
2087.png,1
2088.png,1
2089.png,1
2090.png,0
2091.png,1
2092.png,1
2093.png,1
2094.png,0
2095.png,0
2096.png,1
2097.png,0
2098.png,1
2099.png,1
2100.png,1
2101.png,0
2102.png,1
2103.png,1
2104.png,1
2105.png,1
2106.png,1
2107.png,0
2108.png,1
2109.png,0
2110.png,0
2111.png,1
2112.png,0
2113.png,0
2114.png,1
2115.png,1
2116.png,0
2117.png,0
2118.png,0
2119.png,1
2120.png,1
2121.png,1
2122.png,0
2123.png,0
2124.png,0
2125.png,0
2126.png,1
2127.png,1
2128.png,0
2129.png,1
2130.png,0
2131.png,0
2132.png,1
2133.png,1
2134.png,1
2135.png,1
2136.png,1
2137.png,1
2138.png,0
2139.png,0
2140.png,0
2141.png,0
2142.png,0
2143.png,1
2144.png,1
2145.png,1
2146.png,0
2147.png,1
2148.png,1
2149.png,0
2150.png,0
2151.png,1
2152.png,1
2153.png,1
2154.png,1
2155.png,0
2156.png,1
2157.png,0
2158.png,0
2159.png,0
2160.png,1
2161.png,0
2162.png,0
2163.png,0
2164.png,0
2165.png,1
2166.png,1
2167.png,1
2168.png,0
2169.png,1
2170.png,1
2171.png,0
2172.png,0
2173.png,0
2174.png,1
2175.png,1
2176.png,1
2177.png,1
2178.png,0
2179.png,0
2180.png,0
2181.png,1
2182.png,1
2183.png,0
2184.png,1
2185.png,0
2186.png,0
2187.png,0
2188.png,0
2189.png,1
2190.png,1
2191.png,0
2192.png,1
2193.png,1
2194.png,0
2195.png,1
2196.png,1
2197.png,0
2198.png,1
2199.png,0
2200.png,0
2201.png,0
2202.png,1
2203.png,1
2204.png,0
2205.png,1
2206.png,0
2207.png,0
2208.png,0
2209.png,0
2210.png,1
2211.png,1
2212.png,0
2213.png,0
2214.png,1
2215.png,0
2216.png,0
2217.png,1
2218.png,1
2219.png,1
2220.png,0
2221.png,1
2222.png,1
2223.png,0
2224.png,0
2225.png,1
2226.png,0
2227.png,0
2228.png,1
2229.png,0
2230.png,1
2231.png,1
2232.png,1
2233.png,0
2234.png,1
2235.png,0
2236.png,1
2237.png,0
2238.png,0
2239.png,1
2240.png,0
2241.png,0
2242.png,0
2243.png,1
2244.png,0
2245.png,0
2246.png,0
2247.png,0
2248.png,1
2249.png,0
2250.png,0
2251.png,1
2252.png,0
2253.png,0
2254.png,1
2255.png,1
2256.png,1
2257.png,0
2258.png,0
2259.png,0
2260.png,1
2261.png,1
2262.png,1
2263.png,1
2264.png,0
2265.png,1
2266.png,0
2267.png,0
2268.png,1
2269.png,0
2270.png,0
2271.png,0
2272.png,0
2273.png,0
2274.png,0
2275.png,1
2276.png,0
2277.png,0
2278.png,1
2279.png,0
2280.png,0
2281.png,0
2282.png,1
2283.png,0
2284.png,1
2285.png,0
2286.png,1
2287.png,1
2288.png,0
2289.png,1
2290.png,1
2291.png,1
2292.png,0
2293.png,0
2294.png,0
2295.png,0
2296.png,1
2297.png,1
2298.png,1
2299.png,1
2300.png,0
2301.png,0
2302.png,1
2303.png,1
2304.png,1
2305.png,1
2306.png,1
2307.png,0
2308.png,0
2309.png,1
2310.png,0
2311.png,1
2312.png,1
2313.png,0
2314.png,0
2315.png,0
2316.png,1
2317.png,1
2318.png,1
2319.png,0
2320.png,0
2321.png,1
2322.png,1
2323.png,0
2324.png,1
2325.png,0
2326.png,1
2327.png,1
2328.png,0
2329.png,1
2330.png,0
2331.png,0
2332.png,1
2333.png,1
2334.png,0
2335.png,1
2336.png,1
2337.png,1
2338.png,0
2339.png,1
2340.png,0
2341.png,1
2342.png,0
2343.png,1
2344.png,1
2345.png,0
2346.png,0
2347.png,1
2348.png,1
2349.png,0
2350.png,1
2351.png,1
2352.png,1
2353.png,0
2354.png,0
2355.png,1
2356.png,0
2357.png,1
2358.png,1
2359.png,0
2360.png,1
2361.png,0
2362.png,1
2363.png,1
2364.png,0
2365.png,0
2366.png,0
2367.png,0
2368.png,1
2369.png,0
2370.png,0
2371.png,1
2372.png,0
2373.png,0
2374.png,1
2375.png,0
2376.png,0
2377.png,1
2378.png,1
2379.png,1
2380.png,1
2381.png,1
2382.png,1
2383.png,1
2384.png,1
2385.png,0
2386.png,0
2387.png,0
2388.png,0
2389.png,1
2390.png,0
2391.png,0
2392.png,0
2393.png,0
2394.png,1
2395.png,0
2396.png,1
2397.png,0
2398.png,0
2399.png,1
2400.png,0
2401.png,0
2402.png,1
2403.png,1
2404.png,1
2405.png,0
2406.png,0
2407.png,0
2408.png,0
2409.png,1
2410.png,0
2411.png,1
2412.png,0
2413.png,1
2414.png,1
2415.png,0
2416.png,0
2417.png,1
2418.png,1
2419.png,1
2420.png,1
2421.png,0
2422.png,1
2423.png,1
2424.png,0
2425.png,0
2426.png,1
2427.png,0
2428.png,1
2429.png,0
2430.png,1
2431.png,0
2432.png,0
2433.png,1
2434.png,0
2435.png,1
2436.png,0
2437.png,0
2438.png,1
2439.png,1
2440.png,1
2441.png,0
2442.png,1
2443.png,1
2444.png,0
2445.png,1
2446.png,0
2447.png,1
2448.png,1
2449.png,0
2450.png,0
2451.png,0
2452.png,0
2453.png,0
2454.png,1
2455.png,0
2456.png,0
2457.png,0
2458.png,0
2459.png,1
2460.png,1
2461.png,1
2462.png,1
2463.png,1
2464.png,0
2465.png,0
2466.png,1
2467.png,1
2468.png,0
2469.png,1
2470.png,1
2471.png,0
2472.png,1
2473.png,0
2474.png,0
2475.png,1
2476.png,0
2477.png,0
2478.png,1
2479.png,1
2480.png,1
2481.png,0
2482.png,0
2483.png,0
2484.png,0
2485.png,1
2486.png,1
2487.png,1
2488.png,1
2489.png,0
2490.png,0
2491.png,1
2492.png,1
2493.png,1
2494.png,1
2495.png,1
2496.png,0
2497.png,1
2498.png,1
2499.png,1
2500.png,0
2501.png,0
2502.png,0
2503.png,0
2504.png,1
2505.png,1
2506.png,0
2507.png,1
2508.png,0
2509.png,0
2510.png,0
2511.png,1
2512.png,0
2513.png,0
2514.png,1
2515.png,1
2516.png,1
2517.png,0
2518.png,1
2519.png,1
2520.png,1
2521.png,0
2522.png,0
2523.png,1
2524.png,1
2525.png,0
2526.png,1
2527.png,1
2528.png,1
2529.png,0
2530.png,1
2531.png,0
2532.png,1
2533.png,1
2534.png,0
2535.png,0
2536.png,0
2537.png,0
2538.png,1
2539.png,1
2540.png,1
2541.png,1
2542.png,0
2543.png,1
2544.png,0
2545.png,1
2546.png,0
2547.png,0
2548.png,1
2549.png,0
2550.png,0
2551.png,0
2552.png,0
2553.png,1
2554.png,1
2555.png,0
2556.png,1
2557.png,0
2558.png,1
2559.png,1
2560.png,0
2561.png,0
2562.png,1
2563.png,1
2564.png,0
2565.png,0
2566.png,1
2567.png,0
2568.png,1
2569.png,0
2570.png,1
2571.png,0
2572.png,0
2573.png,1
2574.png,0
2575.png,0
2576.png,0
2577.png,0
2578.png,1
2579.png,0
2580.png,0
2581.png,0
2582.png,1
2583.png,1
2584.png,1
2585.png,1
2586.png,1
2587.png,1
2588.png,0
2589.png,0
2590.png,1
2591.png,1
2592.png,1
2593.png,0
2594.png,1
2595.png,1
2596.png,1
2597.png,0
2598.png,0
2599.png,0
2600.png,1
2601.png,1
2602.png,0
2603.png,1
2604.png,0
2605.png,0
2606.png,0
2607.png,1
2608.png,0
2609.png,0
2610.png,0
2611.png,1
2612.png,0
2613.png,0
2614.png,1
2615.png,1
2616.png,1
2617.png,1
2618.png,0
2619.png,1
2620.png,1
2621.png,0
2622.png,1
2623.png,1
2624.png,0
2625.png,1
2626.png,0
2627.png,0
2628.png,0
2629.png,1
2630.png,1
2631.png,1
2632.png,0
2633.png,1
2634.png,1
2635.png,0
2636.png,0
2637.png,1
2638.png,0
2639.png,1
2640.png,1
2641.png,0
2642.png,1
2643.png,0
2644.png,1
2645.png,1
2646.png,0
2647.png,1
2648.png,0
2649.png,0
2650.png,0
2651.png,1
2652.png,1
2653.png,0
2654.png,0
2655.png,0
2656.png,0
2657.png,1
2658.png,1
2659.png,1
2660.png,1
2661.png,0
2662.png,1
2663.png,1
2664.png,1
2665.png,0
2666.png,1
2667.png,1
2668.png,1
2669.png,1
2670.png,1
2671.png,0
2672.png,0
2673.png,1
2674.png,0
2675.png,1
2676.png,1
2677.png,0
2678.png,0
2679.png,0
2680.png,1
2681.png,1
2682.png,1
2683.png,0
2684.png,0
2685.png,0
2686.png,0
2687.png,0
2688.png,0
2689.png,0
2690.png,1
2691.png,0
2692.png,1
2693.png,0
2694.png,1
2695.png,1
2696.png,0
2697.png,1
2698.png,0
2699.png,0
2700.png,0
2701.png,0
2702.png,1
2703.png,1
2704.png,0
2705.png,1
2706.png,1
2707.png,0
2708.png,1
2709.png,1
2710.png,0
2711.png,1
2712.png,1
2713.png,1
2714.png,1
2715.png,1
2716.png,0
2717.png,0
2718.png,1
2719.png,0
2720.png,1
2721.png,1
2722.png,1
2723.png,0
2724.png,1
2725.png,1
2726.png,0
2727.png,1
2728.png,1
2729.png,1
2730.png,0
2731.png,0
2732.png,1
2733.png,0
2734.png,0
2735.png,1
2736.png,0
2737.png,1
2738.png,1
2739.png,1
2740.png,0
2741.png,0
2742.png,0
2743.png,0
2744.png,0
2745.png,0
2746.png,1
2747.png,0
2748.png,1
2749.png,1
2750.png,1
2751.png,0
2752.png,0
2753.png,0
2754.png,1
2755.png,1
2756.png,0
2757.png,1
2758.png,0
2759.png,0
2760.png,1
2761.png,1
2762.png,1
2763.png,1
2764.png,0
2765.png,1
2766.png,0
2767.png,1
2768.png,1
2769.png,1
2770.png,0
2771.png,0
2772.png,0
2773.png,0
2774.png,0
2775.png,1
2776.png,1
2777.png,1
2778.png,0
2779.png,1
2780.png,1
2781.png,1
2782.png,0
2783.png,1
2784.png,1
2785.png,1
2786.png,1
2787.png,1
2788.png,0
2789.png,1
2790.png,0
2791.png,1
2792.png,0
2793.png,1
2794.png,1
2795.png,0
2796.png,1
2797.png,1
2798.png,1
2799.png,1
2800.png,1
2801.png,0
2802.png,0
2803.png,1
2804.png,1
2805.png,0
2806.png,0
2807.png,1
2808.png,1
2809.png,0
2810.png,1
2811.png,1
2812.png,0
2813.png,1
2814.png,1
2815.png,1
2816.png,0
2817.png,1
2818.png,1
2819.png,0
2820.png,0
2821.png,0
2822.png,1
2823.png,0
2824.png,0
2825.png,1
2826.png,0
2827.png,0
2828.png,0
2829.png,0
2830.png,0
2831.png,0
2832.png,1
2833.png,0
2834.png,1
2835.png,1
2836.png,1
2837.png,0
2838.png,0
2839.png,1
2840.png,1
2841.png,0
2842.png,1
2843.png,1
2844.png,1
2845.png,0
2846.png,0
2847.png,0
2848.png,0
2849.png,1
2850.png,1
2851.png,1
2852.png,1
2853.png,1
2854.png,0
2855.png,0
2856.png,1
2857.png,1
2858.png,1
2859.png,0
2860.png,0
2861.png,1
2862.png,1
2863.png,1
2864.png,0
2865.png,0
2866.png,0
2867.png,1
2868.png,1
2869.png,1
2870.png,0
2871.png,0
2872.png,1
2873.png,0
2874.png,1
2875.png,1
2876.png,0
2877.png,1
2878.png,1
2879.png,0
2880.png,1
2881.png,0
2882.png,1
2883.png,1
2884.png,1
2885.png,0
2886.png,1
2887.png,1
2888.png,0
2889.png,1
2890.png,1
2891.png,1
2892.png,0
2893.png,0
2894.png,1
2895.png,0
2896.png,1
2897.png,0
2898.png,0
2899.png,1
2900.png,1
2901.png,0
2902.png,1
2903.png,0
2904.png,0
2905.png,1
2906.png,1
2907.png,0
2908.png,0
2909.png,0
2910.png,0
2911.png,0
2912.png,0
2913.png,1
2914.png,0
2915.png,0
2916.png,0
2917.png,1
2918.png,1
2919.png,1
2920.png,1
2921.png,1
2922.png,0
2923.png,1
2924.png,0
2925.png,0
2926.png,1
2927.png,1
2928.png,1
2929.png,0
2930.png,0
2931.png,0
2932.png,0
2933.png,0
2934.png,1
2935.png,1
2936.png,0
2937.png,1
2938.png,0
2939.png,1
2940.png,0
2941.png,0
2942.png,1
2943.png,1
2944.png,0
2945.png,0
2946.png,0
2947.png,0
2948.png,0
2949.png,0
2950.png,0
2951.png,1
2952.png,0
2953.png,1
2954.png,0
2955.png,0
2956.png,0
2957.png,0
2958.png,1
2959.png,0
2960.png,0
2961.png,1
2962.png,1
2963.png,1
2964.png,0
2965.png,1
2966.png,0
2967.png,1
2968.png,0
2969.png,0
2970.png,0
2971.png,1
2972.png,1
2973.png,1
2974.png,1
2975.png,1
2976.png,1
2977.png,1
2978.png,0
2979.png,0
2980.png,0
2981.png,0
2982.png,1
2983.png,0
2984.png,0
2985.png,0
2986.png,0
2987.png,1
2988.png,1
2989.png,1
2990.png,1
2991.png,1
2992.png,1
2993.png,1
2994.png,1
2995.png,0
2996.png,0
2997.png,0
2998.png,0
2999.png,0
3000.png,1
3001.png,0
3002.png,0
3003.png,1
3004.png,0
3005.png,0
3006.png,1
3007.png,1
3008.png,1
3009.png,0
3010.png,0
3011.png,0
3012.png,0
3013.png,0
3014.png,0
3015.png,1
3016.png,0
3017.png,1
3018.png,1
3019.png,0
3020.png,0
3021.png,0
3022.png,1
3023.png,1
3024.png,1
3025.png,0
3026.png,0
3027.png,1
3028.png,1
3029.png,0
3030.png,1
3031.png,1
3032.png,1
3033.png,0
3034.png,0
3035.png,1
3036.png,1
3037.png,1
3038.png,0
3039.png,0
3040.png,0
3041.png,0
3042.png,0
3043.png,1
3044.png,0
3045.png,1
3046.png,1
3047.png,0
3048.png,1
3049.png,0
3050.png,0
3051.png,0
3052.png,1
3053.png,1
3054.png,0
3055.png,1
3056.png,1
3057.png,1
3058.png,0
3059.png,0
3060.png,1
3061.png,0
3062.png,0
3063.png,0
3064.png,1
3065.png,0
3066.png,0
3067.png,1
3068.png,0
3069.png,1
3070.png,1
3071.png,1
3072.png,1
3073.png,1
3074.png,0
3075.png,0
3076.png,0
3077.png,0
3078.png,0
3079.png,0
3080.png,1
3081.png,0
3082.png,0
3083.png,0
3084.png,1
3085.png,0
3086.png,1
3087.png,0
3088.png,1
3089.png,0
3090.png,0
3091.png,0
3092.png,1
3093.png,1
3094.png,0
3095.png,0
3096.png,0
3097.png,1
3098.png,1
3099.png,1
3100.png,1
3101.png,1
3102.png,1
3103.png,0
3104.png,0
3105.png,0
3106.png,0
3107.png,1
3108.png,0
3109.png,0
3110.png,0
3111.png,0
3112.png,1
3113.png,1
3114.png,1
3115.png,0
3116.png,0
3117.png,0
3118.png,1
3119.png,1
3120.png,1
3121.png,0
3122.png,0
3123.png,0
3124.png,0
3125.png,0
3126.png,0
3127.png,1
3128.png,1
3129.png,1
3130.png,0
3131.png,0
3132.png,0
3133.png,0
3134.png,0
3135.png,1
3136.png,0
3137.png,0
3138.png,0
3139.png,0
3140.png,1
3141.png,0
3142.png,1
3143.png,1
3144.png,1
3145.png,0
3146.png,1
3147.png,0
3148.png,1
3149.png,1
3150.png,1
3151.png,0
3152.png,1
3153.png,0
3154.png,0
3155.png,0
3156.png,0
3157.png,0
3158.png,0
3159.png,0
3160.png,1
3161.png,0
3162.png,1
3163.png,0
3164.png,1
3165.png,0
3166.png,0
3167.png,0
3168.png,0
3169.png,1
3170.png,1
3171.png,1
3172.png,0
3173.png,0
3174.png,1
3175.png,0
3176.png,1
3177.png,1
3178.png,1
3179.png,1
3180.png,1
3181.png,1
3182.png,1
3183.png,0
3184.png,0
3185.png,1
3186.png,0
3187.png,0
3188.png,1
3189.png,1
3190.png,1
3191.png,1
3192.png,1
3193.png,0
3194.png,1
3195.png,0
3196.png,1
3197.png,1
3198.png,0
3199.png,1
3200.png,1
3201.png,0
3202.png,0
3203.png,0
3204.png,0
3205.png,0
3206.png,0
3207.png,1
3208.png,0
3209.png,1
3210.png,0
3211.png,0
3212.png,0
3213.png,0
3214.png,1
3215.png,1
3216.png,0
3217.png,1
3218.png,1
3219.png,1
3220.png,0
3221.png,1
3222.png,0
3223.png,1
3224.png,0
3225.png,1
3226.png,1
3227.png,1
3228.png,0
3229.png,1
3230.png,1
3231.png,0
3232.png,0
3233.png,0
3234.png,1
3235.png,0
3236.png,0
3237.png,0
3238.png,1
3239.png,0
3240.png,1
3241.png,1
3242.png,0
3243.png,0
3244.png,1
3245.png,0
3246.png,0
3247.png,1
3248.png,0
3249.png,1
3250.png,0
3251.png,1
3252.png,1
3253.png,0
3254.png,1
3255.png,1
3256.png,0
3257.png,1
3258.png,0
3259.png,1
3260.png,0
3261.png,1
3262.png,1
3263.png,0
3264.png,1
3265.png,0
3266.png,0
3267.png,0
3268.png,0
3269.png,1
3270.png,0
3271.png,0
3272.png,1
3273.png,1
3274.png,0
3275.png,0
3276.png,0
3277.png,0
3278.png,1
3279.png,0
3280.png,0
3281.png,0
3282.png,0
3283.png,1
3284.png,0
3285.png,1
3286.png,1
3287.png,0
3288.png,1
3289.png,1
3290.png,0
3291.png,1
3292.png,1
3293.png,1
3294.png,0
3295.png,1
3296.png,0
3297.png,0
3298.png,0
3299.png,1
3300.png,1
3301.png,1
3302.png,0
3303.png,0
3304.png,1
3305.png,0
3306.png,0
3307.png,1
3308.png,0
3309.png,1
3310.png,0
3311.png,0
3312.png,1
3313.png,1
3314.png,1
3315.png,0
3316.png,0
3317.png,0
3318.png,0
3319.png,1
3320.png,1
3321.png,0
3322.png,1
3323.png,1
3324.png,1
3325.png,0
3326.png,0
3327.png,0
3328.png,0
3329.png,0
3330.png,0
3331.png,1
3332.png,1
3333.png,0
3334.png,1
3335.png,1
3336.png,0
3337.png,1
3338.png,1
3339.png,0
3340.png,0
3341.png,0
3342.png,0
3343.png,0
3344.png,0
3345.png,0
3346.png,1
3347.png,0
3348.png,0
3349.png,0
3350.png,0
3351.png,1
3352.png,0
3353.png,0
3354.png,0
3355.png,1
3356.png,0
3357.png,0
3358.png,0
3359.png,1
3360.png,0
3361.png,1
3362.png,1
3363.png,0
3364.png,0
3365.png,1
3366.png,1
3367.png,1
3368.png,1
3369.png,0
3370.png,1
3371.png,1
3372.png,1
3373.png,0
3374.png,1
3375.png,0
3376.png,0
3377.png,1
3378.png,0
3379.png,1
3380.png,1
3381.png,0
3382.png,0
3383.png,1
3384.png,0
3385.png,0
3386.png,1
3387.png,1
3388.png,1
3389.png,0
3390.png,0
3391.png,0
3392.png,0
3393.png,1
3394.png,0
3395.png,1
3396.png,1
3397.png,1
3398.png,1
3399.png,1
3400.png,0
3401.png,1
3402.png,1
3403.png,1
3404.png,0
3405.png,0
3406.png,1
3407.png,1
3408.png,0
3409.png,0
3410.png,0
3411.png,0
3412.png,0
3413.png,0
3414.png,1
3415.png,0
3416.png,0
3417.png,1
3418.png,1
3419.png,0
3420.png,0
3421.png,1
3422.png,1
3423.png,0
3424.png,0
3425.png,0
3426.png,0
3427.png,1
3428.png,0
3429.png,1
3430.png,0
3431.png,0
3432.png,1
3433.png,1
3434.png,0
3435.png,1
3436.png,0
3437.png,0
3438.png,0
3439.png,1
3440.png,0
3441.png,1
3442.png,0
3443.png,1
3444.png,1
3445.png,1
3446.png,0
3447.png,0
3448.png,1
3449.png,0
3450.png,1
3451.png,0
3452.png,1
3453.png,1
3454.png,1
3455.png,1
3456.png,1
3457.png,1
3458.png,1
3459.png,0
3460.png,1
3461.png,1
3462.png,1
3463.png,0
3464.png,1
3465.png,1
3466.png,0
3467.png,1
3468.png,1
3469.png,0
3470.png,1
3471.png,1
3472.png,1
3473.png,1
3474.png,1
3475.png,0
3476.png,1
3477.png,1
3478.png,0
3479.png,0
3480.png,0
3481.png,1
3482.png,0
3483.png,1
3484.png,0
3485.png,1
3486.png,1
3487.png,1
3488.png,1
3489.png,0
3490.png,0
3491.png,1
3492.png,1
3493.png,0
3494.png,1
3495.png,1
3496.png,0
3497.png,0
3498.png,0
3499.png,0
3500.png,1
3501.png,0
3502.png,1
3503.png,1
3504.png,1
3505.png,0
3506.png,0
3507.png,0
3508.png,0
3509.png,0
3510.png,1
3511.png,0
3512.png,1
3513.png,0
3514.png,0
3515.png,0
3516.png,1
3517.png,0
3518.png,0
3519.png,1
3520.png,0
3521.png,0
3522.png,0
3523.png,0
3524.png,1
3525.png,0
3526.png,0
3527.png,1
3528.png,1
3529.png,1
3530.png,0
3531.png,1
3532.png,0
3533.png,1
3534.png,0
3535.png,0
3536.png,0
3537.png,0
3538.png,1
3539.png,0
3540.png,1
3541.png,1
3542.png,0
3543.png,0
3544.png,0
3545.png,1
3546.png,1
3547.png,0
3548.png,1
3549.png,0
3550.png,0
3551.png,1
3552.png,0
3553.png,1
3554.png,1
3555.png,1
3556.png,1
3557.png,1
3558.png,0
3559.png,1
3560.png,1
3561.png,0
3562.png,0
3563.png,1
3564.png,0
3565.png,0
3566.png,0
3567.png,1
3568.png,0
3569.png,0
3570.png,1
3571.png,1
3572.png,1
3573.png,0
3574.png,1
3575.png,1
3576.png,0
3577.png,0
3578.png,0
3579.png,0
3580.png,1
3581.png,1
3582.png,1
3583.png,1
3584.png,1
3585.png,0
3586.png,0
3587.png,0
3588.png,0
3589.png,0
3590.png,1
3591.png,0
3592.png,0
3593.png,1
3594.png,1
3595.png,1
3596.png,1
3597.png,0
3598.png,1
3599.png,1
3600.png,1
3601.png,1
3602.png,0
3603.png,0
3604.png,1
3605.png,1
3606.png,0
3607.png,0
3608.png,0
3609.png,1
3610.png,1
3611.png,1
3612.png,1
3613.png,1
3614.png,1
3615.png,0
3616.png,1
3617.png,1
3618.png,1
3619.png,1
3620.png,1
3621.png,0
3622.png,1
3623.png,1
3624.png,0
3625.png,1
3626.png,0
3627.png,0
3628.png,0
3629.png,0
3630.png,1
3631.png,0
3632.png,0
3633.png,0
3634.png,0
3635.png,0
3636.png,0
3637.png,1
3638.png,1
3639.png,1
3640.png,0
3641.png,1
3642.png,1
3643.png,0
3644.png,0
3645.png,0
3646.png,0
3647.png,0
3648.png,1
3649.png,0
3650.png,0
3651.png,1
3652.png,1
3653.png,1
3654.png,0
3655.png,0
3656.png,0
3657.png,1
3658.png,0
3659.png,0
3660.png,1
3661.png,0
3662.png,0
3663.png,1
3664.png,1
3665.png,0
3666.png,0
3667.png,1
3668.png,0
3669.png,1
3670.png,1
3671.png,1
3672.png,0
3673.png,1
3674.png,1
3675.png,0
3676.png,1
3677.png,0
3678.png,0
3679.png,0
3680.png,1
3681.png,1
3682.png,1
3683.png,1
3684.png,1
3685.png,1
3686.png,1
3687.png,0
3688.png,0
3689.png,0
3690.png,0
3691.png,0
3692.png,1
3693.png,1
3694.png,0
3695.png,1
3696.png,1
3697.png,1
3698.png,0
3699.png,0
3700.png,1
3701.png,0
3702.png,1
3703.png,0
3704.png,0
3705.png,1
3706.png,0
3707.png,0
3708.png,0
3709.png,1
3710.png,0
3711.png,0
3712.png,0
3713.png,1
3714.png,1
3715.png,0
3716.png,0
3717.png,1
3718.png,1
3719.png,0
3720.png,1
3721.png,0
3722.png,1
3723.png,0
3724.png,1
3725.png,0
3726.png,0
3727.png,1
3728.png,1
3729.png,1
3730.png,0
3731.png,0
3732.png,0
3733.png,1
3734.png,0
3735.png,0
3736.png,0
3737.png,0
3738.png,1
3739.png,0
3740.png,0
3741.png,0
3742.png,0
3743.png,1
3744.png,1
3745.png,0
3746.png,1
3747.png,0
3748.png,0
3749.png,0
3750.png,0
3751.png,0
3752.png,0
3753.png,1
3754.png,0
3755.png,1
3756.png,1
3757.png,0
3758.png,1
3759.png,1
3760.png,0
3761.png,0
3762.png,1
3763.png,1
3764.png,0
3765.png,1
3766.png,0
3767.png,0
3768.png,0
3769.png,1
3770.png,1
3771.png,1
3772.png,0
3773.png,0
3774.png,0
3775.png,1
3776.png,0
3777.png,1
3778.png,0
3779.png,1
3780.png,0
3781.png,1
3782.png,1
3783.png,0
3784.png,1
3785.png,0
3786.png,0
3787.png,1
3788.png,1
3789.png,1
3790.png,1
3791.png,1
3792.png,0
3793.png,1
3794.png,1
3795.png,0
3796.png,0
3797.png,0
3798.png,1
3799.png,1
3800.png,1
3801.png,0
3802.png,1
3803.png,0
3804.png,0
3805.png,0
3806.png,1
3807.png,0
3808.png,0
3809.png,1
3810.png,0
3811.png,1
3812.png,0
3813.png,1
3814.png,1
3815.png,1
3816.png,1
3817.png,0
3818.png,1
3819.png,0
3820.png,0
3821.png,0
3822.png,1
3823.png,1
3824.png,0
3825.png,0
3826.png,0
3827.png,0
3828.png,1
3829.png,0
3830.png,1
3831.png,1
3832.png,1
3833.png,0
3834.png,0
3835.png,1
3836.png,0
3837.png,1
3838.png,1
3839.png,0
3840.png,0
3841.png,0
3842.png,0
3843.png,1
3844.png,0
3845.png,0
3846.png,0
3847.png,1
3848.png,0
3849.png,1
3850.png,1
3851.png,0
3852.png,1
3853.png,0
3854.png,1
3855.png,0
3856.png,1
3857.png,1
3858.png,0
3859.png,1
3860.png,0
3861.png,1
3862.png,0
3863.png,1
3864.png,0
3865.png,0
3866.png,1
3867.png,0
3868.png,0
3869.png,1
3870.png,0
3871.png,0
3872.png,0
3873.png,0
3874.png,0
3875.png,1
3876.png,0
3877.png,1
3878.png,1
3879.png,1
3880.png,0
3881.png,1
3882.png,0
3883.png,0
3884.png,1
3885.png,0
3886.png,0
3887.png,0
3888.png,1
3889.png,1
3890.png,1
3891.png,0
3892.png,1
3893.png,1
3894.png,1
3895.png,0
3896.png,0
3897.png,0
3898.png,1
3899.png,1
3900.png,0
3901.png,0
3902.png,1
3903.png,1
3904.png,1
3905.png,0
3906.png,1
3907.png,0
3908.png,1
3909.png,1
3910.png,0
3911.png,0
3912.png,1
3913.png,0
3914.png,0
3915.png,1
3916.png,0
3917.png,1
3918.png,0
3919.png,1
3920.png,1
3921.png,1
3922.png,0
3923.png,0
3924.png,0
3925.png,1
3926.png,1
3927.png,0
3928.png,1
3929.png,0
3930.png,0
3931.png,0
3932.png,1
3933.png,0
3934.png,1
3935.png,0
3936.png,0
3937.png,0
3938.png,1
3939.png,1
3940.png,1
3941.png,0
3942.png,1
3943.png,0
3944.png,0
3945.png,1
3946.png,0
3947.png,0
3948.png,0
3949.png,0
3950.png,0
3951.png,1
3952.png,0
3953.png,0
3954.png,1
3955.png,0
3956.png,1
3957.png,1
3958.png,0
3959.png,0
3960.png,0
3961.png,0
3962.png,0
3963.png,1
3964.png,0
3965.png,0
3966.png,0
3967.png,1
3968.png,1
3969.png,1
3970.png,1
3971.png,0
3972.png,0
3973.png,1
3974.png,1
3975.png,0
3976.png,0
3977.png,1
3978.png,0
3979.png,0
3980.png,0
3981.png,0
3982.png,0
3983.png,1
3984.png,1
3985.png,1
3986.png,0
3987.png,0
3988.png,1
3989.png,0
3990.png,1
3991.png,0
3992.png,1
3993.png,0
3994.png,0
3995.png,1
3996.png,0
3997.png,1
3998.png,1
3999.png,1
4000.png,1
4001.png,1
4002.png,0
4003.png,0
4004.png,0
4005.png,0
4006.png,1
4007.png,1
4008.png,0
4009.png,0
4010.png,0
4011.png,1
4012.png,1
4013.png,0
4014.png,0
4015.png,0
4016.png,1
4017.png,0
4018.png,1
4019.png,1
4020.png,0
4021.png,1
4022.png,0
4023.png,0
4024.png,0
4025.png,0
4026.png,0
4027.png,0
4028.png,1
4029.png,0
4030.png,1
4031.png,1
4032.png,0
4033.png,1
4034.png,0
4035.png,0
4036.png,0
4037.png,0
4038.png,0
4039.png,0
4040.png,0
4041.png,0
4042.png,0
4043.png,1
4044.png,1
4045.png,1
4046.png,0
4047.png,1
4048.png,0
4049.png,0
4050.png,0
4051.png,0
4052.png,0
4053.png,0
4054.png,0
4055.png,0
4056.png,1
4057.png,1
4058.png,1
4059.png,1
4060.png,0
4061.png,1
4062.png,1
4063.png,0
4064.png,0
4065.png,0
4066.png,0
4067.png,1
4068.png,0
4069.png,0
4070.png,0
4071.png,1
4072.png,0
4073.png,0
4074.png,0
4075.png,1
4076.png,1
4077.png,0
4078.png,0
4079.png,0
4080.png,1
4081.png,0
4082.png,0
4083.png,1
4084.png,1
4085.png,0
4086.png,0
4087.png,1
4088.png,1
4089.png,0
4090.png,1
4091.png,0
4092.png,0
4093.png,1
4094.png,0
4095.png,0
4096.png,0
4097.png,0
4098.png,0
4099.png,0
4100.png,1
4101.png,1
4102.png,0
4103.png,0
4104.png,1
4105.png,1
4106.png,1
4107.png,0
4108.png,0
4109.png,1
4110.png,1
4111.png,1
4112.png,0
4113.png,1
4114.png,0
4115.png,0
4116.png,1
4117.png,1
4118.png,1
4119.png,0
4120.png,0
4121.png,0
4122.png,0
4123.png,0
4124.png,0
4125.png,1
4126.png,1
4127.png,1
4128.png,1
4129.png,1
4130.png,0
4131.png,0
4132.png,0
4133.png,0
4134.png,1
4135.png,1
4136.png,1
4137.png,1
4138.png,1
4139.png,1
4140.png,1
4141.png,0
4142.png,0
4143.png,1
4144.png,1
4145.png,1
4146.png,1
4147.png,0
4148.png,1
4149.png,1
4150.png,0
4151.png,1
4152.png,0
4153.png,1
4154.png,1
4155.png,0
4156.png,1
4157.png,0
4158.png,0
4159.png,1
4160.png,0
4161.png,0
4162.png,1
4163.png,1
4164.png,0
4165.png,1
4166.png,1
4167.png,0
4168.png,0
4169.png,0
4170.png,1
4171.png,0
4172.png,0
4173.png,0
4174.png,0
4175.png,0
4176.png,1
4177.png,1
4178.png,1
4179.png,1
4180.png,1
4181.png,1
4182.png,0
4183.png,1
4184.png,0
4185.png,1
4186.png,1
4187.png,0
4188.png,0
4189.png,0
4190.png,0
4191.png,0
4192.png,1
4193.png,0
4194.png,0
4195.png,1
4196.png,1
4197.png,0
4198.png,1
4199.png,1
4200.png,0
4201.png,1
4202.png,1
4203.png,0
4204.png,0
4205.png,1
4206.png,1
4207.png,1
4208.png,0
4209.png,0
4210.png,1
4211.png,0
4212.png,0
4213.png,1
4214.png,1
4215.png,0
4216.png,0
4217.png,1
4218.png,1
4219.png,1
4220.png,1
4221.png,1
4222.png,0
4223.png,1
4224.png,1
4225.png,1
4226.png,1
4227.png,1
4228.png,1
4229.png,0
4230.png,0
4231.png,1
4232.png,1
4233.png,1
4234.png,0
4235.png,0
4236.png,1
4237.png,0
4238.png,0
4239.png,1
4240.png,0
4241.png,0
4242.png,0
4243.png,0
4244.png,0
4245.png,0
4246.png,1
4247.png,0
4248.png,0
4249.png,0
4250.png,1
4251.png,0
4252.png,0
4253.png,0
4254.png,0
4255.png,1
4256.png,1
4257.png,1
4258.png,1
4259.png,1
4260.png,1
4261.png,1
4262.png,0
4263.png,0
4264.png,1
4265.png,0
4266.png,0
4267.png,0
4268.png,0
4269.png,0
4270.png,1
4271.png,1
4272.png,0
4273.png,1
4274.png,0
4275.png,1
4276.png,1
4277.png,0
4278.png,1
4279.png,0
4280.png,1
4281.png,1
4282.png,1
4283.png,0
4284.png,1
4285.png,0
4286.png,1
4287.png,1
4288.png,0
4289.png,1
4290.png,1
4291.png,0
4292.png,0
4293.png,1
4294.png,1
4295.png,0
4296.png,1
4297.png,1
4298.png,1
4299.png,0
4300.png,1
4301.png,0
4302.png,1
4303.png,0
4304.png,1
4305.png,0
4306.png,0
4307.png,1
4308.png,1
4309.png,0
4310.png,0
4311.png,1
4312.png,0
4313.png,0
4314.png,1
4315.png,1
4316.png,0
4317.png,0
4318.png,0
4319.png,1
4320.png,0
4321.png,0
4322.png,1
4323.png,1
4324.png,0
4325.png,0
4326.png,1
4327.png,0
4328.png,0
4329.png,0
4330.png,0
4331.png,0
4332.png,0
4333.png,1
4334.png,1
4335.png,1
4336.png,0
4337.png,1
4338.png,1
4339.png,1
4340.png,0
4341.png,0
4342.png,0
4343.png,0
4344.png,0
4345.png,0
4346.png,0
4347.png,1
4348.png,1
4349.png,1
4350.png,1
4351.png,0
4352.png,1
4353.png,0
4354.png,0
4355.png,1
4356.png,0
4357.png,1
4358.png,1
4359.png,1
4360.png,0
4361.png,1
4362.png,1
4363.png,0
4364.png,0
4365.png,1
4366.png,1
4367.png,1
4368.png,0
4369.png,0
4370.png,1
4371.png,0
4372.png,0
4373.png,1
4374.png,1
4375.png,0
4376.png,1
4377.png,0
4378.png,1
4379.png,1
4380.png,0
4381.png,1
4382.png,1
4383.png,1
4384.png,0
4385.png,0
4386.png,0
4387.png,1
4388.png,1
4389.png,0
4390.png,0
4391.png,0
4392.png,1
4393.png,1
4394.png,1
4395.png,0
4396.png,0
4397.png,1
4398.png,1
4399.png,1
4400.png,0
4401.png,1
4402.png,1
4403.png,1
4404.png,1
4405.png,0
4406.png,1
4407.png,1
4408.png,0
4409.png,0
4410.png,1
4411.png,0
4412.png,0
4413.png,0
4414.png,0
4415.png,0
4416.png,0
4417.png,0
4418.png,0
4419.png,1
4420.png,0
4421.png,0
4422.png,0
4423.png,0
4424.png,0
4425.png,1
4426.png,1
4427.png,0
4428.png,0
4429.png,1
4430.png,0
4431.png,1
4432.png,1
4433.png,0
4434.png,1
4435.png,0
4436.png,0
4437.png,0
4438.png,1
4439.png,0
4440.png,1
4441.png,0
4442.png,0
4443.png,1
4444.png,0
4445.png,1
4446.png,1
4447.png,1
4448.png,0
4449.png,0
4450.png,0
4451.png,0
4452.png,0
4453.png,1
4454.png,0
4455.png,0
4456.png,0
4457.png,0
4458.png,0
4459.png,1
4460.png,0
4461.png,1
4462.png,1
4463.png,1
4464.png,1
4465.png,0
4466.png,1
4467.png,0
4468.png,0
4469.png,1
4470.png,1
4471.png,0
4472.png,0
4473.png,0
4474.png,1
4475.png,0
4476.png,1
4477.png,0
4478.png,0
4479.png,0
4480.png,0
4481.png,0
4482.png,0
4483.png,1
4484.png,1
4485.png,1
4486.png,1
4487.png,0
4488.png,1
4489.png,0
4490.png,1
4491.png,0
4492.png,1
4493.png,1
4494.png,1
4495.png,1
4496.png,1
4497.png,1
4498.png,0
4499.png,1
4500.png,0
4501.png,1
4502.png,0
4503.png,0
4504.png,1
4505.png,0
4506.png,1
4507.png,1
4508.png,1
4509.png,0
4510.png,0
4511.png,1
4512.png,0
4513.png,0
4514.png,1
4515.png,1
4516.png,1
4517.png,1
4518.png,0
4519.png,1
4520.png,0
4521.png,1
4522.png,1
4523.png,1
4524.png,0
4525.png,1
4526.png,1
4527.png,1
4528.png,0
4529.png,1
4530.png,0
4531.png,1
4532.png,1
4533.png,0
4534.png,0
4535.png,1
4536.png,0
4537.png,0
4538.png,1
4539.png,0
4540.png,1
4541.png,1
4542.png,1
4543.png,1
4544.png,1
4545.png,1
4546.png,0
4547.png,1
4548.png,0
4549.png,1
4550.png,0
4551.png,0
4552.png,1
4553.png,0
4554.png,0
4555.png,0
4556.png,1
4557.png,0
4558.png,1
4559.png,0
4560.png,0
4561.png,0
4562.png,1
4563.png,1
4564.png,1
4565.png,1
4566.png,1
4567.png,1
4568.png,0
4569.png,0
4570.png,0
4571.png,0
4572.png,1
4573.png,0
4574.png,1
4575.png,1
4576.png,1
4577.png,1
4578.png,1
4579.png,1
4580.png,0
4581.png,0
4582.png,1
4583.png,0
4584.png,1
4585.png,0
4586.png,0
4587.png,0
4588.png,1
4589.png,1
4590.png,1
4591.png,0
4592.png,0
4593.png,0
4594.png,0
4595.png,0
4596.png,1
4597.png,0
4598.png,1
4599.png,1
4600.png,0
4601.png,1
4602.png,1
4603.png,1
4604.png,1
4605.png,1
4606.png,1
4607.png,1
4608.png,1
4609.png,0
4610.png,1
4611.png,0
4612.png,0
4613.png,1
4614.png,0
4615.png,1
4616.png,1
4617.png,1
4618.png,0
4619.png,0
4620.png,1
4621.png,1
4622.png,0
4623.png,1
4624.png,1
4625.png,1
4626.png,1
4627.png,0
4628.png,0
4629.png,0
4630.png,1
4631.png,1
4632.png,1
4633.png,0
4634.png,0
4635.png,1
4636.png,1
4637.png,0
4638.png,1
4639.png,0
4640.png,1
4641.png,1
4642.png,0
4643.png,0
4644.png,1
4645.png,0
4646.png,0
4647.png,0
4648.png,0
4649.png,1
4650.png,0
4651.png,1
4652.png,0
4653.png,0
4654.png,0
4655.png,0
4656.png,0
4657.png,1
4658.png,1
4659.png,1
4660.png,1
4661.png,1
4662.png,1
4663.png,0
4664.png,0
4665.png,0
4666.png,0
4667.png,1
4668.png,1
4669.png,1
4670.png,1
4671.png,0
4672.png,1
4673.png,0
4674.png,1
4675.png,0
4676.png,1
4677.png,0
4678.png,0
4679.png,1
4680.png,1
4681.png,1
4682.png,1
4683.png,0
4684.png,1
4685.png,0
4686.png,1
4687.png,0
4688.png,1
4689.png,1
4690.png,1
4691.png,0
4692.png,0
4693.png,0
4694.png,1
4695.png,1
4696.png,0
4697.png,1
4698.png,1
4699.png,0
4700.png,0
4701.png,0
4702.png,1
4703.png,1
4704.png,1
4705.png,1
4706.png,0
4707.png,0
4708.png,1
4709.png,1
4710.png,1
4711.png,1
4712.png,0
4713.png,1
4714.png,1
4715.png,1
4716.png,0
4717.png,1
4718.png,1
4719.png,0
4720.png,1
4721.png,0
4722.png,1
4723.png,0
4724.png,1
4725.png,1
4726.png,0
4727.png,0
4728.png,1
4729.png,1
4730.png,1
4731.png,1
4732.png,0
4733.png,1
4734.png,1
4735.png,0
4736.png,0
4737.png,0
4738.png,0
4739.png,1
4740.png,0
4741.png,0
4742.png,1
4743.png,0
4744.png,1
4745.png,1
4746.png,1
4747.png,1
4748.png,0
4749.png,1
4750.png,1
4751.png,1
4752.png,0
4753.png,0
4754.png,1
4755.png,0
4756.png,0
4757.png,0
4758.png,0
4759.png,0
4760.png,1
4761.png,0
4762.png,1
4763.png,0
4764.png,0
4765.png,0
4766.png,0
4767.png,0
4768.png,0
4769.png,1
4770.png,0
4771.png,0
4772.png,0
4773.png,1
4774.png,0
4775.png,0
4776.png,0
4777.png,0
4778.png,0
4779.png,0
4780.png,0
4781.png,1
4782.png,0
4783.png,1
4784.png,1
4785.png,1
4786.png,1
4787.png,0
4788.png,0
4789.png,0
4790.png,1
4791.png,0
4792.png,0
4793.png,0
4794.png,1
4795.png,0
4796.png,0
4797.png,0
4798.png,1
4799.png,0
4800.png,0
4801.png,1
4802.png,1
4803.png,0
4804.png,0
4805.png,1
4806.png,1
4807.png,1
4808.png,0
4809.png,1
4810.png,1
4811.png,0
4812.png,1
4813.png,0
4814.png,1
4815.png,0
4816.png,0
4817.png,0
4818.png,1
4819.png,1
4820.png,1
4821.png,0
4822.png,1
4823.png,1
4824.png,0
4825.png,1
4826.png,0
4827.png,1
4828.png,1
4829.png,0
4830.png,0
4831.png,1
4832.png,1
4833.png,1
4834.png,1
4835.png,0
4836.png,0
4837.png,1
4838.png,1
4839.png,1
4840.png,1
4841.png,0
4842.png,1
4843.png,0
4844.png,0
4845.png,1
4846.png,1
4847.png,1
4848.png,0
4849.png,1
4850.png,1
4851.png,1
4852.png,0
4853.png,1
4854.png,1
4855.png,1
4856.png,1
4857.png,0
4858.png,1
4859.png,0
4860.png,1
4861.png,0
4862.png,1
4863.png,0
4864.png,0
4865.png,0
4866.png,1
4867.png,1
4868.png,1
4869.png,1
4870.png,0
4871.png,1
4872.png,0
4873.png,1
4874.png,0
4875.png,0
4876.png,0
4877.png,1
4878.png,1
4879.png,1
4880.png,1
4881.png,0
4882.png,0
4883.png,1
4884.png,0
4885.png,1
4886.png,0
4887.png,0
4888.png,1
4889.png,0
4890.png,0
4891.png,0
4892.png,1
4893.png,1
4894.png,1
4895.png,0
4896.png,1
4897.png,0
4898.png,1
4899.png,0
4900.png,1
4901.png,1
4902.png,0
4903.png,0
4904.png,0
4905.png,1
4906.png,1
4907.png,0
4908.png,1
4909.png,0
4910.png,0
4911.png,1
4912.png,1
4913.png,1
4914.png,1
4915.png,1
4916.png,1
4917.png,1
4918.png,1
4919.png,1
4920.png,1
4921.png,1
4922.png,1
4923.png,1
4924.png,0
4925.png,0
4926.png,0
4927.png,0
4928.png,0
4929.png,1
4930.png,0
4931.png,0
4932.png,1
4933.png,1
4934.png,1
4935.png,0
4936.png,1
4937.png,0
4938.png,1
4939.png,1
4940.png,1
4941.png,1
4942.png,0
4943.png,1
4944.png,1
4945.png,0
4946.png,1
4947.png,0
4948.png,0
4949.png,1
4950.png,1
4951.png,1
4952.png,0
4953.png,0
4954.png,0
4955.png,1
4956.png,1
4957.png,0
4958.png,0
4959.png,1
4960.png,1
4961.png,0
4962.png,0
4963.png,0
4964.png,0
4965.png,1
4966.png,0
4967.png,0
4968.png,0
4969.png,1
4970.png,0
4971.png,0
4972.png,1
4973.png,1
4974.png,0
4975.png,0
4976.png,1
4977.png,1
4978.png,0
4979.png,0
4980.png,1
4981.png,1
4982.png,1
4983.png,0
4984.png,0
4985.png,0
4986.png,1
4987.png,1
4988.png,0
4989.png,1
4990.png,1
4991.png,1
4992.png,0
4993.png,1
4994.png,1
4995.png,1
4996.png,1
4997.png,1
4998.png,0
4999.png,1
5000.png,0
5001.png,1
5002.png,0
5003.png,0
5004.png,1
5005.png,0
5006.png,1
5007.png,0
5008.png,0
5009.png,1
5010.png,0
5011.png,1
5012.png,1
5013.png,0
5014.png,0
5015.png,1
5016.png,1
5017.png,0
5018.png,0
5019.png,1
5020.png,1
5021.png,0
5022.png,1
5023.png,1
5024.png,0
5025.png,1
5026.png,1
5027.png,0
5028.png,1
5029.png,1
5030.png,0
5031.png,0
5032.png,0
5033.png,1
5034.png,0
5035.png,0
5036.png,1
5037.png,0
5038.png,0
5039.png,0
5040.png,1
5041.png,1
5042.png,0
5043.png,0
5044.png,0
5045.png,1
5046.png,1
5047.png,0
5048.png,1
5049.png,0
5050.png,1
5051.png,1
5052.png,0
5053.png,1
5054.png,1
5055.png,0
5056.png,0
5057.png,1
5058.png,0
5059.png,0
5060.png,0
5061.png,1
5062.png,1
5063.png,1
5064.png,0
5065.png,0
5066.png,1
5067.png,0
5068.png,1
5069.png,0
5070.png,0
5071.png,1
5072.png,0
5073.png,1
5074.png,0
5075.png,0
5076.png,0
5077.png,0
5078.png,0
5079.png,1
5080.png,1
5081.png,0
5082.png,0
5083.png,0
5084.png,0
5085.png,1
5086.png,1
5087.png,1
5088.png,0
5089.png,1
5090.png,1
5091.png,0
5092.png,1
5093.png,1
5094.png,1
5095.png,0
5096.png,0
5097.png,0
5098.png,0
5099.png,0
5100.png,0
5101.png,0
5102.png,1
5103.png,1
5104.png,1
5105.png,0
5106.png,1
5107.png,0
5108.png,0
5109.png,1
5110.png,0
5111.png,0
5112.png,0
5113.png,1
5114.png,0
5115.png,1
5116.png,0
5117.png,1
5118.png,0
5119.png,1
5120.png,0
5121.png,0
5122.png,1
5123.png,0
5124.png,0
5125.png,1
5126.png,0
5127.png,1
5128.png,1
5129.png,1
5130.png,1
5131.png,1
5132.png,0
5133.png,0
5134.png,1
5135.png,1
5136.png,0
5137.png,1
5138.png,1
5139.png,0
5140.png,1
5141.png,1
5142.png,0
5143.png,1
5144.png,1
5145.png,0
5146.png,1
5147.png,1
5148.png,1
5149.png,0
5150.png,0
5151.png,0
5152.png,0
5153.png,1
5154.png,0
5155.png,0
5156.png,0
5157.png,1
5158.png,0
5159.png,1
5160.png,1
5161.png,0
5162.png,0
5163.png,0
5164.png,1
5165.png,0
5166.png,1
5167.png,1
5168.png,0
5169.png,1
5170.png,0
5171.png,1
5172.png,0
5173.png,1
5174.png,0
5175.png,0
5176.png,0
5177.png,1
5178.png,1
5179.png,1
5180.png,1
5181.png,0
5182.png,1
5183.png,0
5184.png,0
5185.png,1
5186.png,1
5187.png,1
5188.png,0
5189.png,0
5190.png,1
5191.png,1
5192.png,1
5193.png,0
5194.png,1
5195.png,1
5196.png,0
5197.png,1
5198.png,0
5199.png,0
5200.png,0
5201.png,0
5202.png,1
5203.png,0
5204.png,0
5205.png,0
5206.png,1
5207.png,1
5208.png,1
5209.png,0
5210.png,1
5211.png,1
5212.png,0
5213.png,1
5214.png,1
5215.png,1
5216.png,1
5217.png,0
5218.png,1
5219.png,0
5220.png,0
5221.png,1
5222.png,0
5223.png,1
5224.png,1
5225.png,1
5226.png,1
5227.png,1
5228.png,1
5229.png,0
5230.png,1
5231.png,0
5232.png,0
5233.png,1
5234.png,1
5235.png,1
5236.png,0
5237.png,1
5238.png,0
5239.png,1
5240.png,0
5241.png,1
5242.png,0
5243.png,0
5244.png,1
5245.png,0
5246.png,1
5247.png,1
5248.png,1
5249.png,1
5250.png,0
5251.png,1
5252.png,0
5253.png,1
5254.png,1
5255.png,0
5256.png,0
5257.png,0
5258.png,0
5259.png,0
5260.png,0
5261.png,1
5262.png,1
5263.png,0
5264.png,0
5265.png,0
5266.png,1
5267.png,0
5268.png,1
5269.png,1
5270.png,1
5271.png,0
5272.png,1
5273.png,0
5274.png,0
5275.png,0
5276.png,0
5277.png,1
5278.png,1
5279.png,1
5280.png,1
5281.png,1
5282.png,1
5283.png,0
5284.png,1
5285.png,0
5286.png,0
5287.png,0
5288.png,0
5289.png,1
5290.png,1
5291.png,1
5292.png,0
5293.png,0
5294.png,1
5295.png,0
5296.png,0
5297.png,0
5298.png,1
5299.png,1
5300.png,1
5301.png,1
5302.png,1
5303.png,1
5304.png,0
5305.png,0
5306.png,0
5307.png,1
5308.png,1
5309.png,1
5310.png,0
5311.png,0
5312.png,1
5313.png,0
5314.png,1
5315.png,0
5316.png,1
5317.png,0
5318.png,0
5319.png,0
5320.png,0
5321.png,0
5322.png,1
5323.png,1
5324.png,0
5325.png,1
5326.png,1
5327.png,0
5328.png,0
5329.png,0
5330.png,0
5331.png,1
5332.png,0
5333.png,0
5334.png,1
5335.png,1
5336.png,0
5337.png,0
5338.png,0
5339.png,0
5340.png,1
5341.png,1
5342.png,1
5343.png,1
5344.png,0
5345.png,0
5346.png,0
5347.png,0
5348.png,0
5349.png,0
5350.png,1
5351.png,0
5352.png,1
5353.png,0
5354.png,1
5355.png,0
5356.png,1
5357.png,1
5358.png,0
5359.png,1
5360.png,0
5361.png,0
5362.png,1
5363.png,0
5364.png,0
5365.png,0
5366.png,1
5367.png,0
5368.png,1
5369.png,1
5370.png,0
5371.png,0
5372.png,1
5373.png,1
5374.png,1
5375.png,0
5376.png,1
5377.png,1
5378.png,1
5379.png,0
5380.png,1
5381.png,1
5382.png,0
5383.png,1
5384.png,1
5385.png,1
5386.png,1
5387.png,0
5388.png,0
5389.png,1
5390.png,0
5391.png,0
5392.png,0
5393.png,0
5394.png,0
5395.png,1
5396.png,0
5397.png,0
5398.png,0
5399.png,1
5400.png,1
5401.png,0
5402.png,0
5403.png,1
5404.png,1
5405.png,0
5406.png,1
5407.png,0
5408.png,1
5409.png,0
5410.png,1
5411.png,0
5412.png,1
5413.png,1
5414.png,0
5415.png,0
5416.png,0
5417.png,1
5418.png,0
5419.png,1
5420.png,0
5421.png,1
5422.png,0
5423.png,1
5424.png,1
5425.png,1
5426.png,1
5427.png,0
5428.png,0
5429.png,1
5430.png,0
5431.png,1
5432.png,0
5433.png,0
5434.png,0
5435.png,0
5436.png,0
5437.png,1
5438.png,0
5439.png,1
5440.png,0
5441.png,0
5442.png,0
5443.png,0
5444.png,1
5445.png,1
5446.png,1
5447.png,1
5448.png,0
5449.png,1
5450.png,0
5451.png,1
5452.png,1
5453.png,1
5454.png,1
5455.png,0
5456.png,0
5457.png,0
5458.png,0
5459.png,1
5460.png,1
5461.png,0
5462.png,0
5463.png,1
5464.png,0
5465.png,0
5466.png,0
5467.png,1
5468.png,0
5469.png,1
5470.png,0
5471.png,1
5472.png,1
5473.png,1
5474.png,1
5475.png,0
5476.png,0
5477.png,1
5478.png,0
5479.png,0
5480.png,1
5481.png,1
5482.png,0
5483.png,1
5484.png,1
5485.png,1
5486.png,1
5487.png,1
5488.png,1
5489.png,1
5490.png,0
5491.png,1
5492.png,0
5493.png,0
5494.png,0
5495.png,0
5496.png,1
5497.png,0
5498.png,0
5499.png,0
5500.png,0
5501.png,0
5502.png,0
5503.png,1
5504.png,1
5505.png,1
5506.png,1
5507.png,1
5508.png,0
5509.png,1
5510.png,1
5511.png,1
5512.png,0
5513.png,0
5514.png,0
5515.png,0
5516.png,1
5517.png,0
5518.png,1
5519.png,0
5520.png,1
5521.png,0
5522.png,0
5523.png,0
5524.png,1
5525.png,0
5526.png,1
5527.png,0
5528.png,0
5529.png,0
5530.png,1
5531.png,0
5532.png,0
5533.png,1
5534.png,0
5535.png,1
5536.png,1
5537.png,0
5538.png,0
5539.png,0
5540.png,1
5541.png,0
5542.png,1
5543.png,1
5544.png,1
5545.png,1
5546.png,0
5547.png,0
5548.png,1
5549.png,1
5550.png,1
5551.png,1
5552.png,1
5553.png,0
5554.png,1
5555.png,1
5556.png,0
5557.png,0
5558.png,1
5559.png,0
5560.png,1
5561.png,1
5562.png,0
5563.png,0
5564.png,1
5565.png,1
5566.png,0
5567.png,0
5568.png,0
5569.png,1
5570.png,1
5571.png,1
5572.png,1
5573.png,1
5574.png,0
5575.png,1
5576.png,1
5577.png,1
5578.png,1
5579.png,0
5580.png,0
5581.png,0
5582.png,1
5583.png,0
5584.png,1
5585.png,1
5586.png,1
5587.png,0
5588.png,0
5589.png,1
5590.png,0
5591.png,0
5592.png,0
5593.png,1
5594.png,0
5595.png,1
5596.png,1
5597.png,1
5598.png,0
5599.png,0
5600.png,0
5601.png,1
5602.png,0
5603.png,1
5604.png,0
5605.png,1
5606.png,0
5607.png,1
5608.png,0
5609.png,1
5610.png,0
5611.png,1
5612.png,0
5613.png,1
5614.png,0
5615.png,0
5616.png,1
5617.png,0
5618.png,0
5619.png,1
5620.png,0
5621.png,0
5622.png,1
5623.png,0
5624.png,1
5625.png,1
5626.png,0
5627.png,0
5628.png,1
5629.png,1
5630.png,0
5631.png,1
5632.png,0
5633.png,1
5634.png,1
5635.png,1
5636.png,1
5637.png,0
5638.png,0
5639.png,0
5640.png,1
5641.png,1
5642.png,1
5643.png,1
5644.png,1
5645.png,0
5646.png,1
5647.png,0
5648.png,1
5649.png,0
5650.png,0
5651.png,1
5652.png,0
5653.png,0
5654.png,1
5655.png,1
5656.png,0
5657.png,1
5658.png,1
5659.png,1
5660.png,1
5661.png,0
5662.png,0
5663.png,0
5664.png,0
5665.png,0
5666.png,1
5667.png,0
5668.png,0
5669.png,0
5670.png,0
5671.png,1
5672.png,0
5673.png,0
5674.png,1
5675.png,1
5676.png,0
5677.png,1
5678.png,0
5679.png,1
5680.png,0
5681.png,1
5682.png,1
5683.png,1
5684.png,1
5685.png,0
5686.png,0
5687.png,1
5688.png,0
5689.png,1
5690.png,1
5691.png,0
5692.png,0
5693.png,1
5694.png,0
5695.png,0
5696.png,0
5697.png,1
5698.png,1
5699.png,1
5700.png,0
5701.png,0
5702.png,1
5703.png,1
5704.png,0
5705.png,1
5706.png,1
5707.png,0
5708.png,1
5709.png,0
5710.png,1
5711.png,1
5712.png,1
5713.png,1
5714.png,1
5715.png,1
5716.png,1
5717.png,0
5718.png,0
5719.png,0
5720.png,1
5721.png,1
5722.png,1
5723.png,1
5724.png,0
5725.png,0
5726.png,1
5727.png,0
5728.png,1
5729.png,1
5730.png,0
5731.png,1
5732.png,0
5733.png,1
5734.png,1
5735.png,0
5736.png,0
5737.png,0
5738.png,0
5739.png,1
5740.png,1
5741.png,1
5742.png,0
5743.png,0
5744.png,1
5745.png,1
5746.png,1
5747.png,1
5748.png,0
5749.png,1
5750.png,1
5751.png,1
5752.png,1
5753.png,0
5754.png,0
5755.png,0
5756.png,0
5757.png,0
5758.png,0
5759.png,1
5760.png,1
5761.png,0
5762.png,0
5763.png,1
5764.png,1
5765.png,1
5766.png,0
5767.png,0
5768.png,1
5769.png,0
5770.png,1
5771.png,1
5772.png,0
5773.png,1
5774.png,1
5775.png,1
5776.png,0
5777.png,0
5778.png,0
5779.png,1
5780.png,1
5781.png,0
5782.png,1
5783.png,0
5784.png,0
5785.png,0
5786.png,0
5787.png,1
5788.png,0
5789.png,1
5790.png,0
5791.png,0
5792.png,1
5793.png,0
5794.png,1
5795.png,0
5796.png,0
5797.png,0
5798.png,0
5799.png,1
5800.png,1
5801.png,1
5802.png,1
5803.png,1
5804.png,0
5805.png,1
5806.png,0
5807.png,1
5808.png,1
5809.png,1
5810.png,0
5811.png,0
5812.png,0
5813.png,0
5814.png,1
5815.png,1
5816.png,0
5817.png,1
5818.png,1
5819.png,1
5820.png,0
5821.png,1
5822.png,1
5823.png,0
5824.png,1
5825.png,0
5826.png,0
5827.png,0
5828.png,1
5829.png,1
5830.png,0
5831.png,0
5832.png,0
5833.png,0
5834.png,0
5835.png,0
5836.png,1
5837.png,1
5838.png,0
5839.png,1
5840.png,0
5841.png,0
5842.png,1
5843.png,1
5844.png,1
5845.png,1
5846.png,1
5847.png,1
5848.png,0
5849.png,0
5850.png,1
5851.png,0
5852.png,1
5853.png,0
5854.png,1
5855.png,1
5856.png,0
5857.png,1
5858.png,1
5859.png,1
5860.png,0
5861.png,0
5862.png,1
5863.png,1
5864.png,0
5865.png,0
5866.png,0
5867.png,0
5868.png,0
5869.png,0
5870.png,1
5871.png,1
5872.png,1
5873.png,1
5874.png,1
5875.png,1
5876.png,1
5877.png,1
5878.png,0
5879.png,1
5880.png,1
5881.png,0
5882.png,1
5883.png,0
5884.png,0
5885.png,1
5886.png,0
5887.png,0
5888.png,0
5889.png,1
5890.png,0
5891.png,0
5892.png,1
5893.png,1
5894.png,1
5895.png,0
5896.png,0
5897.png,1
5898.png,0
5899.png,0
5900.png,1
5901.png,0
5902.png,0
5903.png,0
5904.png,0
5905.png,0
5906.png,0
5907.png,1
5908.png,0
5909.png,0
5910.png,0
5911.png,1
5912.png,1
5913.png,0
5914.png,0
5915.png,0
5916.png,1
5917.png,0
5918.png,0
5919.png,1
5920.png,0
5921.png,1
5922.png,1
5923.png,1
5924.png,1
5925.png,1
5926.png,1
5927.png,1
5928.png,1
5929.png,1
5930.png,1
5931.png,0
5932.png,1
5933.png,0
5934.png,0
5935.png,1
5936.png,0
5937.png,0
5938.png,0
5939.png,1
5940.png,0
5941.png,1
5942.png,1
5943.png,1
5944.png,0
5945.png,0
5946.png,1
5947.png,0
5948.png,0
5949.png,1
5950.png,0
5951.png,0
5952.png,0
5953.png,0
5954.png,0
5955.png,0
5956.png,1
5957.png,0
5958.png,0
5959.png,1
5960.png,1
5961.png,0
5962.png,1
5963.png,1
5964.png,1
5965.png,0
5966.png,1
5967.png,0
5968.png,1
5969.png,1
5970.png,1
5971.png,1
5972.png,0
5973.png,1
5974.png,1
5975.png,0
5976.png,1
5977.png,0
5978.png,0
5979.png,1
5980.png,0
5981.png,0
5982.png,1
5983.png,0
5984.png,1
5985.png,1
5986.png,1
5987.png,0
5988.png,0
5989.png,1
5990.png,1
5991.png,1
5992.png,1
5993.png,0
5994.png,0
5995.png,1
5996.png,0
5997.png,1
5998.png,0
5999.png,1
6000.png,0
6001.png,0
6002.png,0
6003.png,1
6004.png,1
6005.png,0
6006.png,1
6007.png,1
6008.png,0
6009.png,1
6010.png,1
6011.png,0
6012.png,0
6013.png,1
6014.png,0
6015.png,0
6016.png,1
6017.png,0
6018.png,0
6019.png,0
6020.png,1
6021.png,1
6022.png,0
6023.png,1
6024.png,0
6025.png,0
6026.png,1
6027.png,1
6028.png,0
6029.png,1
6030.png,1
6031.png,1
6032.png,1
6033.png,1
6034.png,1
6035.png,1
6036.png,1
6037.png,0
6038.png,1
6039.png,1
6040.png,0
6041.png,0
6042.png,1
6043.png,0
6044.png,1
6045.png,0
6046.png,1
6047.png,0
6048.png,0
6049.png,1
6050.png,0
6051.png,0
6052.png,1
6053.png,0
6054.png,0
6055.png,1
6056.png,0
6057.png,0
6058.png,1
6059.png,0
6060.png,1
6061.png,1
6062.png,0
6063.png,1
6064.png,0
6065.png,0
6066.png,1
6067.png,0
6068.png,1
6069.png,1
6070.png,0
6071.png,0
6072.png,0
6073.png,0
6074.png,1
6075.png,1
6076.png,1
6077.png,0
6078.png,0
6079.png,1
6080.png,1
6081.png,0
6082.png,0
6083.png,1
6084.png,1
6085.png,0
6086.png,0
6087.png,1
6088.png,0
6089.png,0
6090.png,1
6091.png,0
6092.png,1
6093.png,0
6094.png,0
6095.png,0
6096.png,0
6097.png,0
6098.png,0
6099.png,1
6100.png,0
6101.png,1
6102.png,1
6103.png,0
6104.png,1
6105.png,1
6106.png,0
6107.png,1
6108.png,0
6109.png,0
6110.png,1
6111.png,0
6112.png,0
6113.png,0
6114.png,1
6115.png,1
6116.png,1
6117.png,0
6118.png,0
6119.png,1
6120.png,0
6121.png,1
6122.png,0
6123.png,0
6124.png,1
6125.png,0
6126.png,0
6127.png,0
6128.png,1
6129.png,1
6130.png,0
6131.png,0
6132.png,0
6133.png,1
6134.png,1
6135.png,0
6136.png,0
6137.png,0
6138.png,0
6139.png,1
6140.png,1
6141.png,1
6142.png,1
6143.png,1
6144.png,0
6145.png,1
6146.png,0
6147.png,1
6148.png,1
6149.png,1
6150.png,0
6151.png,1
6152.png,1
6153.png,1
6154.png,1
6155.png,1
6156.png,0
6157.png,0
6158.png,1
6159.png,0
6160.png,0
6161.png,0
6162.png,0
6163.png,0
6164.png,0
6165.png,0
6166.png,0
6167.png,0
6168.png,1
6169.png,0
6170.png,1
6171.png,1
6172.png,0
6173.png,0
6174.png,0
6175.png,0
6176.png,1
6177.png,0
6178.png,1
6179.png,1
6180.png,1
6181.png,0
6182.png,0
6183.png,0
6184.png,0
6185.png,1
6186.png,1
6187.png,1
6188.png,0
6189.png,1
6190.png,0
6191.png,1
6192.png,0
6193.png,0
6194.png,0
6195.png,0
6196.png,0
6197.png,1
6198.png,0
6199.png,0
6200.png,1
6201.png,1
6202.png,1
6203.png,1
6204.png,1
6205.png,0
6206.png,1
6207.png,0
6208.png,1
6209.png,0
6210.png,1
6211.png,0
6212.png,0
6213.png,0
6214.png,0
6215.png,0
6216.png,1
6217.png,1
6218.png,1
6219.png,0
6220.png,1
6221.png,0
6222.png,1
6223.png,1
6224.png,1
6225.png,1
6226.png,0
6227.png,0
6228.png,0
6229.png,0
6230.png,0
6231.png,0
6232.png,1
6233.png,0
6234.png,0
6235.png,1
6236.png,0
6237.png,0
6238.png,1
6239.png,1
6240.png,0
6241.png,1
6242.png,0
6243.png,1
6244.png,0
6245.png,0
6246.png,0
6247.png,1
6248.png,1
6249.png,0
6250.png,0
6251.png,0
6252.png,1
6253.png,0
6254.png,0
6255.png,0
6256.png,0
6257.png,0
6258.png,0
6259.png,1
6260.png,0
6261.png,0
6262.png,1
6263.png,1
6264.png,1
6265.png,0
6266.png,1
6267.png,1
6268.png,0
6269.png,0
6270.png,1
6271.png,1
6272.png,1
6273.png,1
6274.png,1
6275.png,0
6276.png,1
6277.png,0
6278.png,0
6279.png,1
6280.png,1
6281.png,0
6282.png,1
6283.png,1
6284.png,0
6285.png,1
6286.png,1
6287.png,1
6288.png,0
6289.png,0
6290.png,1
6291.png,0
6292.png,0
6293.png,1
6294.png,1
6295.png,1
6296.png,0
6297.png,1
6298.png,0
6299.png,0
6300.png,0
6301.png,1
6302.png,0
6303.png,1
6304.png,0
6305.png,0
6306.png,1
6307.png,1
6308.png,0
6309.png,1
6310.png,0
6311.png,0
6312.png,1
6313.png,0
6314.png,0
6315.png,1
6316.png,0
6317.png,1
6318.png,0
6319.png,1
6320.png,0
6321.png,0
6322.png,0
6323.png,0
6324.png,0
6325.png,0
6326.png,1
6327.png,0
6328.png,1
6329.png,0
6330.png,1
6331.png,1
6332.png,1
6333.png,1
6334.png,1
6335.png,0
6336.png,1
6337.png,1
6338.png,0
6339.png,1
6340.png,1
6341.png,0
6342.png,0
6343.png,0
6344.png,1
6345.png,1
6346.png,1
6347.png,1
6348.png,1
6349.png,0
6350.png,0
6351.png,1
6352.png,0
6353.png,1
6354.png,1
6355.png,0
6356.png,1
6357.png,1
6358.png,1
6359.png,0
6360.png,0
6361.png,0
6362.png,0
6363.png,1
6364.png,1
6365.png,1
6366.png,1
6367.png,1
6368.png,1
6369.png,1
6370.png,1
6371.png,1
6372.png,0
6373.png,1
6374.png,0
6375.png,1
6376.png,0
6377.png,1
6378.png,0
6379.png,1
6380.png,1
6381.png,1
6382.png,1
6383.png,1
6384.png,1
6385.png,0
6386.png,1
6387.png,1
6388.png,1
6389.png,1
6390.png,0
6391.png,1
6392.png,0
6393.png,0
6394.png,1
6395.png,1
6396.png,1
6397.png,1
6398.png,1
6399.png,0
6400.png,1
6401.png,0
6402.png,1
6403.png,0
6404.png,1
6405.png,1
6406.png,0
6407.png,0
6408.png,1
6409.png,0
6410.png,0
6411.png,1
6412.png,1
6413.png,0
6414.png,1
6415.png,1
6416.png,0
6417.png,0
6418.png,1
6419.png,0
6420.png,0
6421.png,0
6422.png,1
6423.png,1
6424.png,1
6425.png,0
6426.png,1
6427.png,0
6428.png,0
6429.png,1
6430.png,0
6431.png,0
6432.png,0
6433.png,1
6434.png,1
6435.png,0
6436.png,0
6437.png,0
6438.png,0
6439.png,1
6440.png,1
6441.png,1
6442.png,0
6443.png,0
6444.png,0
6445.png,1
6446.png,0
6447.png,1
6448.png,0
6449.png,0
6450.png,1
6451.png,0
6452.png,0
6453.png,0
6454.png,0
6455.png,1
6456.png,0
6457.png,0
6458.png,0
6459.png,1
6460.png,1
6461.png,1
6462.png,0
6463.png,0
6464.png,1
6465.png,1
6466.png,1
6467.png,1
6468.png,0
6469.png,1
6470.png,1
6471.png,1
6472.png,1
6473.png,0
6474.png,1
6475.png,1
6476.png,1
6477.png,0
6478.png,1
6479.png,1
6480.png,1
6481.png,0
6482.png,0
6483.png,0
6484.png,1
6485.png,0
6486.png,1
6487.png,1
6488.png,1
6489.png,0
6490.png,0
6491.png,1
6492.png,0
6493.png,1
6494.png,0
6495.png,0
6496.png,1
6497.png,1
6498.png,1
6499.png,1
6500.png,1
6501.png,1
6502.png,0
6503.png,0
6504.png,0
6505.png,0
6506.png,0
6507.png,1
6508.png,0
6509.png,1
6510.png,0
6511.png,0
6512.png,0
6513.png,1
6514.png,0
6515.png,1
6516.png,1
6517.png,1
6518.png,0
6519.png,1
6520.png,1
6521.png,0
6522.png,0
6523.png,0
6524.png,1
6525.png,0
6526.png,1
6527.png,0
6528.png,0
6529.png,0
6530.png,0
6531.png,0
6532.png,0
6533.png,0
6534.png,0
6535.png,0
6536.png,0
6537.png,0
6538.png,1
6539.png,0
6540.png,1
6541.png,0
6542.png,0
6543.png,0
6544.png,1
6545.png,1
6546.png,0
6547.png,0
6548.png,1
6549.png,1
6550.png,0
6551.png,1
6552.png,0
6553.png,0
6554.png,1
6555.png,1
6556.png,0
6557.png,1
6558.png,1
6559.png,0
6560.png,0
6561.png,1
6562.png,1
6563.png,0
6564.png,0
6565.png,1
6566.png,1
6567.png,1
6568.png,0
6569.png,1
6570.png,1
6571.png,1
6572.png,0
6573.png,0
6574.png,0
6575.png,1
6576.png,1
6577.png,0
6578.png,1
6579.png,0
6580.png,0
6581.png,0
6582.png,0
6583.png,0
6584.png,0
6585.png,0
6586.png,0
6587.png,1
6588.png,0
6589.png,1
6590.png,1
6591.png,0
6592.png,1
6593.png,0
6594.png,0
6595.png,1
6596.png,1
6597.png,1
6598.png,0
6599.png,1
6600.png,0
6601.png,0
6602.png,0
6603.png,1
6604.png,1
6605.png,1
6606.png,1
6607.png,1
6608.png,0
6609.png,1
6610.png,1
6611.png,1
6612.png,1
6613.png,0
6614.png,1
6615.png,0
6616.png,0
6617.png,0
6618.png,1
6619.png,0
6620.png,0
6621.png,1
6622.png,0
6623.png,1
6624.png,1
6625.png,1
6626.png,0
6627.png,0
6628.png,1
6629.png,0
6630.png,1
6631.png,0
6632.png,0
6633.png,1
6634.png,1
6635.png,0
6636.png,1
6637.png,1
6638.png,1
6639.png,1
6640.png,1
6641.png,0
6642.png,1
6643.png,0
6644.png,0
6645.png,1
6646.png,1
6647.png,0
6648.png,1
6649.png,1
6650.png,0
6651.png,0
6652.png,1
6653.png,1
6654.png,0
6655.png,1
6656.png,1
6657.png,0
6658.png,0
6659.png,0
6660.png,0
6661.png,0
6662.png,0
6663.png,0
6664.png,1
6665.png,0
6666.png,0
6667.png,0
6668.png,1
6669.png,0
6670.png,1
6671.png,0
6672.png,1
6673.png,1
6674.png,0
6675.png,0
6676.png,0
6677.png,1
6678.png,0
6679.png,0
6680.png,0
6681.png,0
6682.png,0
6683.png,1
6684.png,0
6685.png,0
6686.png,1
6687.png,1
6688.png,1
6689.png,1
6690.png,0
6691.png,0
6692.png,1
6693.png,0
6694.png,1
6695.png,1
6696.png,0
6697.png,1
6698.png,1
6699.png,0
6700.png,0
6701.png,1
6702.png,0
6703.png,0
6704.png,1
6705.png,0
6706.png,0
6707.png,1
6708.png,0
6709.png,1
6710.png,1
6711.png,0
6712.png,0
6713.png,0
6714.png,0
6715.png,0
6716.png,1
6717.png,1
6718.png,0
6719.png,0
6720.png,1
6721.png,0
6722.png,0
6723.png,0
6724.png,0
6725.png,0
6726.png,1
6727.png,1
6728.png,0
6729.png,1
6730.png,0
6731.png,1
6732.png,0
6733.png,0
6734.png,0
6735.png,0
6736.png,0
6737.png,0
6738.png,0
6739.png,1
6740.png,0
6741.png,1
6742.png,0
6743.png,0
6744.png,1
6745.png,1
6746.png,1
6747.png,1
6748.png,1
6749.png,1
6750.png,1
6751.png,1
6752.png,0
6753.png,1
6754.png,0
6755.png,1
6756.png,0
6757.png,0
6758.png,1
6759.png,0
6760.png,1
6761.png,1
6762.png,0
6763.png,1
6764.png,0
6765.png,1
6766.png,1
6767.png,0
6768.png,0
6769.png,0
6770.png,1
6771.png,0
6772.png,1
6773.png,0
6774.png,1
6775.png,0
6776.png,1
6777.png,1
6778.png,1
6779.png,0
6780.png,1
6781.png,1
6782.png,0
6783.png,0
6784.png,1
6785.png,0
6786.png,0
6787.png,0
6788.png,0
6789.png,1
6790.png,1
6791.png,1
6792.png,0
6793.png,1
6794.png,1
6795.png,0
6796.png,1
6797.png,0
6798.png,0
6799.png,0
6800.png,1
6801.png,0
6802.png,0
6803.png,0
6804.png,1
6805.png,0
6806.png,1
6807.png,0
6808.png,1
6809.png,0
6810.png,1
6811.png,1
6812.png,0
6813.png,1
6814.png,1
6815.png,1
6816.png,1
6817.png,1
6818.png,1
6819.png,1
6820.png,1
6821.png,1
6822.png,0
6823.png,1
6824.png,0
6825.png,1
6826.png,1
6827.png,0
6828.png,1
6829.png,0
6830.png,1
6831.png,0
6832.png,0
6833.png,1
6834.png,1
6835.png,0
6836.png,0
6837.png,1
6838.png,1
6839.png,1
6840.png,0
6841.png,0
6842.png,0
6843.png,0
6844.png,1
6845.png,1
6846.png,1
6847.png,1
6848.png,0
6849.png,0
6850.png,0
6851.png,1
6852.png,1
6853.png,1
6854.png,1
6855.png,1
6856.png,1
6857.png,1
6858.png,1
6859.png,0
6860.png,0
6861.png,1
6862.png,0
6863.png,1
6864.png,0
6865.png,1
6866.png,1
6867.png,1
6868.png,1
6869.png,1
6870.png,0
6871.png,1
6872.png,1
6873.png,1
6874.png,1
6875.png,1
6876.png,1
6877.png,0
6878.png,1
6879.png,0
6880.png,1
6881.png,1
6882.png,0
6883.png,1
6884.png,1
6885.png,1
6886.png,0
6887.png,0
6888.png,1
6889.png,0
6890.png,1
6891.png,1
6892.png,1
6893.png,1
6894.png,1
6895.png,0
6896.png,1
6897.png,0
6898.png,0
6899.png,1
6900.png,0
6901.png,0
6902.png,1
6903.png,1
6904.png,1
6905.png,0
6906.png,0
6907.png,1
6908.png,0
6909.png,1
6910.png,1
6911.png,0
6912.png,0
6913.png,0
6914.png,0
6915.png,0
6916.png,1
6917.png,0
6918.png,0
6919.png,1
6920.png,1
6921.png,0
6922.png,0
6923.png,0
6924.png,1
6925.png,1
6926.png,1
6927.png,0
6928.png,0
6929.png,0
6930.png,1
6931.png,1
6932.png,0
6933.png,1
6934.png,0
6935.png,0
6936.png,1
6937.png,1
6938.png,1
6939.png,1
6940.png,0
6941.png,1
6942.png,1
6943.png,0
6944.png,0
6945.png,0
6946.png,0
6947.png,0
6948.png,0
6949.png,0
6950.png,0
6951.png,0
6952.png,1
6953.png,0
6954.png,0
6955.png,1
6956.png,0
6957.png,0
6958.png,0
6959.png,0
6960.png,1
6961.png,1
6962.png,1
6963.png,1
6964.png,0
6965.png,0
6966.png,0
6967.png,1
6968.png,1
6969.png,0
6970.png,0
6971.png,1
6972.png,1
6973.png,1
6974.png,1
6975.png,0
6976.png,0
6977.png,0
6978.png,1
6979.png,0
6980.png,0
6981.png,1
6982.png,0
6983.png,1
6984.png,1
6985.png,1
6986.png,1
6987.png,1
6988.png,0
6989.png,0
6990.png,1
6991.png,1
6992.png,1
6993.png,1
6994.png,0
6995.png,1
6996.png,1
6997.png,0
6998.png,0
6999.png,1
7000.png,0
7001.png,1
7002.png,1
7003.png,0
7004.png,0
7005.png,1
7006.png,0
7007.png,1
7008.png,1
7009.png,1
7010.png,0
7011.png,0
7012.png,1
7013.png,1
7014.png,0
7015.png,1
7016.png,1
7017.png,1
7018.png,1
7019.png,1
7020.png,0
7021.png,1
7022.png,1
7023.png,0
7024.png,0
7025.png,0
7026.png,0
7027.png,0
7028.png,1
7029.png,0
7030.png,1
7031.png,0
7032.png,1
7033.png,0
7034.png,1
7035.png,1
7036.png,1
7037.png,1
7038.png,0
7039.png,1
7040.png,1
7041.png,0
7042.png,0
7043.png,1
7044.png,1
7045.png,1
7046.png,1
7047.png,0
7048.png,0
7049.png,1
7050.png,1
7051.png,0
7052.png,1
7053.png,1
7054.png,1
7055.png,1
7056.png,0
7057.png,1
7058.png,0
7059.png,1
7060.png,0
7061.png,1
7062.png,1
7063.png,0
7064.png,0
7065.png,0
7066.png,1
7067.png,1
7068.png,0
7069.png,0
7070.png,0
7071.png,1
7072.png,1
7073.png,0
7074.png,1
7075.png,1
7076.png,1
7077.png,1
7078.png,0
7079.png,1
7080.png,0
7081.png,1
7082.png,1
7083.png,0
7084.png,0
7085.png,1
7086.png,0
7087.png,1
7088.png,0
7089.png,0
7090.png,1
7091.png,0
7092.png,0
7093.png,0
7094.png,1
7095.png,0
7096.png,1
7097.png,0
7098.png,0
7099.png,1
7100.png,1
7101.png,1
7102.png,1
7103.png,0
7104.png,1
7105.png,0
7106.png,1
7107.png,0
7108.png,1
7109.png,1
7110.png,0
7111.png,1
7112.png,1
7113.png,1
7114.png,0
7115.png,0
7116.png,1
7117.png,1
7118.png,0
7119.png,0
7120.png,1
7121.png,0
7122.png,1
7123.png,1
7124.png,1
7125.png,0
7126.png,1
7127.png,1
7128.png,1
7129.png,0
7130.png,0
7131.png,1
7132.png,0
7133.png,1
7134.png,1
7135.png,0
7136.png,0
7137.png,0
7138.png,1
7139.png,0
7140.png,0
7141.png,0
7142.png,0
7143.png,1
7144.png,1
7145.png,0
7146.png,0
7147.png,1
7148.png,1
7149.png,1
7150.png,0
7151.png,0
7152.png,1
7153.png,0
7154.png,1
7155.png,0
7156.png,1
7157.png,0
7158.png,1
7159.png,0
7160.png,0
7161.png,1
7162.png,0
7163.png,1
7164.png,0
7165.png,0
7166.png,1
7167.png,0
7168.png,0
7169.png,0
7170.png,0
7171.png,1
7172.png,0
7173.png,1
7174.png,1
7175.png,1
7176.png,0
7177.png,0
7178.png,0
7179.png,0
7180.png,1
7181.png,0
7182.png,1
7183.png,1
7184.png,0
7185.png,1
7186.png,0
7187.png,0
7188.png,0
7189.png,1
7190.png,1
7191.png,1
7192.png,1
7193.png,1
7194.png,1
7195.png,1
7196.png,0
7197.png,0
7198.png,0
7199.png,0
7200.png,0
7201.png,0
7202.png,0
7203.png,0
7204.png,1
7205.png,0
7206.png,0
7207.png,1
7208.png,1
7209.png,0
7210.png,1
7211.png,1
7212.png,0
7213.png,0
7214.png,1
7215.png,0
7216.png,0
7217.png,1
7218.png,0
7219.png,1
7220.png,0
7221.png,1
7222.png,0
7223.png,0
7224.png,0
7225.png,1
7226.png,0
7227.png,0
7228.png,0
7229.png,0
7230.png,1
7231.png,0
7232.png,1
7233.png,0
7234.png,1
7235.png,0
7236.png,0
7237.png,0
7238.png,1
7239.png,1
7240.png,0
7241.png,0
7242.png,1
7243.png,0
7244.png,1
7245.png,1
7246.png,0
7247.png,0
7248.png,1
7249.png,0
7250.png,1
7251.png,0
7252.png,1
7253.png,0
7254.png,1
7255.png,0
7256.png,1
7257.png,0
7258.png,1
7259.png,1
7260.png,1
7261.png,1
7262.png,0
7263.png,0
7264.png,0
7265.png,1
7266.png,0
7267.png,1
7268.png,0
7269.png,0
7270.png,1
7271.png,1
7272.png,1
7273.png,0
7274.png,1
7275.png,0
7276.png,1
7277.png,1
7278.png,1
7279.png,0
7280.png,1
7281.png,1
7282.png,1
7283.png,0
7284.png,1
7285.png,1
7286.png,0
7287.png,1
7288.png,0
7289.png,0
7290.png,0
7291.png,0
7292.png,0
7293.png,1
7294.png,0
7295.png,1
7296.png,0
7297.png,1
7298.png,1
7299.png,0
7300.png,0
7301.png,0
7302.png,0
7303.png,0
7304.png,0
7305.png,0
7306.png,0
7307.png,1
7308.png,0
7309.png,1
7310.png,1
7311.png,0
7312.png,1
7313.png,1
7314.png,0
7315.png,1
7316.png,1
7317.png,0
7318.png,1
7319.png,0
7320.png,0
7321.png,1
7322.png,1
7323.png,0
7324.png,1
7325.png,0
7326.png,0
7327.png,0
7328.png,0
7329.png,1
7330.png,0
7331.png,1
7332.png,1
7333.png,0
7334.png,1
7335.png,0
7336.png,1
7337.png,1
7338.png,1
7339.png,1
7340.png,1
7341.png,1
7342.png,0
7343.png,0
7344.png,0
7345.png,0
7346.png,0
7347.png,0
7348.png,0
7349.png,0
7350.png,0
7351.png,1
7352.png,1
7353.png,0
7354.png,0
7355.png,1
7356.png,1
7357.png,1
7358.png,1
7359.png,0
7360.png,0
7361.png,1
7362.png,1
7363.png,1
7364.png,0
7365.png,0
7366.png,1
7367.png,0
7368.png,1
7369.png,0
7370.png,1
7371.png,1
7372.png,0
7373.png,0
7374.png,0
7375.png,0
7376.png,1
7377.png,0
7378.png,1
7379.png,1
7380.png,0
7381.png,1
7382.png,0
7383.png,0
7384.png,1
7385.png,0
7386.png,0
7387.png,0
7388.png,0
7389.png,0
7390.png,0
7391.png,0
7392.png,0
7393.png,1
7394.png,0
7395.png,0
7396.png,1
7397.png,0
7398.png,1
7399.png,1
7400.png,1
7401.png,1
7402.png,0
7403.png,1
7404.png,0
7405.png,0
7406.png,1
7407.png,1
7408.png,0
7409.png,1
7410.png,1
7411.png,0
7412.png,0
7413.png,1
7414.png,0
7415.png,0
7416.png,0
7417.png,1
7418.png,0
7419.png,0
7420.png,1
7421.png,0
7422.png,0
7423.png,0
7424.png,1
7425.png,1
7426.png,0
7427.png,0
7428.png,1
7429.png,1
7430.png,1
7431.png,1
7432.png,1
7433.png,1
7434.png,1
7435.png,1
7436.png,0
7437.png,1
7438.png,0
7439.png,1
7440.png,0
7441.png,0
7442.png,1
7443.png,1
7444.png,0
7445.png,1
7446.png,1
7447.png,0
7448.png,1
7449.png,1
7450.png,1
7451.png,0
7452.png,1
7453.png,0
7454.png,1
7455.png,0
7456.png,1
7457.png,0
7458.png,0
7459.png,1
7460.png,1
7461.png,1
7462.png,0
7463.png,1
7464.png,1
7465.png,0
7466.png,0
7467.png,0
7468.png,1
7469.png,0
7470.png,1
7471.png,0
7472.png,1
7473.png,0
7474.png,1
7475.png,1
7476.png,0
7477.png,1
7478.png,0
7479.png,1
7480.png,0
7481.png,1
7482.png,1
7483.png,1
7484.png,0
7485.png,0
7486.png,1
7487.png,0
7488.png,0
7489.png,0
7490.png,0
7491.png,1
7492.png,0
7493.png,0
7494.png,0
7495.png,1
7496.png,0
7497.png,0
7498.png,0
7499.png,1
7500.png,1
7501.png,1
7502.png,0
7503.png,0
7504.png,1
7505.png,0
7506.png,0
7507.png,1
7508.png,1
7509.png,1
7510.png,1
7511.png,0
7512.png,1
7513.png,0
7514.png,0
7515.png,0
7516.png,0
7517.png,1
7518.png,0
7519.png,0
7520.png,1
7521.png,1
7522.png,1
7523.png,0
7524.png,0
7525.png,0
7526.png,1
7527.png,1
7528.png,0
7529.png,0
7530.png,0
7531.png,1
7532.png,0
7533.png,1
7534.png,1
7535.png,0
7536.png,1
7537.png,0
7538.png,1
7539.png,1
7540.png,0
7541.png,1
7542.png,1
7543.png,0
7544.png,1
7545.png,1
7546.png,0
7547.png,0
7548.png,1
7549.png,1
7550.png,0
7551.png,0
7552.png,0
7553.png,1
7554.png,1
7555.png,0
7556.png,1
7557.png,0
7558.png,1
7559.png,1
7560.png,1
7561.png,0
7562.png,0
7563.png,1
7564.png,1
7565.png,1
7566.png,0
7567.png,1
7568.png,1
7569.png,0
7570.png,0
7571.png,1
7572.png,1
7573.png,0
7574.png,1
7575.png,1
7576.png,0
7577.png,0
7578.png,1
7579.png,0
7580.png,0
7581.png,1
7582.png,0
7583.png,0
7584.png,0
7585.png,0
7586.png,1
7587.png,0
7588.png,1
7589.png,1
7590.png,1
7591.png,1
7592.png,0
7593.png,1
7594.png,1
7595.png,0
7596.png,1
7597.png,0
7598.png,1
7599.png,1
7600.png,0
7601.png,1
7602.png,0
7603.png,0
7604.png,1
7605.png,1
7606.png,0
7607.png,1
7608.png,1
7609.png,0
7610.png,0
7611.png,0
7612.png,1
7613.png,0
7614.png,1
7615.png,0
7616.png,1
7617.png,0
7618.png,1
7619.png,0
7620.png,0
7621.png,1
7622.png,0
7623.png,0
7624.png,1
7625.png,0
7626.png,0
7627.png,0
7628.png,0
7629.png,1
7630.png,0
7631.png,0
7632.png,0
7633.png,0
7634.png,0
7635.png,0
7636.png,1
7637.png,1
7638.png,1
7639.png,1
7640.png,0
7641.png,1
7642.png,0
7643.png,0
7644.png,1
7645.png,1
7646.png,0
7647.png,0
7648.png,1
7649.png,1
7650.png,0
7651.png,1
7652.png,0
7653.png,0
7654.png,0
7655.png,0
7656.png,1
7657.png,1
7658.png,1
7659.png,0
7660.png,1
7661.png,1
7662.png,0
7663.png,1
7664.png,0
7665.png,1
7666.png,1
7667.png,0
7668.png,0
7669.png,1
7670.png,1
7671.png,0
7672.png,0
7673.png,0
7674.png,1
7675.png,0
7676.png,1
7677.png,0
7678.png,1
7679.png,1
7680.png,1
7681.png,1
7682.png,1
7683.png,1
7684.png,1
7685.png,1
7686.png,0
7687.png,0
7688.png,1
7689.png,0
7690.png,1
7691.png,0
7692.png,0
7693.png,0
7694.png,0
7695.png,1
7696.png,0
7697.png,0
7698.png,0
7699.png,0
7700.png,0
7701.png,0
7702.png,1
7703.png,1
7704.png,0
7705.png,1
7706.png,0
7707.png,0
7708.png,0
7709.png,1
7710.png,1
7711.png,1
7712.png,1
7713.png,1
7714.png,1
7715.png,1
7716.png,1
7717.png,0
7718.png,1
7719.png,0
7720.png,0
7721.png,1
7722.png,1
7723.png,0
7724.png,0
7725.png,0
7726.png,0
7727.png,0
7728.png,0
7729.png,0
7730.png,0
7731.png,1
7732.png,0
7733.png,0
7734.png,0
7735.png,0
7736.png,1
7737.png,0
7738.png,1
7739.png,1
7740.png,1
7741.png,1
7742.png,0
7743.png,1
7744.png,0
7745.png,1
7746.png,0
7747.png,0
7748.png,1
7749.png,0
7750.png,0
7751.png,1
7752.png,1
7753.png,0
7754.png,0
7755.png,1
7756.png,1
7757.png,1
7758.png,0
7759.png,1
7760.png,1
7761.png,0
7762.png,0
7763.png,1
7764.png,0
7765.png,0
7766.png,1
7767.png,0
7768.png,0
7769.png,0
7770.png,1
7771.png,0
7772.png,0
7773.png,1
7774.png,1
7775.png,0
7776.png,0
7777.png,0
7778.png,1
7779.png,1
7780.png,0
7781.png,0
7782.png,1
7783.png,0
7784.png,0
7785.png,0
7786.png,1
7787.png,1
7788.png,0
7789.png,1
7790.png,1
7791.png,1
7792.png,0
7793.png,1
7794.png,1
7795.png,0
7796.png,0
7797.png,1
7798.png,0
7799.png,1
7800.png,1
7801.png,1
7802.png,0
7803.png,0
7804.png,1
7805.png,1
7806.png,1
7807.png,0
7808.png,1
7809.png,0
7810.png,1
7811.png,1
7812.png,0
7813.png,1
7814.png,1
7815.png,1
7816.png,1
7817.png,1
7818.png,0
7819.png,1
7820.png,0
7821.png,1
7822.png,1
7823.png,1
7824.png,0
7825.png,0
7826.png,1
7827.png,0
7828.png,0
7829.png,1
7830.png,1
7831.png,0
7832.png,0
7833.png,1
7834.png,0
7835.png,0
7836.png,0
7837.png,0
7838.png,0
7839.png,1
7840.png,0
7841.png,1
7842.png,1
7843.png,1
7844.png,0
7845.png,1
7846.png,0
7847.png,0
7848.png,1
7849.png,0
7850.png,1
7851.png,0
7852.png,1
7853.png,0
7854.png,0
7855.png,0
7856.png,1
7857.png,1
7858.png,1
7859.png,0
7860.png,1
7861.png,1
7862.png,0
7863.png,1
7864.png,0
7865.png,0
7866.png,0
7867.png,0
7868.png,1
7869.png,0
7870.png,1
7871.png,0
7872.png,0
7873.png,1
7874.png,1
7875.png,1
7876.png,1
7877.png,1
7878.png,1
7879.png,1
7880.png,0
7881.png,1
7882.png,1
7883.png,1
7884.png,0
7885.png,0
7886.png,0
7887.png,1
7888.png,1
7889.png,1
7890.png,1
7891.png,1
7892.png,1
7893.png,0
7894.png,0
7895.png,1
7896.png,0
7897.png,0
7898.png,1
7899.png,1
7900.png,1
7901.png,0
7902.png,0
7903.png,1
7904.png,0
7905.png,1
7906.png,1
7907.png,1
7908.png,1
7909.png,1
7910.png,1
7911.png,1
7912.png,0
7913.png,1
7914.png,1
7915.png,1
7916.png,1
7917.png,1
7918.png,0
7919.png,0
7920.png,1
7921.png,1
7922.png,1
7923.png,1
7924.png,0
7925.png,1
7926.png,1
7927.png,0
7928.png,1
7929.png,0
7930.png,0
7931.png,0
7932.png,0
7933.png,0
7934.png,0
7935.png,0
7936.png,0
7937.png,1
7938.png,0
7939.png,1
7940.png,0
7941.png,0
7942.png,0
7943.png,1
7944.png,0
7945.png,1
7946.png,1
7947.png,1
7948.png,0
7949.png,0
7950.png,0
7951.png,1
7952.png,0
7953.png,1
7954.png,1
7955.png,0
7956.png,1
7957.png,1
7958.png,0
7959.png,0
7960.png,0
7961.png,1
7962.png,0
7963.png,1
7964.png,0
7965.png,0
7966.png,1
7967.png,0
7968.png,1
7969.png,1
7970.png,0
7971.png,0
7972.png,0
7973.png,1
7974.png,1
7975.png,0
7976.png,0
7977.png,1
7978.png,0
7979.png,1
7980.png,0
7981.png,1
7982.png,1
7983.png,1
7984.png,0
7985.png,1
7986.png,0
7987.png,1
7988.png,1
7989.png,0
7990.png,0
7991.png,0
7992.png,0
7993.png,0
7994.png,1
7995.png,0
7996.png,0
7997.png,0
7998.png,1
7999.png,1
8000.png,0
8001.png,1
8002.png,0
8003.png,0
8004.png,1
8005.png,1
8006.png,1
8007.png,1
8008.png,1
8009.png,1
8010.png,0
8011.png,1
8012.png,0
8013.png,0
8014.png,1
8015.png,1
8016.png,0
8017.png,0
8018.png,1
8019.png,1
8020.png,0
8021.png,0
8022.png,0
8023.png,0
8024.png,0
8025.png,0
8026.png,1
8027.png,0
8028.png,0
8029.png,1
8030.png,0
8031.png,0
8032.png,0
8033.png,0
8034.png,0
8035.png,0
8036.png,0
8037.png,1
8038.png,1
8039.png,1
8040.png,0
8041.png,1
8042.png,0
8043.png,0
8044.png,0
8045.png,1
8046.png,0
8047.png,1
8048.png,1
8049.png,1
8050.png,1
8051.png,0
8052.png,1
8053.png,0
8054.png,1
8055.png,0
8056.png,0
8057.png,0
8058.png,0
8059.png,1
8060.png,1
8061.png,1
8062.png,0
8063.png,1
8064.png,0
8065.png,1
8066.png,1
8067.png,0
8068.png,1
8069.png,1
8070.png,1
8071.png,0
8072.png,1
8073.png,0
8074.png,1
8075.png,1
8076.png,1
8077.png,0
8078.png,1
8079.png,1
8080.png,1
8081.png,0
8082.png,1
8083.png,0
8084.png,1
8085.png,0
8086.png,0
8087.png,0
8088.png,0
8089.png,1
8090.png,1
8091.png,1
8092.png,0
8093.png,0
8094.png,1
8095.png,1
8096.png,1
8097.png,0
8098.png,1
8099.png,0
8100.png,0
8101.png,0
8102.png,1
8103.png,0
8104.png,1
8105.png,1
8106.png,1
8107.png,0
8108.png,0
8109.png,1
8110.png,1
8111.png,1
8112.png,1
8113.png,1
8114.png,1
8115.png,0
8116.png,1
8117.png,0
8118.png,0
8119.png,0
8120.png,0
8121.png,1
8122.png,1
8123.png,1
8124.png,0
8125.png,0
8126.png,1
8127.png,0
8128.png,0
8129.png,1
8130.png,0
8131.png,0
8132.png,0
8133.png,1
8134.png,0
8135.png,1
8136.png,0
8137.png,0
8138.png,0
8139.png,0
8140.png,0
8141.png,1
8142.png,1
8143.png,1
8144.png,1
8145.png,1
8146.png,0
8147.png,0
8148.png,1
8149.png,1
8150.png,0
8151.png,0
8152.png,0
8153.png,1
8154.png,1
8155.png,1
8156.png,1
8157.png,0
8158.png,0
8159.png,1
8160.png,0
8161.png,1
8162.png,1
8163.png,1
8164.png,0
8165.png,1
8166.png,1
8167.png,0
8168.png,1
8169.png,1
8170.png,0
8171.png,1
8172.png,0
8173.png,0
8174.png,0
8175.png,0
8176.png,0
8177.png,0
8178.png,1
8179.png,0
8180.png,1
8181.png,0
8182.png,1
8183.png,1
8184.png,0
8185.png,0
8186.png,1
8187.png,0
8188.png,0
8189.png,1
8190.png,1
8191.png,0
8192.png,0
8193.png,0
8194.png,1
8195.png,1
8196.png,0
8197.png,0
8198.png,0
8199.png,0
8200.png,1
8201.png,0
8202.png,1
8203.png,1
8204.png,0
8205.png,1
8206.png,0
8207.png,0
8208.png,1
8209.png,0
8210.png,1
8211.png,1
8212.png,1
8213.png,1
8214.png,1
8215.png,1
8216.png,1
8217.png,0
8218.png,0
8219.png,0
8220.png,0
8221.png,1
8222.png,0
8223.png,1
8224.png,1
8225.png,0
8226.png,0
8227.png,0
8228.png,0
8229.png,1
8230.png,0
8231.png,0
8232.png,0
8233.png,1
8234.png,1
8235.png,0
8236.png,1
8237.png,0
8238.png,0
8239.png,0
8240.png,0
8241.png,0
8242.png,1
8243.png,1
8244.png,1
8245.png,0
8246.png,1
8247.png,1
8248.png,0
8249.png,1
8250.png,0
8251.png,1
8252.png,0
8253.png,0
8254.png,0
8255.png,0
8256.png,0
8257.png,0
8258.png,1
8259.png,0
8260.png,0
8261.png,0
8262.png,0
8263.png,0
8264.png,0
8265.png,0
8266.png,0
8267.png,1
8268.png,0
8269.png,1
8270.png,1
8271.png,1
8272.png,1
8273.png,0
8274.png,0
8275.png,1
8276.png,1
8277.png,1
8278.png,0
8279.png,1
8280.png,0
8281.png,0
8282.png,1
8283.png,1
8284.png,0
8285.png,1
8286.png,1
8287.png,0
8288.png,1
8289.png,0
8290.png,1
8291.png,0
8292.png,1
8293.png,0
8294.png,0
8295.png,1
8296.png,0
8297.png,0
8298.png,0
8299.png,0
8300.png,1
8301.png,0
8302.png,1
8303.png,1
8304.png,1
8305.png,0
8306.png,1
8307.png,1
8308.png,1
8309.png,0
8310.png,1
8311.png,1
8312.png,0
8313.png,0
8314.png,1
8315.png,0
8316.png,0
8317.png,0
8318.png,0
8319.png,1
8320.png,0
8321.png,0
8322.png,1
8323.png,1
8324.png,0
8325.png,0
8326.png,1
8327.png,0
8328.png,1
8329.png,0
8330.png,0
8331.png,1
8332.png,0
8333.png,0
8334.png,1
8335.png,1
8336.png,1
8337.png,0
8338.png,0
8339.png,0
8340.png,1
8341.png,0
8342.png,1
8343.png,1
8344.png,0
8345.png,0
8346.png,1
8347.png,1
8348.png,1
8349.png,1
8350.png,0
8351.png,0
8352.png,0
8353.png,0
8354.png,0
8355.png,0
8356.png,0
8357.png,0
8358.png,1
8359.png,1
8360.png,1
8361.png,0
8362.png,0
8363.png,0
8364.png,0
8365.png,1
8366.png,0
8367.png,1
8368.png,1
8369.png,1
8370.png,0
8371.png,1
8372.png,0
8373.png,1
8374.png,0
8375.png,1
8376.png,0
8377.png,1
8378.png,1
8379.png,0
8380.png,0
8381.png,1
8382.png,0
8383.png,0
8384.png,1
8385.png,1
8386.png,1
8387.png,1
8388.png,0
8389.png,0
8390.png,1
8391.png,1
8392.png,1
8393.png,1
8394.png,1
8395.png,0
8396.png,0
8397.png,0
8398.png,1
8399.png,0
8400.png,0
8401.png,0
8402.png,0
8403.png,0
8404.png,0
8405.png,1
8406.png,0
8407.png,1
8408.png,0
8409.png,1
8410.png,0
8411.png,1
8412.png,1
8413.png,1
8414.png,1
8415.png,1
8416.png,1
8417.png,1
8418.png,0
8419.png,0
8420.png,1
8421.png,0
8422.png,1
8423.png,0
8424.png,0
8425.png,1
8426.png,0
8427.png,1
8428.png,0
8429.png,1
8430.png,0
8431.png,1
8432.png,1
8433.png,0
8434.png,1
8435.png,0
8436.png,1
8437.png,1
8438.png,0
8439.png,1
8440.png,1
8441.png,1
8442.png,1
8443.png,1
8444.png,0
8445.png,0
8446.png,0
8447.png,0
8448.png,1
8449.png,1
8450.png,1
8451.png,0
8452.png,1
8453.png,1
8454.png,1
8455.png,1
8456.png,0
8457.png,0
8458.png,0
8459.png,0
8460.png,0
8461.png,0
8462.png,1
8463.png,1
8464.png,1
8465.png,1
8466.png,0
8467.png,0
8468.png,0
8469.png,0
8470.png,0
8471.png,1
8472.png,0
8473.png,1
8474.png,0
8475.png,0
8476.png,0
8477.png,1
8478.png,0
8479.png,1
8480.png,1
8481.png,0
8482.png,0
8483.png,0
8484.png,1
8485.png,1
8486.png,1
8487.png,1
8488.png,0
8489.png,1
8490.png,0
8491.png,0
8492.png,0
8493.png,0
8494.png,0
8495.png,1
8496.png,0
8497.png,0
8498.png,1
8499.png,0
8500.png,1
8501.png,1
8502.png,0
8503.png,1
8504.png,1
8505.png,1
8506.png,1
8507.png,1
8508.png,1
8509.png,1
8510.png,1
8511.png,0
8512.png,0
8513.png,0
8514.png,0
8515.png,0
8516.png,1
8517.png,1
8518.png,1
8519.png,1
8520.png,0
8521.png,1
8522.png,1
8523.png,0
8524.png,1
8525.png,0
8526.png,1
8527.png,1
8528.png,0
8529.png,0
8530.png,0
8531.png,1
8532.png,1
8533.png,1
8534.png,0
8535.png,1
8536.png,1
8537.png,1
8538.png,0
8539.png,1
8540.png,0
8541.png,0
8542.png,0
8543.png,0
8544.png,1
8545.png,1
8546.png,0
8547.png,1
8548.png,1
8549.png,1
8550.png,1
8551.png,0
8552.png,1
8553.png,0
8554.png,1
8555.png,0
8556.png,0
8557.png,0
8558.png,1
8559.png,1
8560.png,1
8561.png,1
8562.png,0
8563.png,1
8564.png,1
8565.png,1
8566.png,1
8567.png,0
8568.png,1
8569.png,0
8570.png,1
8571.png,1
8572.png,1
8573.png,0
8574.png,0
8575.png,1
8576.png,0
8577.png,0
8578.png,1
8579.png,1
8580.png,1
8581.png,0
8582.png,0
8583.png,0
8584.png,1
8585.png,1
8586.png,1
8587.png,0
8588.png,0
8589.png,0
8590.png,1
8591.png,0
8592.png,0
8593.png,0
8594.png,0
8595.png,0
8596.png,1
8597.png,1
8598.png,0
8599.png,0
8600.png,1
8601.png,0
8602.png,0
8603.png,1
8604.png,0
8605.png,0
8606.png,0
8607.png,1
8608.png,0
8609.png,0
8610.png,0
8611.png,1
8612.png,1
8613.png,0
8614.png,0
8615.png,1
8616.png,1
8617.png,1
8618.png,0
8619.png,1
8620.png,1
8621.png,1
8622.png,0
8623.png,0
8624.png,0
8625.png,1
8626.png,1
8627.png,0
8628.png,1
8629.png,0
8630.png,1
8631.png,0
8632.png,0
8633.png,1
8634.png,1
8635.png,1
8636.png,1
8637.png,1
8638.png,1
8639.png,0
8640.png,0
8641.png,1
8642.png,0
8643.png,0
8644.png,1
8645.png,1
8646.png,0
8647.png,1
8648.png,0
8649.png,1
8650.png,1
8651.png,0
8652.png,1
8653.png,0
8654.png,0
8655.png,1
8656.png,1
8657.png,0
8658.png,0
8659.png,0
8660.png,1
8661.png,0
8662.png,0
8663.png,1
8664.png,0
8665.png,1
8666.png,1
8667.png,0
8668.png,1
8669.png,1
8670.png,1
8671.png,1
8672.png,1
8673.png,0
8674.png,1
8675.png,1
8676.png,0
8677.png,0
8678.png,0
8679.png,0
8680.png,1
8681.png,1
8682.png,1
8683.png,0
8684.png,0
8685.png,0
8686.png,0
8687.png,1
8688.png,0
8689.png,0
8690.png,0
8691.png,0
8692.png,1
8693.png,1
8694.png,0
8695.png,0
8696.png,1
8697.png,0
8698.png,0
8699.png,0
8700.png,0
8701.png,1
8702.png,0
8703.png,0
8704.png,1
8705.png,0
8706.png,1
8707.png,0
8708.png,1
8709.png,0
8710.png,1
8711.png,0
8712.png,0
8713.png,0
8714.png,1
8715.png,1
8716.png,0
8717.png,0
8718.png,0
8719.png,1
8720.png,0
8721.png,0
8722.png,1
8723.png,1
8724.png,0
8725.png,1
8726.png,1
8727.png,0
8728.png,0
8729.png,0
8730.png,1
8731.png,0
8732.png,1
8733.png,0
8734.png,0
8735.png,0
8736.png,0
8737.png,1
8738.png,0
8739.png,0
8740.png,0
8741.png,0
8742.png,1
8743.png,0
8744.png,1
8745.png,0
8746.png,0
8747.png,0
8748.png,0
8749.png,1
8750.png,1
8751.png,0
8752.png,1
8753.png,0
8754.png,0
8755.png,1
8756.png,0
8757.png,1
8758.png,0
8759.png,0
8760.png,1
8761.png,0
8762.png,0
8763.png,1
8764.png,1
8765.png,0
8766.png,1
8767.png,0
8768.png,0
8769.png,0
8770.png,1
8771.png,0
8772.png,1
8773.png,0
8774.png,1
8775.png,0
8776.png,0
8777.png,1
8778.png,0
8779.png,0
8780.png,1
8781.png,1
8782.png,1
8783.png,0
8784.png,0
8785.png,1
8786.png,0
8787.png,0
8788.png,1
8789.png,0
8790.png,0
8791.png,1
8792.png,0
8793.png,0
8794.png,0
8795.png,0
8796.png,0
8797.png,0
8798.png,1
8799.png,1
8800.png,0
8801.png,0
8802.png,0
8803.png,0
8804.png,1
8805.png,1
8806.png,1
8807.png,1
8808.png,0
8809.png,0
8810.png,0
8811.png,0
8812.png,0
8813.png,0
8814.png,0
8815.png,1
8816.png,1
8817.png,1
8818.png,0
8819.png,1
8820.png,1
8821.png,1
8822.png,1
8823.png,0
8824.png,1
8825.png,1
8826.png,0
8827.png,0
8828.png,1
8829.png,0
8830.png,0
8831.png,1
8832.png,1
8833.png,1
8834.png,0
8835.png,1
8836.png,0
8837.png,0
8838.png,0
8839.png,0
8840.png,1
8841.png,0
8842.png,0
8843.png,0
8844.png,0
8845.png,0
8846.png,0
8847.png,0
8848.png,1
8849.png,1
8850.png,0
8851.png,0
8852.png,0
8853.png,0
8854.png,0
8855.png,0
8856.png,1
8857.png,0
8858.png,0
8859.png,1
8860.png,0
8861.png,0
8862.png,0
8863.png,1
8864.png,0
8865.png,1
8866.png,1
8867.png,1
8868.png,0
8869.png,1
8870.png,0
8871.png,0
8872.png,0
8873.png,1
8874.png,0
8875.png,0
8876.png,0
8877.png,1
8878.png,0
8879.png,1
8880.png,0
8881.png,1
8882.png,1
8883.png,1
8884.png,0
8885.png,1
8886.png,1
8887.png,1
8888.png,0
8889.png,1
8890.png,0
8891.png,1
8892.png,0
8893.png,1
8894.png,0
8895.png,1
8896.png,0
8897.png,1
8898.png,1
8899.png,0
8900.png,0
8901.png,0
8902.png,0
8903.png,1
8904.png,1
8905.png,1
8906.png,0
8907.png,1
8908.png,0
8909.png,0
8910.png,1
8911.png,1
8912.png,0
8913.png,1
8914.png,0
8915.png,0
8916.png,0
8917.png,1
8918.png,0
8919.png,1
8920.png,0
8921.png,1
8922.png,1
8923.png,1
8924.png,0
8925.png,1
8926.png,1
8927.png,0
8928.png,1
8929.png,0
8930.png,1
8931.png,1
8932.png,1
8933.png,1
8934.png,1
8935.png,1
8936.png,1
8937.png,1
8938.png,0
8939.png,1
8940.png,1
8941.png,1
8942.png,0
8943.png,0
8944.png,0
8945.png,0
8946.png,0
8947.png,0
8948.png,0
8949.png,1
8950.png,1
8951.png,0
8952.png,1
8953.png,0
8954.png,0
8955.png,1
8956.png,0
8957.png,1
8958.png,0
8959.png,0
8960.png,1
8961.png,1
8962.png,1
8963.png,1
8964.png,0
8965.png,1
8966.png,1
8967.png,1
8968.png,0
8969.png,0
8970.png,0
8971.png,0
8972.png,0
8973.png,1
8974.png,0
8975.png,1
8976.png,0
8977.png,1
8978.png,0
8979.png,0
8980.png,1
8981.png,0
8982.png,1
8983.png,1
8984.png,1
8985.png,1
8986.png,1
8987.png,0
8988.png,1
8989.png,0
8990.png,0
8991.png,0
8992.png,0
8993.png,0
8994.png,0
8995.png,0
8996.png,1
8997.png,1
8998.png,1
8999.png,0
9000.png,1
9001.png,0
9002.png,0
9003.png,1
9004.png,1
9005.png,1
9006.png,0
9007.png,1
9008.png,0
9009.png,1
9010.png,1
9011.png,0
9012.png,0
9013.png,1
9014.png,1
9015.png,0
9016.png,0
9017.png,0
9018.png,1
9019.png,1
9020.png,1
9021.png,1
9022.png,0
9023.png,0
9024.png,0
9025.png,0
9026.png,1
9027.png,0
9028.png,1
9029.png,1
9030.png,1
9031.png,1
9032.png,0
9033.png,0
9034.png,1
9035.png,1
9036.png,0
9037.png,0
9038.png,1
9039.png,1
9040.png,0
9041.png,0
9042.png,0
9043.png,0
9044.png,1
9045.png,1
9046.png,0
9047.png,0
9048.png,0
9049.png,0
9050.png,0
9051.png,0
9052.png,1
9053.png,1
9054.png,0
9055.png,0
9056.png,0
9057.png,1
9058.png,1
9059.png,1
9060.png,1
9061.png,1
9062.png,1
9063.png,0
9064.png,1
9065.png,0
9066.png,0
9067.png,1
9068.png,1
9069.png,1
9070.png,0
9071.png,0
9072.png,1
9073.png,0
9074.png,1
9075.png,1
9076.png,1
9077.png,0
9078.png,1
9079.png,1
9080.png,0
9081.png,0
9082.png,1
9083.png,0
9084.png,1
9085.png,0
9086.png,1
9087.png,1
9088.png,0
9089.png,1
9090.png,1
9091.png,1
9092.png,1
9093.png,0
9094.png,0
9095.png,0
9096.png,0
9097.png,1
9098.png,0
9099.png,0
9100.png,0
9101.png,1
9102.png,1
9103.png,0
9104.png,0
9105.png,0
9106.png,0
9107.png,0
9108.png,0
9109.png,0
9110.png,1
9111.png,0
9112.png,1
9113.png,0
9114.png,0
9115.png,0
9116.png,1
9117.png,0
9118.png,0
9119.png,1
9120.png,1
9121.png,0
9122.png,1
9123.png,0
9124.png,0
9125.png,0
9126.png,1
9127.png,1
9128.png,1
9129.png,1
9130.png,1
9131.png,1
9132.png,1
9133.png,0
9134.png,0
9135.png,0
9136.png,1
9137.png,1
9138.png,0
9139.png,1
9140.png,0
9141.png,0
9142.png,0
9143.png,0
9144.png,1
9145.png,0
9146.png,0
9147.png,0
9148.png,0
9149.png,1
9150.png,0
9151.png,1
9152.png,1
9153.png,1
9154.png,0
9155.png,1
9156.png,0
9157.png,0
9158.png,0
9159.png,1
9160.png,1
9161.png,0
9162.png,1
9163.png,0
9164.png,1
9165.png,0
9166.png,1
9167.png,0
9168.png,1
9169.png,1
9170.png,1
9171.png,0
9172.png,0
9173.png,1
9174.png,0
9175.png,1
9176.png,1
9177.png,0
9178.png,1
9179.png,1
9180.png,1
9181.png,0
9182.png,1
9183.png,0
9184.png,1
9185.png,0
9186.png,0
9187.png,1
9188.png,1
9189.png,1
9190.png,1
9191.png,1
9192.png,0
9193.png,0
9194.png,1
9195.png,1
9196.png,1
9197.png,1
9198.png,1
9199.png,1
9200.png,1
9201.png,1
9202.png,1
9203.png,1
9204.png,1
9205.png,1
9206.png,0
9207.png,0
9208.png,0
9209.png,1
9210.png,0
9211.png,0
9212.png,0
9213.png,0
9214.png,0
9215.png,0
9216.png,1
9217.png,0
9218.png,0
9219.png,1
9220.png,1
9221.png,0
9222.png,1
9223.png,0
9224.png,0
9225.png,0
9226.png,0
9227.png,0
9228.png,0
9229.png,1
9230.png,0
9231.png,1
9232.png,1
9233.png,1
9234.png,0
9235.png,0
9236.png,1
9237.png,1
9238.png,0
9239.png,0
9240.png,0
9241.png,1
9242.png,1
9243.png,0
9244.png,0
9245.png,1
9246.png,1
9247.png,0
9248.png,0
9249.png,1
9250.png,0
9251.png,0
9252.png,0
9253.png,1
9254.png,1
9255.png,1
9256.png,0
9257.png,0
9258.png,0
9259.png,1
9260.png,1
9261.png,0
9262.png,0
9263.png,0
9264.png,1
9265.png,0
9266.png,1
9267.png,1
9268.png,0
9269.png,1
9270.png,1
9271.png,0
9272.png,0
9273.png,0
9274.png,0
9275.png,1
9276.png,1
9277.png,0
9278.png,1
9279.png,1
9280.png,0
9281.png,1
9282.png,0
9283.png,1
9284.png,0
9285.png,1
9286.png,0
9287.png,0
9288.png,0
9289.png,1
9290.png,0
9291.png,0
9292.png,1
9293.png,0
9294.png,1
9295.png,1
9296.png,1
9297.png,0
9298.png,0
9299.png,0
9300.png,0
9301.png,1
9302.png,0
9303.png,1
9304.png,1
9305.png,1
9306.png,1
9307.png,1
9308.png,0
9309.png,0
9310.png,0
9311.png,0
9312.png,1
9313.png,0
9314.png,0
9315.png,0
9316.png,1
9317.png,0
9318.png,1
9319.png,0
9320.png,0
9321.png,1
9322.png,0
9323.png,1
9324.png,0
9325.png,1
9326.png,0
9327.png,1
9328.png,1
9329.png,1
9330.png,0
9331.png,1
9332.png,0
9333.png,1
9334.png,1
9335.png,1
9336.png,1
9337.png,0
9338.png,0
9339.png,1
9340.png,0
9341.png,0
9342.png,1
9343.png,0
9344.png,1
9345.png,1
9346.png,1
9347.png,1
9348.png,0
9349.png,1
9350.png,0
9351.png,1
9352.png,0
9353.png,1
9354.png,0
9355.png,1
9356.png,0
9357.png,1
9358.png,0
9359.png,1
9360.png,0
9361.png,0
9362.png,0
9363.png,1
9364.png,0
9365.png,0
9366.png,0
9367.png,1
9368.png,1
9369.png,0
9370.png,0
9371.png,0
9372.png,0
9373.png,0
9374.png,1
9375.png,1
9376.png,0
9377.png,1
9378.png,1
9379.png,0
9380.png,0
9381.png,0
9382.png,1
9383.png,1
9384.png,0
9385.png,1
9386.png,1
9387.png,1
9388.png,1
9389.png,0
9390.png,1
9391.png,0
9392.png,0
9393.png,0
9394.png,1
9395.png,0
9396.png,0
9397.png,0
9398.png,1
9399.png,0
9400.png,1
9401.png,1
9402.png,0
9403.png,0
9404.png,1
9405.png,0
9406.png,1
9407.png,1
9408.png,1
9409.png,1
9410.png,0
9411.png,0
9412.png,0
9413.png,0
9414.png,1
9415.png,0
9416.png,0
9417.png,0
9418.png,1
9419.png,1
9420.png,0
9421.png,1
9422.png,0
9423.png,0
9424.png,1
9425.png,0
9426.png,0
9427.png,0
9428.png,0
9429.png,1
9430.png,0
9431.png,0
9432.png,1
9433.png,1
9434.png,1
9435.png,1
9436.png,1
9437.png,1
9438.png,0
9439.png,1
9440.png,1
9441.png,1
9442.png,0
9443.png,1
9444.png,1
9445.png,0
9446.png,0
9447.png,0
9448.png,1
9449.png,0
9450.png,1
9451.png,0
9452.png,1
9453.png,1
9454.png,1
9455.png,0
9456.png,1
9457.png,0
9458.png,1
9459.png,1
9460.png,0
9461.png,0
9462.png,1
9463.png,1
9464.png,0
9465.png,0
9466.png,0
9467.png,1
9468.png,0
9469.png,0
9470.png,1
9471.png,1
9472.png,0
9473.png,0
9474.png,0
9475.png,0
9476.png,0
9477.png,0
9478.png,0
9479.png,1
9480.png,0
9481.png,1
9482.png,0
9483.png,0
9484.png,1
9485.png,0
9486.png,0
9487.png,1
9488.png,1
9489.png,0
9490.png,0
9491.png,1
9492.png,0
9493.png,0
9494.png,0
9495.png,1
9496.png,0
9497.png,0
9498.png,0
9499.png,1
9500.png,0
9501.png,1
9502.png,0
9503.png,1
9504.png,0
9505.png,0
9506.png,0
9507.png,0
9508.png,1
9509.png,0
9510.png,1
9511.png,1
9512.png,1
9513.png,1
9514.png,0
9515.png,0
9516.png,0
9517.png,0
9518.png,0
9519.png,0
9520.png,1
9521.png,1
9522.png,0
9523.png,1
9524.png,0
9525.png,1
9526.png,0
9527.png,0
9528.png,0
9529.png,0
9530.png,0
9531.png,0
9532.png,1
9533.png,1
9534.png,1
9535.png,1
9536.png,0
9537.png,0
9538.png,0
9539.png,0
9540.png,1
9541.png,1
9542.png,0
9543.png,0
9544.png,1
9545.png,1
9546.png,0
9547.png,1
9548.png,1
9549.png,0
9550.png,0
9551.png,0
9552.png,0
9553.png,0
9554.png,1
9555.png,1
9556.png,0
9557.png,0
9558.png,0
9559.png,0
9560.png,1
9561.png,0
9562.png,1
9563.png,0
9564.png,0
9565.png,0
9566.png,1
9567.png,0
9568.png,0
9569.png,0
9570.png,1
9571.png,0
9572.png,1
9573.png,1
9574.png,1
9575.png,1
9576.png,0
9577.png,1
9578.png,0
9579.png,0
9580.png,1
9581.png,1
9582.png,1
9583.png,0
9584.png,0
9585.png,1
9586.png,1
9587.png,1
9588.png,1
9589.png,0
9590.png,1
9591.png,1
9592.png,0
9593.png,0
9594.png,1
9595.png,1
9596.png,1
9597.png,0
9598.png,1
9599.png,0
9600.png,1
9601.png,0
9602.png,0
9603.png,0
9604.png,0
9605.png,1
9606.png,0
9607.png,1
9608.png,1
9609.png,0
9610.png,1
9611.png,1
9612.png,1
9613.png,1
9614.png,1
9615.png,1
9616.png,1
9617.png,0
9618.png,0
9619.png,1
9620.png,1
9621.png,0
9622.png,0
9623.png,1
9624.png,0
9625.png,1
9626.png,1
9627.png,1
9628.png,1
9629.png,0
9630.png,0
9631.png,1
9632.png,0
9633.png,0
9634.png,1
9635.png,1
9636.png,0
9637.png,1
9638.png,0
9639.png,1
9640.png,1
9641.png,0
9642.png,0
9643.png,1
9644.png,0
9645.png,1
9646.png,1
9647.png,0
9648.png,0
9649.png,1
9650.png,1
9651.png,0
9652.png,0
9653.png,0
9654.png,1
9655.png,1
9656.png,1
9657.png,1
9658.png,1
9659.png,1
9660.png,1
9661.png,1
9662.png,1
9663.png,1
9664.png,0
9665.png,0
9666.png,1
9667.png,0
9668.png,1
9669.png,0
9670.png,0
9671.png,0
9672.png,1
9673.png,1
9674.png,1
9675.png,0
9676.png,1
9677.png,1
9678.png,0
9679.png,1
9680.png,0
9681.png,0
9682.png,0
9683.png,1
9684.png,1
9685.png,1
9686.png,1
9687.png,0
9688.png,0
9689.png,0
9690.png,0
9691.png,1
9692.png,0
9693.png,0
9694.png,1
9695.png,1
9696.png,0
9697.png,0
9698.png,1
9699.png,0
9700.png,0
9701.png,1
9702.png,0
9703.png,0
9704.png,1
9705.png,0
9706.png,0
9707.png,0
9708.png,0
9709.png,0
9710.png,1
9711.png,1
9712.png,0
9713.png,0
9714.png,0
9715.png,0
9716.png,1
9717.png,0
9718.png,1
9719.png,1
9720.png,1
9721.png,0
9722.png,1
9723.png,1
9724.png,0
9725.png,1
9726.png,1
9727.png,0
9728.png,0
9729.png,0
9730.png,0
9731.png,0
9732.png,1
9733.png,0
9734.png,0
9735.png,0
9736.png,0
9737.png,1
9738.png,1
9739.png,0
9740.png,0
9741.png,0
9742.png,1
9743.png,1
9744.png,0
9745.png,0
9746.png,0
9747.png,0
9748.png,1
9749.png,1
9750.png,0
9751.png,0
9752.png,1
9753.png,1
9754.png,0
9755.png,0
9756.png,1
9757.png,0
9758.png,0
9759.png,1
9760.png,0
9761.png,1
9762.png,1
9763.png,1
9764.png,0
9765.png,1
9766.png,1
9767.png,1
9768.png,1
9769.png,0
9770.png,1
9771.png,1
9772.png,0
9773.png,0
9774.png,0
9775.png,0
9776.png,0
9777.png,1
9778.png,0
9779.png,0
9780.png,0
9781.png,1
9782.png,1
9783.png,1
9784.png,1
9785.png,0
9786.png,0
9787.png,1
9788.png,0
9789.png,1
9790.png,0
9791.png,0
9792.png,0
9793.png,0
9794.png,1
9795.png,1
9796.png,1
9797.png,1
9798.png,0
9799.png,1
9800.png,1
9801.png,1
9802.png,0
9803.png,0
9804.png,1
9805.png,1
9806.png,0
9807.png,0
9808.png,1
9809.png,0
9810.png,1
9811.png,1
9812.png,0
9813.png,1
9814.png,1
9815.png,0
9816.png,0
9817.png,1
9818.png,1
9819.png,0
9820.png,1
9821.png,0
9822.png,1
9823.png,0
9824.png,0
9825.png,0
9826.png,1
9827.png,1
9828.png,1
9829.png,1
9830.png,1
9831.png,1
9832.png,1
9833.png,1
9834.png,0
9835.png,1
9836.png,0
9837.png,0
9838.png,1
9839.png,0
9840.png,0
9841.png,1
9842.png,1
9843.png,0
9844.png,1
9845.png,0
9846.png,1
9847.png,0
9848.png,1
9849.png,0
9850.png,0
9851.png,0
9852.png,0
9853.png,1
9854.png,1
9855.png,1
9856.png,1
9857.png,0
9858.png,1
9859.png,1
9860.png,1
9861.png,1
9862.png,1
9863.png,1
9864.png,1
9865.png,1
9866.png,0
9867.png,1
9868.png,0
9869.png,1
9870.png,0
9871.png,1
9872.png,1
9873.png,0
9874.png,0
9875.png,1
9876.png,1
9877.png,0
9878.png,0
9879.png,0
9880.png,0
9881.png,0
9882.png,0
9883.png,1
9884.png,0
9885.png,0
9886.png,0
9887.png,1
9888.png,1
9889.png,1
9890.png,0
9891.png,1
9892.png,0
9893.png,0
9894.png,0
9895.png,1
9896.png,1
9897.png,1
9898.png,1
9899.png,1
9900.png,1
9901.png,0
9902.png,0
9903.png,1
9904.png,1
9905.png,0
9906.png,0
9907.png,0
9908.png,0
9909.png,0
9910.png,0
9911.png,1
9912.png,1
9913.png,0
9914.png,1
9915.png,1
9916.png,1
9917.png,0
9918.png,1
9919.png,0
9920.png,0
9921.png,1
9922.png,0
9923.png,0
9924.png,1
9925.png,1
9926.png,1
9927.png,0
9928.png,1
9929.png,1
9930.png,0
9931.png,0
9932.png,0
9933.png,1
9934.png,1
9935.png,0
9936.png,0
9937.png,1
9938.png,0
9939.png,1
9940.png,1
9941.png,0
9942.png,0
9943.png,0
9944.png,0
9945.png,1
9946.png,0
9947.png,1
9948.png,0
9949.png,1
9950.png,1
9951.png,0
9952.png,1
9953.png,0
9954.png,0
9955.png,0
9956.png,0
9957.png,0
9958.png,1
9959.png,0
9960.png,0
9961.png,0
9962.png,0
9963.png,0
9964.png,0
9965.png,1
9966.png,0
9967.png,0
9968.png,1
9969.png,1
9970.png,0
9971.png,0
9972.png,1
9973.png,0
9974.png,0
9975.png,1
9976.png,0
9977.png,1
9978.png,1
9979.png,0
9980.png,0
9981.png,1
9982.png,0
9983.png,1
9984.png,0
9985.png,1
9986.png,0
9987.png,0
9988.png,1
9989.png,1
9990.png,0
9991.png,1
9992.png,0
9993.png,0
9994.png,0
9995.png,0
9996.png,0
9997.png,0
9998.png,1
9999.png,1
10000.png,0
10001.png,1
10002.png,0
10003.png,1
10004.png,0
10005.png,0
10006.png,0
10007.png,1
10008.png,1
10009.png,0
10010.png,0
10011.png,0
10012.png,1
10013.png,0
10014.png,0
10015.png,0
10016.png,0
10017.png,0
10018.png,0
10019.png,1
10020.png,1
10021.png,1
10022.png,0
10023.png,1
10024.png,1
10025.png,1
10026.png,1
10027.png,1
10028.png,1
10029.png,1
10030.png,1
10031.png,0
10032.png,0
10033.png,1
10034.png,0
10035.png,0
10036.png,0
10037.png,0
10038.png,0
10039.png,1
10040.png,0
10041.png,0
10042.png,1
10043.png,0
10044.png,1
10045.png,0
10046.png,0
10047.png,1
10048.png,0
10049.png,1
10050.png,0
10051.png,0
10052.png,0
10053.png,0
10054.png,1
10055.png,1
10056.png,1
10057.png,1
10058.png,0
10059.png,0
10060.png,1
10061.png,0
10062.png,0
10063.png,0
10064.png,0
10065.png,0
10066.png,0
10067.png,1
10068.png,0
10069.png,1
10070.png,0
10071.png,1
10072.png,1
10073.png,1
10074.png,0
10075.png,0
10076.png,0
10077.png,0
10078.png,0
10079.png,0
10080.png,1
10081.png,0
10082.png,0
10083.png,0
10084.png,1
10085.png,1
10086.png,1
10087.png,1
10088.png,0
10089.png,1
10090.png,0
10091.png,1
10092.png,0
10093.png,1
10094.png,1
10095.png,1
10096.png,0
10097.png,0
10098.png,0
10099.png,1
10100.png,1
10101.png,0
10102.png,0
10103.png,1
10104.png,1
10105.png,0
10106.png,0
10107.png,0
10108.png,0
10109.png,1
10110.png,0
10111.png,0
10112.png,1
10113.png,0
10114.png,1
10115.png,0
10116.png,0
10117.png,0
10118.png,0
10119.png,0
10120.png,0
10121.png,0
10122.png,0
10123.png,0
10124.png,0
10125.png,0
10126.png,1
10127.png,0
10128.png,1
10129.png,0
10130.png,1
10131.png,0
10132.png,1
10133.png,1
10134.png,1
10135.png,1
10136.png,0
10137.png,0
10138.png,1
10139.png,0
10140.png,1
10141.png,0
10142.png,0
10143.png,0
10144.png,0
10145.png,0
10146.png,0
10147.png,1
10148.png,0
10149.png,1
10150.png,1
10151.png,1
10152.png,1
10153.png,0
10154.png,0
10155.png,0
10156.png,1
10157.png,1
10158.png,0
10159.png,0
10160.png,0
10161.png,1
10162.png,1
10163.png,1
10164.png,0
10165.png,1
10166.png,0
10167.png,0
10168.png,0
10169.png,1
10170.png,0
10171.png,0
10172.png,1
10173.png,1
10174.png,0
10175.png,0
10176.png,0
10177.png,1
10178.png,1
10179.png,1
10180.png,1
10181.png,0
10182.png,1
10183.png,1
10184.png,0
10185.png,0
10186.png,1
10187.png,0
10188.png,1
10189.png,1
10190.png,1
10191.png,1
10192.png,0
10193.png,0
10194.png,0
10195.png,1
10196.png,1
10197.png,1
10198.png,0
10199.png,1
10200.png,1
10201.png,0
10202.png,1
10203.png,0
10204.png,0
10205.png,1
10206.png,1
10207.png,0
10208.png,1
10209.png,0
10210.png,0
10211.png,0
10212.png,1
10213.png,1
10214.png,0
10215.png,0
10216.png,1
10217.png,1
10218.png,0
10219.png,0
10220.png,1
10221.png,0
10222.png,1
10223.png,0
10224.png,0
10225.png,1
10226.png,0
10227.png,0
10228.png,1
10229.png,1
10230.png,1
10231.png,1
10232.png,0
10233.png,0
10234.png,0
10235.png,0
10236.png,0
10237.png,0
10238.png,0
10239.png,0
10240.png,0
10241.png,1
10242.png,0
10243.png,0
10244.png,0
10245.png,0
10246.png,1
10247.png,0
10248.png,0
10249.png,0
10250.png,0
10251.png,1
10252.png,0
10253.png,0
10254.png,0
10255.png,0
10256.png,1
10257.png,1
10258.png,1
10259.png,1
10260.png,1
10261.png,1
10262.png,1
10263.png,1
10264.png,0
10265.png,1
10266.png,0
10267.png,1
10268.png,0
10269.png,0
10270.png,0
10271.png,0
10272.png,0
10273.png,0
10274.png,1
10275.png,0
10276.png,1
10277.png,0
10278.png,0
10279.png,0
10280.png,0
10281.png,0
10282.png,0
10283.png,1
10284.png,0
10285.png,0
10286.png,1
10287.png,0
10288.png,0
10289.png,0
10290.png,1
10291.png,1
10292.png,0
10293.png,0
10294.png,0
10295.png,1
10296.png,1
10297.png,0
10298.png,1
10299.png,1
10300.png,0
10301.png,0
10302.png,1
10303.png,1
10304.png,0
10305.png,1
10306.png,1
10307.png,1
10308.png,0
10309.png,0
10310.png,1
10311.png,1
10312.png,0
10313.png,0
10314.png,1
10315.png,1
10316.png,1
10317.png,1
10318.png,1
10319.png,1
10320.png,1
10321.png,0
10322.png,0
10323.png,0
10324.png,1
10325.png,1
10326.png,0
10327.png,1
10328.png,1
10329.png,1
10330.png,1
10331.png,0
10332.png,0
10333.png,1
10334.png,0
10335.png,0
10336.png,0
10337.png,0
10338.png,0
10339.png,0
10340.png,1
10341.png,0
10342.png,0
10343.png,1
10344.png,0
10345.png,0
10346.png,1
10347.png,1
10348.png,1
10349.png,1
10350.png,1
10351.png,1
10352.png,0
10353.png,0
10354.png,1
10355.png,0
10356.png,0
10357.png,1
10358.png,1
10359.png,0
10360.png,0
10361.png,1
10362.png,0
10363.png,0
10364.png,0
10365.png,1
10366.png,1
10367.png,0
10368.png,0
10369.png,0
10370.png,0
10371.png,0
10372.png,0
10373.png,0
10374.png,1
10375.png,0
10376.png,1
10377.png,0
10378.png,0
10379.png,1
10380.png,1
10381.png,1
10382.png,0
10383.png,0
10384.png,0
10385.png,1
10386.png,0
10387.png,1
10388.png,1
10389.png,1
10390.png,0
10391.png,0
10392.png,1
10393.png,1
10394.png,1
10395.png,1
10396.png,1
10397.png,0
10398.png,1
10399.png,1
10400.png,0
10401.png,0
10402.png,0
10403.png,1
10404.png,1
10405.png,0
10406.png,0
10407.png,1
10408.png,1
10409.png,1
10410.png,1
10411.png,1
10412.png,1
10413.png,0
10414.png,1
10415.png,0
10416.png,1
10417.png,1
10418.png,0
10419.png,1
10420.png,0
10421.png,1
10422.png,1
10423.png,1
10424.png,0
10425.png,0
10426.png,0
10427.png,0
10428.png,0
10429.png,0
10430.png,0
10431.png,0
10432.png,1
10433.png,0
10434.png,0
10435.png,1
10436.png,0
10437.png,0
10438.png,0
10439.png,1
10440.png,1
10441.png,0
10442.png,0
10443.png,0
10444.png,0
10445.png,0
10446.png,1
10447.png,0
10448.png,1
10449.png,0
10450.png,0
10451.png,0
10452.png,1
10453.png,1
10454.png,0
10455.png,1
10456.png,0
10457.png,1
10458.png,1
10459.png,1
10460.png,1
10461.png,0
10462.png,0
10463.png,1
10464.png,0
10465.png,1
10466.png,0
10467.png,0
10468.png,1
10469.png,1
10470.png,1
10471.png,1
10472.png,0
10473.png,0
10474.png,0
10475.png,1
10476.png,1
10477.png,0
10478.png,0
10479.png,1
10480.png,1
10481.png,1
10482.png,1
10483.png,0
10484.png,0
10485.png,1
10486.png,1
10487.png,1
10488.png,1
10489.png,0
10490.png,1
10491.png,1
10492.png,1
10493.png,1
10494.png,0
10495.png,0
10496.png,0
10497.png,1
10498.png,1
10499.png,1
10500.png,0
10501.png,0
10502.png,0
10503.png,1
10504.png,0
10505.png,0
10506.png,1
10507.png,1
10508.png,1
10509.png,0
10510.png,0
10511.png,1
10512.png,1
10513.png,0
10514.png,0
10515.png,1
10516.png,0
10517.png,0
10518.png,0
10519.png,1
10520.png,0
10521.png,0
10522.png,1
10523.png,0
10524.png,0
10525.png,0
10526.png,0
10527.png,0
10528.png,0
10529.png,1
10530.png,0
10531.png,1
10532.png,1
10533.png,0
10534.png,0
10535.png,1
10536.png,0
10537.png,0
10538.png,0
10539.png,1
10540.png,0
10541.png,0
10542.png,1
10543.png,0
10544.png,0
10545.png,0
10546.png,1
10547.png,1
10548.png,1
10549.png,1
10550.png,1
10551.png,1
10552.png,1
10553.png,1
10554.png,0
10555.png,1
10556.png,0
10557.png,1
10558.png,0
10559.png,0
10560.png,1
10561.png,0
10562.png,0
10563.png,0
10564.png,1
10565.png,0
10566.png,0
10567.png,1
10568.png,0
10569.png,0
10570.png,1
10571.png,1
10572.png,0
10573.png,1
10574.png,1
10575.png,0
10576.png,1
10577.png,0
10578.png,0
10579.png,0
10580.png,0
10581.png,0
10582.png,1
10583.png,0
10584.png,0
10585.png,0
10586.png,0
10587.png,0
10588.png,0
10589.png,1
10590.png,0
10591.png,0
10592.png,0
10593.png,0
10594.png,1
10595.png,1
10596.png,0
10597.png,0
10598.png,1
10599.png,1
10600.png,1
10601.png,1
10602.png,0
10603.png,1
10604.png,0
10605.png,0
10606.png,0
10607.png,1
10608.png,0
10609.png,1
10610.png,1
10611.png,0
10612.png,0
10613.png,0
10614.png,1
10615.png,1
10616.png,0
10617.png,0
10618.png,1
10619.png,1
10620.png,0
10621.png,0
10622.png,0
10623.png,1
10624.png,1
10625.png,1
10626.png,0
10627.png,1
10628.png,1
10629.png,0
10630.png,1
10631.png,0
10632.png,1
10633.png,0
10634.png,0
10635.png,0
10636.png,1
10637.png,1
10638.png,0
10639.png,0
10640.png,0
10641.png,1
10642.png,0
10643.png,0
10644.png,0
10645.png,1
10646.png,0
10647.png,0
10648.png,0
10649.png,0
10650.png,0
10651.png,1
10652.png,0
10653.png,1
10654.png,0
10655.png,1
10656.png,0
10657.png,1
10658.png,1
10659.png,1
10660.png,0
10661.png,1
10662.png,1
10663.png,0
10664.png,0
10665.png,1
10666.png,0
10667.png,0
10668.png,0
10669.png,1
10670.png,1
10671.png,0
10672.png,1
10673.png,1
10674.png,1
10675.png,0
10676.png,0
10677.png,0
10678.png,1
10679.png,0
10680.png,1
10681.png,0
10682.png,1
10683.png,0
10684.png,1
10685.png,0
10686.png,0
10687.png,1
10688.png,0
10689.png,0
10690.png,0
10691.png,0
10692.png,0
10693.png,1
10694.png,0
10695.png,0
10696.png,1
10697.png,1
10698.png,0
10699.png,1
10700.png,1
10701.png,0
10702.png,0
10703.png,0
10704.png,0
10705.png,0
10706.png,1
10707.png,1
10708.png,1
10709.png,0
10710.png,1
10711.png,1
10712.png,0
10713.png,0
10714.png,0
10715.png,1
10716.png,1
10717.png,0
10718.png,1
10719.png,1
10720.png,1
10721.png,0
10722.png,1
10723.png,0
10724.png,1
10725.png,0
10726.png,0
10727.png,0
10728.png,1
10729.png,1
10730.png,0
10731.png,1
10732.png,0
10733.png,0
10734.png,1
10735.png,0
10736.png,1
10737.png,1
10738.png,0
10739.png,0
10740.png,0
10741.png,0
10742.png,0
10743.png,0
10744.png,1
10745.png,1
10746.png,1
10747.png,0
10748.png,1
10749.png,0
10750.png,0
10751.png,0
10752.png,1
10753.png,1
10754.png,1
10755.png,1
10756.png,1
10757.png,1
10758.png,0
10759.png,0
10760.png,0
10761.png,0
10762.png,1
10763.png,1
10764.png,1
10765.png,0
10766.png,0
10767.png,0
10768.png,1
10769.png,0
10770.png,1
10771.png,1
10772.png,1
10773.png,1
10774.png,1
10775.png,1
10776.png,0
10777.png,1
10778.png,1
10779.png,0
10780.png,0
10781.png,0
10782.png,1
10783.png,0
10784.png,1
10785.png,0
10786.png,1
10787.png,1
10788.png,1
10789.png,1
10790.png,1
10791.png,1
10792.png,0
10793.png,1
10794.png,1
10795.png,1
10796.png,1
10797.png,1
10798.png,1
10799.png,1
10800.png,1
10801.png,1
10802.png,1
10803.png,0
10804.png,0
10805.png,0
10806.png,0
10807.png,1
10808.png,0
10809.png,1
10810.png,0
10811.png,1
10812.png,0
10813.png,0
10814.png,0
10815.png,0
10816.png,1
10817.png,1
10818.png,0
10819.png,0
10820.png,1
10821.png,0
10822.png,1
10823.png,0
10824.png,1
10825.png,1
10826.png,0
10827.png,1
10828.png,0
10829.png,0
10830.png,0
10831.png,1
10832.png,1
10833.png,1
10834.png,1
10835.png,0
10836.png,0
10837.png,0
10838.png,1
10839.png,0
10840.png,0
10841.png,1
10842.png,1
10843.png,0
10844.png,0
10845.png,1
10846.png,1
10847.png,0
10848.png,0
10849.png,1
10850.png,0
10851.png,1
10852.png,1
10853.png,1
10854.png,0
10855.png,1
10856.png,1
10857.png,1
10858.png,0
10859.png,1
10860.png,1
10861.png,0
10862.png,1
10863.png,1
10864.png,1
10865.png,1
10866.png,0
10867.png,0
10868.png,0
10869.png,1
10870.png,0
10871.png,1
10872.png,0
10873.png,0
10874.png,0
10875.png,1
10876.png,0
10877.png,0
10878.png,1
10879.png,1
10880.png,1
10881.png,1
10882.png,0
10883.png,0
10884.png,1
10885.png,0
10886.png,0
10887.png,1
10888.png,0
10889.png,1
10890.png,0
10891.png,0
10892.png,1
10893.png,0
10894.png,0
10895.png,0
10896.png,0
10897.png,0
10898.png,0
10899.png,0
10900.png,0
10901.png,1
10902.png,0
10903.png,1
10904.png,1
10905.png,1
10906.png,0
10907.png,1
10908.png,0
10909.png,0
10910.png,0
10911.png,1
10912.png,1
10913.png,0
10914.png,0
10915.png,0
10916.png,1
10917.png,0
10918.png,0
10919.png,0
10920.png,1
10921.png,1
10922.png,0
10923.png,1
10924.png,0
10925.png,0
10926.png,0
10927.png,1
10928.png,0
10929.png,0
10930.png,0
10931.png,1
10932.png,1
10933.png,0
10934.png,0
10935.png,0
10936.png,0
10937.png,0
10938.png,1
10939.png,0
10940.png,1
10941.png,1
10942.png,1
10943.png,1
10944.png,0
10945.png,1
10946.png,1
10947.png,0
10948.png,0
10949.png,1
10950.png,1
10951.png,0
10952.png,0
10953.png,1
10954.png,0
10955.png,0
10956.png,1
10957.png,1
10958.png,1
10959.png,1
10960.png,1
10961.png,0
10962.png,0
10963.png,0
10964.png,1
10965.png,1
10966.png,1
10967.png,1
10968.png,1
10969.png,1
10970.png,1
10971.png,0
10972.png,0
10973.png,1
10974.png,1
10975.png,1
10976.png,0
10977.png,0
10978.png,0
10979.png,0
10980.png,1
10981.png,0
10982.png,1
10983.png,0
10984.png,1
10985.png,0
10986.png,1
10987.png,1
10988.png,0
10989.png,1
10990.png,0
10991.png,1
10992.png,1
10993.png,0
10994.png,0
10995.png,1
10996.png,1
10997.png,1
10998.png,0
10999.png,0
11000.png,0
11001.png,0
11002.png,0
11003.png,0
11004.png,1
11005.png,1
11006.png,1
11007.png,1
11008.png,0
11009.png,0
11010.png,0
11011.png,0
11012.png,1
11013.png,1
11014.png,0
11015.png,1
11016.png,0
11017.png,0
11018.png,0
11019.png,1
11020.png,1
11021.png,0
11022.png,0
11023.png,0
11024.png,0
11025.png,1
11026.png,0
11027.png,1
11028.png,1
11029.png,1
11030.png,1
11031.png,0
11032.png,1
11033.png,1
11034.png,0
11035.png,1
11036.png,0
11037.png,0
11038.png,1
11039.png,0
11040.png,0
11041.png,1
11042.png,0
11043.png,0
11044.png,0
11045.png,1
11046.png,1
11047.png,0
11048.png,1
11049.png,1
11050.png,0
11051.png,0
11052.png,0
11053.png,1
11054.png,1
11055.png,0
11056.png,1
11057.png,1
11058.png,1
11059.png,0
11060.png,1
11061.png,1
11062.png,0
11063.png,0
11064.png,1
11065.png,0
11066.png,1
11067.png,0
11068.png,0
11069.png,1
11070.png,1
11071.png,0
11072.png,0
11073.png,0
11074.png,0
11075.png,1
11076.png,0
11077.png,0
11078.png,0
11079.png,1
11080.png,1
11081.png,1
11082.png,0
11083.png,0
11084.png,1
11085.png,0
11086.png,1
11087.png,1
11088.png,1
11089.png,0
11090.png,1
11091.png,1
11092.png,0
11093.png,1
11094.png,0
11095.png,1
11096.png,1
11097.png,0
11098.png,1
11099.png,0
11100.png,0
11101.png,1
11102.png,1
11103.png,1
11104.png,0
11105.png,0
11106.png,0
11107.png,1
11108.png,1
11109.png,1
11110.png,1
11111.png,1
11112.png,0
11113.png,0
11114.png,1
11115.png,0
11116.png,0
11117.png,1
11118.png,1
11119.png,0
11120.png,0
11121.png,1
11122.png,0
11123.png,1
11124.png,0
11125.png,1
11126.png,1
11127.png,1
11128.png,0
11129.png,1
11130.png,0
11131.png,0
11132.png,0
11133.png,1
11134.png,1
11135.png,1
11136.png,0
11137.png,1
11138.png,1
11139.png,0
11140.png,0
11141.png,0
11142.png,0
11143.png,0
11144.png,1
11145.png,1
11146.png,0
11147.png,0
11148.png,1
11149.png,1
11150.png,0
11151.png,0
11152.png,0
11153.png,0
11154.png,1
11155.png,0
11156.png,0
11157.png,1
11158.png,0
11159.png,1
11160.png,0
11161.png,1
11162.png,1
11163.png,0
11164.png,1
11165.png,1
11166.png,0
11167.png,1
11168.png,0
11169.png,1
11170.png,0
11171.png,1
11172.png,0
11173.png,0
11174.png,0
11175.png,1
11176.png,0
11177.png,1
11178.png,0
11179.png,0
11180.png,0
11181.png,1
11182.png,1
11183.png,1
11184.png,0
11185.png,0
11186.png,0
11187.png,0
11188.png,1
11189.png,1
11190.png,1
11191.png,1
11192.png,0
11193.png,0
11194.png,0
11195.png,1
11196.png,0
11197.png,1
11198.png,1
11199.png,1
11200.png,1
11201.png,0
11202.png,1
11203.png,1
11204.png,1
11205.png,0
11206.png,0
11207.png,0
11208.png,0
11209.png,1
11210.png,0
11211.png,1
11212.png,1
11213.png,1
11214.png,0
11215.png,0
11216.png,1
11217.png,1
11218.png,1
11219.png,1
11220.png,0
11221.png,0
11222.png,0
11223.png,1
11224.png,0
11225.png,0
11226.png,0
11227.png,1
11228.png,1
11229.png,1
11230.png,0
11231.png,1
11232.png,1
11233.png,0
11234.png,0
11235.png,1
11236.png,1
11237.png,1
11238.png,1
11239.png,0
11240.png,0
11241.png,0
11242.png,0
11243.png,1
11244.png,0
11245.png,1
11246.png,0
11247.png,1
11248.png,0
11249.png,1
11250.png,0
11251.png,1
11252.png,1
11253.png,1
11254.png,1
11255.png,0
11256.png,0
11257.png,1
11258.png,0
11259.png,0
11260.png,0
11261.png,0
11262.png,1
11263.png,1
11264.png,0
11265.png,0
11266.png,0
11267.png,0
11268.png,1
11269.png,1
11270.png,1
11271.png,0
11272.png,1
11273.png,0
11274.png,0
11275.png,1
11276.png,0
11277.png,1
11278.png,1
11279.png,1
11280.png,0
11281.png,1
11282.png,0
11283.png,1
11284.png,0
11285.png,0
11286.png,1
11287.png,1
11288.png,1
11289.png,1
11290.png,0
11291.png,0
11292.png,1
11293.png,1
11294.png,1
11295.png,1
11296.png,0
11297.png,1
11298.png,1
11299.png,1
11300.png,1
11301.png,0
11302.png,0
11303.png,0
11304.png,0
11305.png,1
11306.png,0
11307.png,0
11308.png,1
11309.png,1
11310.png,0
11311.png,1
11312.png,1
11313.png,1
11314.png,0
11315.png,0
11316.png,1
11317.png,1
11318.png,0
11319.png,1
11320.png,0
11321.png,0
11322.png,0
11323.png,0
11324.png,0
11325.png,0
11326.png,1
11327.png,0
11328.png,0
11329.png,0
11330.png,1
11331.png,0
11332.png,0
11333.png,1
11334.png,1
11335.png,1
11336.png,0
11337.png,1
11338.png,1
11339.png,1
11340.png,0
11341.png,0
11342.png,1
11343.png,0
11344.png,0
11345.png,1
11346.png,1
11347.png,1
11348.png,0
11349.png,0
11350.png,1
11351.png,0
11352.png,1
11353.png,1
11354.png,0
11355.png,0
11356.png,1
11357.png,0
11358.png,0
11359.png,0
11360.png,0
11361.png,1
11362.png,1
11363.png,0
11364.png,0
11365.png,1
11366.png,1
11367.png,0
11368.png,1
11369.png,1
11370.png,1
11371.png,0
11372.png,0
11373.png,1
11374.png,0
11375.png,1
11376.png,0
11377.png,1
11378.png,1
11379.png,1
11380.png,1
11381.png,0
11382.png,1
11383.png,0
11384.png,1
11385.png,1
11386.png,0
11387.png,0
11388.png,1
11389.png,1
11390.png,0
11391.png,1
11392.png,0
11393.png,1
11394.png,0
11395.png,1
11396.png,0
11397.png,0
11398.png,1
11399.png,0
11400.png,0
11401.png,0
11402.png,0
11403.png,0
11404.png,1
11405.png,0
11406.png,0
11407.png,0
11408.png,1
11409.png,1
11410.png,1
11411.png,0
11412.png,1
11413.png,0
11414.png,0
11415.png,0
11416.png,0
11417.png,1
11418.png,0
11419.png,1
11420.png,0
11421.png,1
11422.png,1
11423.png,1
11424.png,0
11425.png,1
11426.png,1
11427.png,1
11428.png,0
11429.png,1
11430.png,1
11431.png,1
11432.png,1
11433.png,0
11434.png,0
11435.png,1
11436.png,0
11437.png,0
11438.png,1
11439.png,0
11440.png,0
11441.png,0
11442.png,0
11443.png,1
11444.png,1
11445.png,1
11446.png,1
11447.png,1
11448.png,1
11449.png,0
11450.png,1
11451.png,0
11452.png,1
11453.png,1
11454.png,1
11455.png,0
11456.png,1
11457.png,0
11458.png,0
11459.png,0
11460.png,0
11461.png,0
11462.png,1
11463.png,1
11464.png,1
11465.png,1
11466.png,1
11467.png,0
11468.png,1
11469.png,1
11470.png,1
11471.png,1
11472.png,1
11473.png,1
11474.png,1
11475.png,0
11476.png,0
11477.png,1
11478.png,1
11479.png,1
11480.png,1
11481.png,0
11482.png,0
11483.png,0
11484.png,1
11485.png,0
11486.png,0
11487.png,0
11488.png,0
11489.png,1
11490.png,1
11491.png,0
11492.png,1
11493.png,1
11494.png,0
11495.png,1
11496.png,0
11497.png,0
11498.png,0
11499.png,1
11500.png,0
11501.png,1
11502.png,0
11503.png,0
11504.png,1
11505.png,0
11506.png,1
11507.png,1
11508.png,0
11509.png,1
11510.png,0
11511.png,0
11512.png,1
11513.png,0
11514.png,1
11515.png,1
11516.png,1
11517.png,0
11518.png,1
11519.png,1
11520.png,0
11521.png,1
11522.png,1
11523.png,1
11524.png,1
11525.png,1
11526.png,1
11527.png,0
11528.png,0
11529.png,0
11530.png,0
11531.png,1
11532.png,1
11533.png,0
11534.png,1
11535.png,1
11536.png,0
11537.png,1
11538.png,1
11539.png,1
11540.png,1
11541.png,0
11542.png,1
11543.png,1
11544.png,0
11545.png,1
11546.png,1
11547.png,1
11548.png,0
11549.png,0
11550.png,1
11551.png,0
11552.png,0
11553.png,0
11554.png,1
11555.png,1
11556.png,0
11557.png,1
11558.png,0
11559.png,0
11560.png,0
11561.png,0
11562.png,0
11563.png,1
11564.png,1
11565.png,0
11566.png,0
11567.png,0
11568.png,1
11569.png,0
11570.png,0
11571.png,1
11572.png,0
11573.png,0
11574.png,1
11575.png,0
11576.png,0
11577.png,0
11578.png,0
11579.png,1
11580.png,1
11581.png,0
11582.png,1
11583.png,0
11584.png,0
11585.png,1
11586.png,0
11587.png,1
11588.png,1
11589.png,0
11590.png,1
11591.png,0
11592.png,0
11593.png,1
11594.png,1
11595.png,0
11596.png,0
11597.png,0
11598.png,0
11599.png,1
11600.png,1
11601.png,1
11602.png,1
11603.png,1
11604.png,1
11605.png,0
11606.png,1
11607.png,0
11608.png,0
11609.png,0
11610.png,0
11611.png,1
11612.png,0
11613.png,1
11614.png,1
11615.png,1
11616.png,0
11617.png,1
11618.png,1
11619.png,1
11620.png,0
11621.png,1
11622.png,0
11623.png,1
11624.png,1
11625.png,1
11626.png,0
11627.png,0
11628.png,1
11629.png,0
11630.png,0
11631.png,1
11632.png,1
11633.png,0
11634.png,0
11635.png,0
11636.png,0
11637.png,1
11638.png,0
11639.png,0
11640.png,0
11641.png,1
11642.png,0
11643.png,0
11644.png,0
11645.png,0
11646.png,0
11647.png,0
11648.png,0
11649.png,1
11650.png,1
11651.png,0
11652.png,1
11653.png,1
11654.png,0
11655.png,1
11656.png,0
11657.png,1
11658.png,1
11659.png,1
11660.png,1
11661.png,1
11662.png,0
11663.png,1
11664.png,1
11665.png,0
11666.png,0
11667.png,0
11668.png,0
11669.png,1
11670.png,1
11671.png,0
11672.png,1
11673.png,1
11674.png,0
11675.png,0
11676.png,0
11677.png,1
11678.png,0
11679.png,0
11680.png,0
11681.png,1
11682.png,0
11683.png,1
11684.png,1
11685.png,0
11686.png,0
11687.png,1
11688.png,1
11689.png,1
11690.png,1
11691.png,1
11692.png,0
11693.png,1
11694.png,1
11695.png,0
11696.png,0
11697.png,0
11698.png,0
11699.png,0
11700.png,1
11701.png,0
11702.png,1
11703.png,0
11704.png,0
11705.png,1
11706.png,1
11707.png,0
11708.png,1
11709.png,0
11710.png,0
11711.png,1
11712.png,1
11713.png,0
11714.png,1
11715.png,0
11716.png,0
11717.png,1
11718.png,0
11719.png,0
11720.png,1
11721.png,0
11722.png,1
11723.png,0
11724.png,0
11725.png,1
11726.png,1
11727.png,0
11728.png,0
11729.png,1
11730.png,0
11731.png,0
11732.png,1
11733.png,0
11734.png,1
11735.png,0
11736.png,1
11737.png,1
11738.png,0
11739.png,0
11740.png,1
11741.png,1
11742.png,0
11743.png,1
11744.png,1
11745.png,0
11746.png,0
11747.png,0
11748.png,0
11749.png,0
11750.png,1
11751.png,0
11752.png,0
11753.png,1
11754.png,0
11755.png,1
11756.png,1
11757.png,0
11758.png,1
11759.png,1
11760.png,0
11761.png,1
11762.png,0
11763.png,0
11764.png,0
11765.png,0
11766.png,1
11767.png,0
11768.png,0
11769.png,0
11770.png,0
11771.png,1
11772.png,0
11773.png,1
11774.png,0
11775.png,0
11776.png,1
11777.png,1
11778.png,1
11779.png,1
11780.png,0
11781.png,0
11782.png,1
11783.png,1
11784.png,0
11785.png,1
11786.png,0
11787.png,0
11788.png,0
11789.png,1
11790.png,0
11791.png,0
11792.png,0
11793.png,1
11794.png,0
11795.png,1
11796.png,0
11797.png,0
11798.png,1
11799.png,0
11800.png,1
11801.png,0
11802.png,0
11803.png,1
11804.png,0
11805.png,0
11806.png,1
11807.png,1
11808.png,1
11809.png,1
11810.png,1
11811.png,1
11812.png,1
11813.png,1
11814.png,1
11815.png,1
11816.png,1
11817.png,1
11818.png,1
11819.png,1
11820.png,1
11821.png,0
11822.png,1
11823.png,0
11824.png,1
11825.png,0
11826.png,0
11827.png,1
11828.png,0
11829.png,1
11830.png,0
11831.png,1
11832.png,0
11833.png,0
11834.png,0
11835.png,0
11836.png,1
11837.png,1
11838.png,0
11839.png,1
11840.png,0
11841.png,1
11842.png,1
11843.png,0
11844.png,1
11845.png,0
11846.png,0
11847.png,0
11848.png,1
11849.png,1
11850.png,0
11851.png,1
11852.png,0
11853.png,0
11854.png,1
11855.png,1
11856.png,0
11857.png,1
11858.png,0
11859.png,1
11860.png,1
11861.png,0
11862.png,0
11863.png,0
11864.png,0
11865.png,0
11866.png,0
11867.png,1
11868.png,1
11869.png,0
11870.png,1
11871.png,0
11872.png,1
11873.png,0
11874.png,0
11875.png,0
11876.png,1
11877.png,0
11878.png,0
11879.png,0
11880.png,0
11881.png,1
11882.png,0
11883.png,1
11884.png,0
11885.png,0
11886.png,1
11887.png,0
11888.png,0
11889.png,0
11890.png,0
11891.png,1
11892.png,1
11893.png,1
11894.png,0
11895.png,1
11896.png,1
11897.png,0
11898.png,1
11899.png,0
11900.png,0
11901.png,1
11902.png,1
11903.png,1
11904.png,0
11905.png,0
11906.png,1
11907.png,0
11908.png,0
11909.png,0
11910.png,0
11911.png,0
11912.png,1
11913.png,0
11914.png,1
11915.png,0
11916.png,1
11917.png,1
11918.png,0
11919.png,0
11920.png,1
11921.png,0
11922.png,1
11923.png,1
11924.png,0
11925.png,0
11926.png,1
11927.png,1
11928.png,1
11929.png,0
11930.png,1
11931.png,1
11932.png,0
11933.png,1
11934.png,1
11935.png,0
11936.png,1
11937.png,0
11938.png,0
11939.png,0
11940.png,1
11941.png,1
11942.png,1
11943.png,1
11944.png,1
11945.png,1
11946.png,1
11947.png,0
11948.png,1
11949.png,1
11950.png,1
11951.png,1
11952.png,0
11953.png,0
11954.png,1
11955.png,0
11956.png,1
11957.png,0
11958.png,0
11959.png,0
11960.png,0
11961.png,1
11962.png,1
11963.png,1
11964.png,0
11965.png,1
11966.png,0
11967.png,0
11968.png,1
11969.png,0
11970.png,1
11971.png,1
11972.png,1
11973.png,0
11974.png,0
11975.png,1
11976.png,1
11977.png,1
11978.png,1
11979.png,1
11980.png,1
11981.png,0
11982.png,0
11983.png,1
11984.png,1
11985.png,0
11986.png,0
11987.png,0
11988.png,1
11989.png,1
11990.png,1
11991.png,1
11992.png,0
11993.png,0
11994.png,1
11995.png,1
11996.png,0
11997.png,0
11998.png,0
11999.png,1
12000.png,1
12001.png,1
12002.png,1
12003.png,1
12004.png,0
12005.png,1
12006.png,0
12007.png,0
12008.png,0
12009.png,0
12010.png,1
12011.png,0
12012.png,1
12013.png,1
12014.png,0
12015.png,1
12016.png,0
12017.png,1
12018.png,0
12019.png,0
12020.png,1
12021.png,0
12022.png,1
12023.png,0
12024.png,0
12025.png,1
12026.png,1
12027.png,1
12028.png,1
12029.png,1
12030.png,1
12031.png,0
12032.png,0
12033.png,0
12034.png,1
12035.png,0
12036.png,0
12037.png,1
12038.png,1
12039.png,1
12040.png,1
12041.png,1
12042.png,1
12043.png,0
12044.png,0
12045.png,0
12046.png,0
12047.png,1
12048.png,0
12049.png,0
12050.png,1
12051.png,0
12052.png,1
12053.png,0
12054.png,0
12055.png,1
12056.png,0
12057.png,1
12058.png,1
12059.png,1
12060.png,0
12061.png,1
12062.png,0
12063.png,0
12064.png,0
12065.png,0
12066.png,1
12067.png,0
12068.png,0
12069.png,1
12070.png,0
12071.png,1
12072.png,1
12073.png,1
12074.png,1
12075.png,1
12076.png,1
12077.png,1
12078.png,1
12079.png,1
12080.png,0
12081.png,0
12082.png,1
12083.png,0
12084.png,0
12085.png,0
12086.png,1
12087.png,0
12088.png,0
12089.png,0
12090.png,0
12091.png,0
12092.png,1
12093.png,1
12094.png,1
12095.png,0
12096.png,1
12097.png,0
12098.png,1
12099.png,0
12100.png,1
12101.png,1
12102.png,1
12103.png,0
12104.png,1
12105.png,0
12106.png,1
12107.png,0
12108.png,1
12109.png,1
12110.png,1
12111.png,1
12112.png,1
12113.png,0
12114.png,1
12115.png,1
12116.png,0
12117.png,1
12118.png,1
12119.png,0
12120.png,0
12121.png,1
12122.png,0
12123.png,0
12124.png,0
12125.png,1
12126.png,1
12127.png,1
12128.png,1
12129.png,0
12130.png,1
12131.png,1
12132.png,0
12133.png,0
12134.png,1
12135.png,1
12136.png,0
12137.png,1
12138.png,0
12139.png,0
12140.png,0
12141.png,1
12142.png,1
12143.png,1
12144.png,0
12145.png,1
12146.png,0
12147.png,0
12148.png,0
12149.png,1
12150.png,1
12151.png,1
12152.png,1
12153.png,1
12154.png,0
12155.png,1
12156.png,1
12157.png,0
12158.png,1
12159.png,0
12160.png,0
12161.png,0
12162.png,0
12163.png,0
12164.png,1
12165.png,0
12166.png,1
12167.png,0
12168.png,0
12169.png,0
12170.png,0
12171.png,0
12172.png,0
12173.png,0
12174.png,0
12175.png,1
12176.png,1
12177.png,1
12178.png,0
12179.png,0
12180.png,1
12181.png,1
12182.png,0
12183.png,0
12184.png,0
12185.png,0
12186.png,1
12187.png,0
12188.png,1
12189.png,1
12190.png,1
12191.png,1
12192.png,0
12193.png,0
12194.png,1
12195.png,1
12196.png,1
12197.png,1
12198.png,0
12199.png,1
12200.png,1
12201.png,1
12202.png,0
12203.png,0
12204.png,0
12205.png,0
12206.png,0
12207.png,1
12208.png,1
12209.png,0
12210.png,1
12211.png,1
12212.png,0
12213.png,1
12214.png,1
12215.png,0
12216.png,0
12217.png,0
12218.png,1
12219.png,0
12220.png,1
12221.png,0
12222.png,0
12223.png,1
12224.png,0
12225.png,1
12226.png,1
12227.png,0
12228.png,1
12229.png,0
12230.png,0
12231.png,1
12232.png,0
12233.png,1
12234.png,1
12235.png,1
12236.png,1
12237.png,1
12238.png,0
12239.png,1
12240.png,0
12241.png,0
12242.png,0
12243.png,1
12244.png,0
12245.png,1
12246.png,1
12247.png,0
12248.png,0
12249.png,1
12250.png,0
12251.png,1
12252.png,1
12253.png,1
12254.png,0
12255.png,0
12256.png,1
12257.png,0
12258.png,1
12259.png,1
12260.png,1
12261.png,1
12262.png,0
12263.png,1
12264.png,1
12265.png,1
12266.png,1
12267.png,0
12268.png,0
12269.png,1
12270.png,0
12271.png,1
12272.png,1
12273.png,0
12274.png,1
12275.png,0
12276.png,1
12277.png,1
12278.png,1
12279.png,1
12280.png,0
12281.png,0
12282.png,0
12283.png,1
12284.png,1
12285.png,0
12286.png,1
12287.png,0
12288.png,0
12289.png,0
12290.png,0
12291.png,0
12292.png,0
12293.png,0
12294.png,0
12295.png,0
12296.png,1
12297.png,0
12298.png,1
12299.png,0
12300.png,1
12301.png,1
12302.png,0
12303.png,0
12304.png,0
12305.png,1
12306.png,0
12307.png,1
12308.png,0
12309.png,1
12310.png,1
12311.png,1
12312.png,1
12313.png,1
12314.png,0
12315.png,0
12316.png,0
12317.png,1
12318.png,0
12319.png,0
12320.png,1
12321.png,1
12322.png,1
12323.png,1
12324.png,0
12325.png,1
12326.png,0
12327.png,0
12328.png,0
12329.png,1
12330.png,1
12331.png,1
12332.png,0
12333.png,0
12334.png,0
12335.png,0
12336.png,1
12337.png,0
12338.png,1
12339.png,1
12340.png,1
12341.png,1
12342.png,0
12343.png,1
12344.png,1
12345.png,0
12346.png,0
12347.png,0
12348.png,1
12349.png,1
12350.png,1
12351.png,1
12352.png,0
12353.png,0
12354.png,1
12355.png,1
12356.png,0
12357.png,1
12358.png,0
12359.png,0
12360.png,0
12361.png,1
12362.png,1
12363.png,0
12364.png,0
12365.png,0
12366.png,1
12367.png,1
12368.png,0
12369.png,0
12370.png,0
12371.png,0
12372.png,0
12373.png,0
12374.png,1
12375.png,1
12376.png,0
12377.png,0
12378.png,0
12379.png,1
12380.png,1
12381.png,0
12382.png,0
12383.png,1
12384.png,0
12385.png,0
12386.png,0
12387.png,1
12388.png,1
12389.png,1
12390.png,0
12391.png,0
12392.png,1
12393.png,1
12394.png,0
12395.png,0
12396.png,1
12397.png,1
12398.png,0
12399.png,0
12400.png,0
12401.png,1
12402.png,0
12403.png,0
12404.png,0
12405.png,1
12406.png,1
12407.png,1
12408.png,0
12409.png,0
12410.png,0
12411.png,0
12412.png,0
12413.png,1
12414.png,0
12415.png,0
12416.png,1
12417.png,0
12418.png,1
12419.png,1
12420.png,0
12421.png,0
12422.png,0
12423.png,1
12424.png,0
12425.png,0
12426.png,1
12427.png,1
12428.png,1
12429.png,1
12430.png,1
12431.png,0
12432.png,1
12433.png,1
12434.png,0
12435.png,0
12436.png,0
12437.png,0
12438.png,0
12439.png,0
12440.png,0
12441.png,1
12442.png,0
12443.png,1
12444.png,1
12445.png,1
12446.png,1
12447.png,0
12448.png,1
12449.png,1
12450.png,1
12451.png,1
12452.png,0
12453.png,0
12454.png,0
12455.png,0
12456.png,0
12457.png,0
12458.png,0
12459.png,0
12460.png,0
12461.png,0
12462.png,0
12463.png,1
12464.png,0
12465.png,0
12466.png,1
12467.png,0
12468.png,1
12469.png,0
12470.png,0
12471.png,0
12472.png,0
12473.png,0
12474.png,1
12475.png,0
12476.png,0
12477.png,0
12478.png,1
12479.png,0
12480.png,0
12481.png,1
12482.png,0
12483.png,0
12484.png,0
12485.png,1
12486.png,0
12487.png,0
12488.png,1
12489.png,0
12490.png,1
12491.png,1
12492.png,0
12493.png,1
12494.png,0
12495.png,0
12496.png,1
12497.png,1
12498.png,1
12499.png,1
12500.png,1
12501.png,0
12502.png,1
12503.png,0
12504.png,0
12505.png,0
12506.png,0
12507.png,1
12508.png,1
12509.png,1
12510.png,0
12511.png,0
12512.png,1
12513.png,1
12514.png,1
12515.png,1
12516.png,1
12517.png,0
12518.png,1
12519.png,1
12520.png,1
12521.png,0
12522.png,0
12523.png,0
12524.png,0
12525.png,0
12526.png,1
12527.png,1
12528.png,1
12529.png,1
12530.png,0
12531.png,0
12532.png,0
12533.png,0
12534.png,1
12535.png,1
12536.png,0
12537.png,1
12538.png,1
12539.png,0
12540.png,1
12541.png,0
12542.png,1
12543.png,0
12544.png,0
12545.png,1
12546.png,0
12547.png,1
12548.png,1
12549.png,0
12550.png,1
12551.png,0
12552.png,0
12553.png,1
12554.png,1
12555.png,0
12556.png,0
12557.png,1
12558.png,1
12559.png,0
12560.png,1
12561.png,0
12562.png,1
12563.png,1
12564.png,1
12565.png,1
12566.png,0
12567.png,0
12568.png,0
12569.png,1
12570.png,0
12571.png,0
12572.png,1
12573.png,0
12574.png,1
12575.png,0
12576.png,0
12577.png,1
12578.png,0
12579.png,0
12580.png,0
12581.png,0
12582.png,0
12583.png,1
12584.png,0
12585.png,0
12586.png,1
12587.png,1
12588.png,0
12589.png,0
12590.png,0
12591.png,1
12592.png,1
12593.png,0
12594.png,1
12595.png,0
12596.png,1
12597.png,1
12598.png,1
12599.png,0
12600.png,1
12601.png,1
12602.png,0
12603.png,0
12604.png,0
12605.png,0
12606.png,0
12607.png,0
12608.png,1
12609.png,1
12610.png,1
12611.png,1
12612.png,1
12613.png,0
12614.png,0
12615.png,0
12616.png,1
12617.png,0
12618.png,0
12619.png,1
12620.png,1
12621.png,1
12622.png,0
12623.png,0
12624.png,0
12625.png,0
12626.png,0
12627.png,0
12628.png,0
12629.png,0
12630.png,1
12631.png,0
12632.png,1
12633.png,0
12634.png,1
12635.png,1
12636.png,1
12637.png,1
12638.png,0
12639.png,0
12640.png,0
12641.png,1
12642.png,1
12643.png,0
12644.png,0
12645.png,1
12646.png,0
12647.png,1
12648.png,1
12649.png,0
12650.png,0
12651.png,0
12652.png,0
12653.png,1
12654.png,1
12655.png,1
12656.png,0
12657.png,1
12658.png,1
12659.png,1
12660.png,1
12661.png,1
12662.png,0
12663.png,0
12664.png,1
12665.png,1
12666.png,0
12667.png,1
12668.png,1
12669.png,1
12670.png,0
12671.png,1
12672.png,1
12673.png,1
12674.png,0
12675.png,1
12676.png,1
12677.png,0
12678.png,1
12679.png,0
12680.png,0
12681.png,0
12682.png,0
12683.png,0
12684.png,1
12685.png,1
12686.png,0
12687.png,1
12688.png,0
12689.png,1
12690.png,1
12691.png,1
12692.png,0
12693.png,0
12694.png,0
12695.png,1
12696.png,0
12697.png,1
12698.png,0
12699.png,0
12700.png,1
12701.png,1
12702.png,0
12703.png,1
12704.png,0
12705.png,1
12706.png,1
12707.png,1
12708.png,1
12709.png,0
12710.png,0
12711.png,0
12712.png,0
12713.png,0
12714.png,0
12715.png,0
12716.png,1
12717.png,1
12718.png,1
12719.png,0
12720.png,1
12721.png,0
12722.png,1
12723.png,0
12724.png,0
12725.png,0
12726.png,1
12727.png,0
12728.png,0
12729.png,0
12730.png,0
12731.png,0
12732.png,0
12733.png,1
12734.png,0
12735.png,1
12736.png,1
12737.png,0
12738.png,1
12739.png,1
12740.png,1
12741.png,0
12742.png,1
12743.png,0
12744.png,0
12745.png,0
12746.png,1
12747.png,0
12748.png,1
12749.png,0
12750.png,1
12751.png,1
12752.png,0
12753.png,0
12754.png,1
12755.png,1
12756.png,1
12757.png,0
12758.png,1
12759.png,0
12760.png,0
12761.png,1
12762.png,1
12763.png,1
12764.png,0
12765.png,0
12766.png,0
12767.png,1
12768.png,0
12769.png,0
12770.png,0
12771.png,1
12772.png,1
12773.png,1
12774.png,1
12775.png,0
12776.png,0
12777.png,0
12778.png,0
12779.png,0
12780.png,0
12781.png,1
12782.png,1
12783.png,1
12784.png,1
12785.png,0
12786.png,0
12787.png,0
12788.png,0
12789.png,0
12790.png,1
12791.png,1
12792.png,0
12793.png,1
12794.png,0
12795.png,0
12796.png,0
12797.png,0
12798.png,1
12799.png,0
12800.png,1
12801.png,0
12802.png,1
12803.png,0
12804.png,1
12805.png,1
12806.png,1
12807.png,0
12808.png,1
12809.png,0
12810.png,0
12811.png,1
12812.png,1
12813.png,0
12814.png,1
12815.png,0
12816.png,1
12817.png,0
12818.png,1
12819.png,0
12820.png,0
12821.png,0
12822.png,0
12823.png,0
12824.png,1
12825.png,1
12826.png,0
12827.png,0
12828.png,0
12829.png,0
12830.png,1
12831.png,0
12832.png,0
12833.png,0
12834.png,0
12835.png,0
12836.png,1
12837.png,0
12838.png,1
12839.png,0
12840.png,0
12841.png,1
12842.png,0
12843.png,1
12844.png,0
12845.png,0
12846.png,0
12847.png,0
12848.png,0
12849.png,0
12850.png,0
12851.png,0
12852.png,0
12853.png,0
12854.png,0
12855.png,1
12856.png,1
12857.png,0
12858.png,1
12859.png,0
12860.png,1
12861.png,1
12862.png,0
12863.png,1
12864.png,1
12865.png,0
12866.png,0
12867.png,1
12868.png,0
12869.png,0
12870.png,0
12871.png,0
12872.png,1
12873.png,0
12874.png,1
12875.png,0
12876.png,1
12877.png,1
12878.png,0
12879.png,0
12880.png,1
12881.png,1
12882.png,1
12883.png,0
12884.png,0
12885.png,0
12886.png,1
12887.png,0
12888.png,1
12889.png,0
12890.png,0
12891.png,1
12892.png,1
12893.png,1
12894.png,0
12895.png,0
12896.png,1
12897.png,0
12898.png,1
12899.png,1
12900.png,1
12901.png,0
12902.png,1
12903.png,1
12904.png,1
12905.png,1
12906.png,0
12907.png,0
12908.png,1
12909.png,0
12910.png,1
12911.png,0
12912.png,1
12913.png,0
12914.png,0
12915.png,0
12916.png,0
12917.png,1
12918.png,0
12919.png,0
12920.png,1
12921.png,0
12922.png,0
12923.png,0
12924.png,0
12925.png,1
12926.png,0
12927.png,1
12928.png,0
12929.png,0
12930.png,0
12931.png,1
12932.png,0
12933.png,1
12934.png,1
12935.png,0
12936.png,0
12937.png,1
12938.png,1
12939.png,1
12940.png,1
12941.png,0
12942.png,0
12943.png,0
12944.png,1
12945.png,1
12946.png,0
12947.png,1
12948.png,0
12949.png,0
12950.png,0
12951.png,1
12952.png,0
12953.png,1
12954.png,1
12955.png,0
12956.png,0
12957.png,0
12958.png,1
12959.png,1
12960.png,1
12961.png,0
12962.png,1
12963.png,0
12964.png,0
12965.png,1
12966.png,1
12967.png,0
12968.png,0
12969.png,1
12970.png,0
12971.png,0
12972.png,0
12973.png,1
12974.png,1
12975.png,1
12976.png,1
12977.png,0
12978.png,1
12979.png,1
12980.png,1
12981.png,1
12982.png,0
12983.png,0
12984.png,0
12985.png,1
12986.png,0
12987.png,1
12988.png,0
12989.png,1
12990.png,1
12991.png,0
12992.png,0
12993.png,0
12994.png,0
12995.png,0
12996.png,0
12997.png,0
12998.png,1
12999.png,0
13000.png,0
13001.png,0
13002.png,1
13003.png,0
13004.png,0
13005.png,0
13006.png,1
13007.png,1
13008.png,0
13009.png,1
13010.png,0
13011.png,0
13012.png,1
13013.png,0
13014.png,1
13015.png,1
13016.png,0
13017.png,0
13018.png,0
13019.png,1
13020.png,0
13021.png,0
13022.png,0
13023.png,0
13024.png,1
13025.png,0
13026.png,0
13027.png,1
13028.png,0
13029.png,0
13030.png,1
13031.png,1
13032.png,0
13033.png,0
13034.png,1
13035.png,0
13036.png,1
13037.png,1
13038.png,1
13039.png,0
13040.png,1
13041.png,0
13042.png,1
13043.png,1
13044.png,0
13045.png,1
13046.png,0
13047.png,0
13048.png,1
13049.png,1
13050.png,1
13051.png,1
13052.png,1
13053.png,0
13054.png,1
13055.png,1
13056.png,0
13057.png,1
13058.png,0
13059.png,0
13060.png,0
13061.png,0
13062.png,1
13063.png,1
13064.png,0
13065.png,1
13066.png,0
13067.png,0
13068.png,1
13069.png,1
13070.png,0
13071.png,1
13072.png,1
13073.png,0
13074.png,1
13075.png,1
13076.png,1
13077.png,0
13078.png,1
13079.png,0
13080.png,0
13081.png,1
13082.png,0
13083.png,0
13084.png,1
13085.png,1
13086.png,1
13087.png,0
13088.png,1
13089.png,0
13090.png,0
13091.png,0
13092.png,1
13093.png,1
13094.png,1
13095.png,0
13096.png,1
13097.png,1
13098.png,0
13099.png,0
13100.png,1
13101.png,1
13102.png,1
13103.png,0
13104.png,0
13105.png,1
13106.png,0
13107.png,1
13108.png,1
13109.png,0
13110.png,0
13111.png,0
13112.png,0
13113.png,0
13114.png,1
13115.png,0
13116.png,0
13117.png,1
13118.png,1
13119.png,1
13120.png,0
13121.png,0
13122.png,1
13123.png,0
13124.png,0
13125.png,0
13126.png,1
13127.png,1
13128.png,1
13129.png,0
13130.png,1
13131.png,0
13132.png,1
13133.png,1
13134.png,0
13135.png,1
13136.png,1
13137.png,0
13138.png,1
13139.png,1
13140.png,0
13141.png,0
13142.png,0
13143.png,1
13144.png,0
13145.png,0
13146.png,0
13147.png,0
13148.png,1
13149.png,0
13150.png,1
13151.png,1
13152.png,1
13153.png,0
13154.png,1
13155.png,1
13156.png,0
13157.png,1
13158.png,1
13159.png,1
13160.png,1
13161.png,0
13162.png,1
13163.png,1
13164.png,1
13165.png,1
13166.png,0
13167.png,1
13168.png,0
13169.png,1
13170.png,1
13171.png,1
13172.png,1
13173.png,1
13174.png,1
13175.png,0
13176.png,1
13177.png,1
13178.png,1
13179.png,0
13180.png,1
13181.png,1
13182.png,0
13183.png,0
13184.png,0
13185.png,0
13186.png,0
13187.png,0
13188.png,0
13189.png,0
13190.png,1
13191.png,0
13192.png,0
13193.png,1
13194.png,1
13195.png,0
13196.png,0
13197.png,0
13198.png,1
13199.png,1
13200.png,1
13201.png,0
13202.png,0
13203.png,0
13204.png,0
13205.png,1
13206.png,0
13207.png,1
13208.png,1
13209.png,1
13210.png,1
13211.png,0
13212.png,1
13213.png,0
13214.png,1
13215.png,0
13216.png,0
13217.png,0
13218.png,0
13219.png,0
13220.png,1
13221.png,1
13222.png,1
13223.png,0
13224.png,1
13225.png,1
13226.png,1
13227.png,1
13228.png,0
13229.png,0
13230.png,1
13231.png,1
13232.png,0
13233.png,1
13234.png,1
13235.png,1
13236.png,1
13237.png,0
13238.png,1
13239.png,0
13240.png,0
13241.png,0
13242.png,0
13243.png,0
13244.png,0
13245.png,1
13246.png,0
13247.png,1
13248.png,0
13249.png,1
13250.png,0
13251.png,1
13252.png,1
13253.png,0
13254.png,0
13255.png,0
13256.png,0
13257.png,0
13258.png,0
13259.png,0
13260.png,1
13261.png,0
13262.png,0
13263.png,1
13264.png,1
13265.png,0
13266.png,1
13267.png,0
13268.png,1
13269.png,1
13270.png,0
13271.png,0
13272.png,0
13273.png,1
13274.png,0
13275.png,0
13276.png,0
13277.png,1
13278.png,1
13279.png,0
13280.png,1
13281.png,0
13282.png,0
13283.png,0
13284.png,0
13285.png,0
13286.png,1
13287.png,0
13288.png,0
13289.png,0
13290.png,0
13291.png,1
13292.png,0
13293.png,1
13294.png,0
13295.png,1
13296.png,0
13297.png,0
13298.png,0
13299.png,0
13300.png,1
13301.png,0
13302.png,1
13303.png,0
13304.png,0
13305.png,1
13306.png,0
13307.png,0
13308.png,0
13309.png,0
13310.png,1
13311.png,1
13312.png,1
13313.png,0
13314.png,0
13315.png,1
13316.png,1
13317.png,0
13318.png,1
13319.png,1
13320.png,0
13321.png,1
13322.png,1
13323.png,0
13324.png,1
13325.png,0
13326.png,0
13327.png,1
13328.png,0
13329.png,1
13330.png,1
13331.png,0
13332.png,1
13333.png,1
13334.png,1
13335.png,0
13336.png,1
13337.png,0
13338.png,1
13339.png,1
13340.png,0
13341.png,0
13342.png,1
13343.png,1
13344.png,0
13345.png,0
13346.png,0
13347.png,0
13348.png,1
13349.png,1
13350.png,0
13351.png,0
13352.png,0
13353.png,1
13354.png,1
13355.png,0
13356.png,1
13357.png,1
13358.png,1
13359.png,1
13360.png,1
13361.png,1
13362.png,1
13363.png,0
13364.png,0
13365.png,0
13366.png,1
13367.png,1
13368.png,1
13369.png,0
13370.png,1
13371.png,0
13372.png,1
13373.png,1
13374.png,1
13375.png,0
13376.png,1
13377.png,1
13378.png,1
13379.png,1
13380.png,1
13381.png,1
13382.png,1
13383.png,1
13384.png,1
13385.png,1
13386.png,0
13387.png,1
13388.png,1
13389.png,0
13390.png,0
13391.png,1
13392.png,0
13393.png,1
13394.png,0
13395.png,0
13396.png,1
13397.png,1
13398.png,0
13399.png,1
13400.png,1
13401.png,0
13402.png,1
13403.png,0
13404.png,1
13405.png,0
13406.png,1
13407.png,1
13408.png,0
13409.png,1
13410.png,1
13411.png,0
13412.png,1
13413.png,0
13414.png,1
13415.png,0
13416.png,0
13417.png,1
13418.png,1
13419.png,1
13420.png,0
13421.png,0
13422.png,1
13423.png,0
13424.png,0
13425.png,1
13426.png,1
13427.png,1
13428.png,0
13429.png,0
13430.png,1
13431.png,1
13432.png,0
13433.png,0
13434.png,0
13435.png,0
13436.png,1
13437.png,0
13438.png,0
13439.png,0
13440.png,0
13441.png,0
13442.png,0
13443.png,0
13444.png,0
13445.png,1
13446.png,0
13447.png,0
13448.png,1
13449.png,1
13450.png,1
13451.png,0
13452.png,1
13453.png,1
13454.png,0
13455.png,0
13456.png,1
13457.png,0
13458.png,1
13459.png,0
13460.png,0
13461.png,1
13462.png,0
13463.png,1
13464.png,0
13465.png,0
13466.png,1
13467.png,0
13468.png,0
13469.png,1
13470.png,0
13471.png,1
13472.png,0
13473.png,1
13474.png,1
13475.png,0
13476.png,0
13477.png,1
13478.png,0
13479.png,1
13480.png,1
13481.png,1
13482.png,1
13483.png,1
13484.png,0
13485.png,1
13486.png,1
13487.png,1
13488.png,0
13489.png,0
13490.png,0
13491.png,1
13492.png,0
13493.png,0
13494.png,0
13495.png,1
13496.png,0
13497.png,1
13498.png,0
13499.png,0
13500.png,0
13501.png,0
13502.png,0
13503.png,0
13504.png,0
13505.png,1
13506.png,0
13507.png,0
13508.png,0
13509.png,1
13510.png,0
13511.png,0
13512.png,1
13513.png,1
13514.png,0
13515.png,0
13516.png,0
13517.png,1
13518.png,1
13519.png,1
13520.png,0
13521.png,0
13522.png,0
13523.png,1
13524.png,1
13525.png,1
13526.png,0
13527.png,0
13528.png,1
13529.png,0
13530.png,0
13531.png,1
13532.png,0
13533.png,0
13534.png,1
13535.png,0
13536.png,1
13537.png,1
13538.png,1
13539.png,1
13540.png,1
13541.png,1
13542.png,0
13543.png,1
13544.png,0
13545.png,1
13546.png,0
13547.png,0
13548.png,1
13549.png,1
13550.png,0
13551.png,1
13552.png,0
13553.png,0
13554.png,0
13555.png,1
13556.png,0
13557.png,0
13558.png,1
13559.png,1
13560.png,0
13561.png,1
13562.png,1
13563.png,1
13564.png,1
13565.png,0
13566.png,1
13567.png,0
13568.png,0
13569.png,0
13570.png,0
13571.png,0
13572.png,1
13573.png,1
13574.png,0
13575.png,0
13576.png,1
13577.png,1
13578.png,0
13579.png,0
13580.png,1
13581.png,1
13582.png,1
13583.png,1
13584.png,0
13585.png,0
13586.png,1
13587.png,0
13588.png,1
13589.png,0
13590.png,1
13591.png,0
13592.png,0
13593.png,0
13594.png,1
13595.png,1
13596.png,1
13597.png,1
13598.png,1
13599.png,0
13600.png,0
13601.png,0
13602.png,1
13603.png,1
13604.png,1
13605.png,0
13606.png,1
13607.png,0
13608.png,0
13609.png,1
13610.png,1
13611.png,1
13612.png,0
13613.png,0
13614.png,1
13615.png,1
13616.png,1
13617.png,1
13618.png,1
13619.png,0
13620.png,0
13621.png,0
13622.png,0
13623.png,0
13624.png,0
13625.png,0
13626.png,0
13627.png,0
13628.png,0
13629.png,1
13630.png,1
13631.png,0
13632.png,0
13633.png,1
13634.png,1
13635.png,1
13636.png,0
13637.png,0
13638.png,0
13639.png,0
13640.png,0
13641.png,0
13642.png,0
13643.png,1
13644.png,0
13645.png,1
13646.png,1
13647.png,1
13648.png,0
13649.png,1
13650.png,0
13651.png,1
13652.png,1
13653.png,0
13654.png,0
13655.png,1
13656.png,1
13657.png,1
13658.png,1
13659.png,1
13660.png,0
13661.png,1
13662.png,0
13663.png,1
13664.png,0
13665.png,0
13666.png,0
13667.png,0
13668.png,0
13669.png,0
13670.png,1
13671.png,0
13672.png,0
13673.png,1
13674.png,1
13675.png,0
13676.png,0
13677.png,1
13678.png,0
13679.png,1
13680.png,0
13681.png,1
13682.png,0
13683.png,0
13684.png,0
13685.png,0
13686.png,1
13687.png,1
13688.png,0
13689.png,1
13690.png,1
13691.png,1
13692.png,1
13693.png,1
13694.png,1
13695.png,0
13696.png,0
13697.png,0
13698.png,1
13699.png,1
13700.png,1
13701.png,0
13702.png,1
13703.png,1
13704.png,1
13705.png,1
13706.png,1
13707.png,1
13708.png,0
13709.png,0
13710.png,1
13711.png,1
13712.png,0
13713.png,0
13714.png,0
13715.png,1
13716.png,0
13717.png,1
13718.png,0
13719.png,1
13720.png,0
13721.png,1
13722.png,1
13723.png,1
13724.png,0
13725.png,1
13726.png,1
13727.png,0
13728.png,0
13729.png,1
13730.png,1
13731.png,1
13732.png,1
13733.png,1
13734.png,0
13735.png,0
13736.png,1
13737.png,1
13738.png,1
13739.png,0
13740.png,0
13741.png,0
13742.png,1
13743.png,1
13744.png,1
13745.png,0
13746.png,0
13747.png,0
13748.png,0
13749.png,1
13750.png,0
13751.png,0
13752.png,0
13753.png,1
13754.png,1
13755.png,1
13756.png,1
13757.png,1
13758.png,1
13759.png,1
13760.png,1
13761.png,0
13762.png,0
13763.png,0
13764.png,0
13765.png,1
13766.png,0
13767.png,1
13768.png,1
13769.png,0
13770.png,0
13771.png,1
13772.png,1
13773.png,1
13774.png,0
13775.png,0
13776.png,0
13777.png,1
13778.png,1
13779.png,1
13780.png,0
13781.png,0
13782.png,1
13783.png,0
13784.png,0
13785.png,1
13786.png,1
13787.png,0
13788.png,0
13789.png,1
13790.png,0
13791.png,0
13792.png,1
13793.png,0
13794.png,0
13795.png,0
13796.png,1
13797.png,1
13798.png,0
13799.png,0
13800.png,1
13801.png,1
13802.png,0
13803.png,1
13804.png,1
13805.png,1
13806.png,0
13807.png,1
13808.png,1
13809.png,1
13810.png,0
13811.png,0
13812.png,1
13813.png,0
13814.png,0
13815.png,1
13816.png,0
13817.png,1
13818.png,1
13819.png,0
13820.png,1
13821.png,1
13822.png,1
13823.png,1
13824.png,1
13825.png,1
13826.png,1
13827.png,0
13828.png,1
13829.png,0
13830.png,1
13831.png,1
13832.png,0
13833.png,1
13834.png,1
13835.png,1
13836.png,0
13837.png,0
13838.png,0
13839.png,1
13840.png,1
13841.png,0
13842.png,0
13843.png,1
13844.png,0
13845.png,1
13846.png,0
13847.png,0
13848.png,0
13849.png,0
13850.png,0
13851.png,0
13852.png,1
13853.png,1
13854.png,0
13855.png,0
13856.png,1
13857.png,1
13858.png,0
13859.png,0
13860.png,0
13861.png,0
13862.png,1
13863.png,1
13864.png,0
13865.png,1
13866.png,1
13867.png,0
13868.png,0
13869.png,1
13870.png,1
13871.png,0
13872.png,1
13873.png,0
13874.png,0
13875.png,0
13876.png,0
13877.png,1
13878.png,1
13879.png,1
13880.png,0
13881.png,1
13882.png,1
13883.png,1
13884.png,0
13885.png,1
13886.png,1
13887.png,1
13888.png,0
13889.png,0
13890.png,1
13891.png,0
13892.png,1
13893.png,1
13894.png,1
13895.png,1
13896.png,0
13897.png,0
13898.png,0
13899.png,0
13900.png,0
13901.png,0
13902.png,1
13903.png,1
13904.png,0
13905.png,0
13906.png,1
13907.png,1
13908.png,1
13909.png,1
13910.png,0
13911.png,0
13912.png,1
13913.png,0
13914.png,1
13915.png,0
13916.png,1
13917.png,1
13918.png,0
13919.png,0
13920.png,0
13921.png,1
13922.png,0
13923.png,1
13924.png,1
13925.png,1
13926.png,1
13927.png,1
13928.png,0
13929.png,1
13930.png,0
13931.png,0
13932.png,0
13933.png,0
13934.png,0
13935.png,0
13936.png,0
13937.png,1
13938.png,0
13939.png,0
13940.png,0
13941.png,0
13942.png,0
13943.png,1
13944.png,0
13945.png,0
13946.png,1
13947.png,0
13948.png,0
13949.png,0
13950.png,1
13951.png,1
13952.png,1
13953.png,1
13954.png,0
13955.png,0
13956.png,0
13957.png,0
13958.png,0
13959.png,0
13960.png,0
13961.png,1
13962.png,1
13963.png,0
13964.png,0
13965.png,0
13966.png,0
13967.png,0
13968.png,0
13969.png,0
13970.png,0
13971.png,1
13972.png,1
13973.png,1
13974.png,0
13975.png,0
13976.png,1
13977.png,1
13978.png,1
13979.png,1
13980.png,0
13981.png,0
13982.png,1
13983.png,1
13984.png,1
13985.png,1
13986.png,1
13987.png,0
13988.png,1
13989.png,0
13990.png,1
13991.png,1
13992.png,0
13993.png,1
13994.png,0
13995.png,1
13996.png,0
13997.png,1
13998.png,1
13999.png,0
14000.png,1
14001.png,0
14002.png,0
14003.png,1
14004.png,0
14005.png,1
14006.png,0
14007.png,1
14008.png,0
14009.png,0
14010.png,0
14011.png,1
14012.png,1
14013.png,0
14014.png,0
14015.png,0
14016.png,1
14017.png,1
14018.png,1
14019.png,1
14020.png,0
14021.png,0
14022.png,0
14023.png,0
14024.png,1
14025.png,0
14026.png,0
14027.png,1
14028.png,1
14029.png,0
14030.png,1
14031.png,0
14032.png,0
14033.png,1
14034.png,1
14035.png,0
14036.png,0
14037.png,0
14038.png,0
14039.png,1
14040.png,1
14041.png,1
14042.png,1
14043.png,0
14044.png,0
14045.png,1
14046.png,0
14047.png,1
14048.png,0
14049.png,0
14050.png,1
14051.png,0
14052.png,0
14053.png,1
14054.png,1
14055.png,0
14056.png,0
14057.png,0
14058.png,0
14059.png,0
14060.png,0
14061.png,1
14062.png,1
14063.png,1
14064.png,1
14065.png,1
14066.png,0
14067.png,0
14068.png,0
14069.png,1
14070.png,0
14071.png,1
14072.png,0
14073.png,0
14074.png,0
14075.png,1
14076.png,0
14077.png,0
14078.png,1
14079.png,1
14080.png,1
14081.png,0
14082.png,0
14083.png,0
14084.png,1
14085.png,0
14086.png,1
14087.png,0
14088.png,0
14089.png,1
14090.png,0
14091.png,0
14092.png,1
14093.png,0
14094.png,0
14095.png,1
14096.png,0
14097.png,1
14098.png,1
14099.png,0
14100.png,1
14101.png,1
14102.png,1
14103.png,1
14104.png,1
14105.png,1
14106.png,0
14107.png,1
14108.png,0
14109.png,0
14110.png,0
14111.png,1
14112.png,1
14113.png,1
14114.png,0
14115.png,0
14116.png,0
14117.png,0
14118.png,0
14119.png,1
14120.png,0
14121.png,0
14122.png,1
14123.png,1
14124.png,0
14125.png,0
14126.png,1
14127.png,1
14128.png,1
14129.png,1
14130.png,1
14131.png,1
14132.png,0
14133.png,1
14134.png,0
14135.png,0
14136.png,1
14137.png,1
14138.png,0
14139.png,1
14140.png,1
14141.png,0
14142.png,1
14143.png,0
14144.png,1
14145.png,1
14146.png,1
14147.png,0
14148.png,1
14149.png,1
14150.png,1
14151.png,1
14152.png,0
14153.png,1
14154.png,1
14155.png,1
14156.png,0
14157.png,0
14158.png,0
14159.png,0
14160.png,1
14161.png,0
14162.png,0
14163.png,1
14164.png,1
14165.png,0
14166.png,1
14167.png,1
14168.png,0
14169.png,0
14170.png,0
14171.png,0
14172.png,0
14173.png,0
14174.png,1
14175.png,0
14176.png,0
14177.png,1
14178.png,0
14179.png,1
14180.png,0
14181.png,0
14182.png,0
14183.png,1
14184.png,0
14185.png,0
14186.png,0
14187.png,1
14188.png,0
14189.png,0
14190.png,0
14191.png,1
14192.png,1
14193.png,0
14194.png,0
14195.png,0
14196.png,0
14197.png,1
14198.png,0
14199.png,1
14200.png,0
14201.png,0
14202.png,1
14203.png,0
14204.png,0
14205.png,0
14206.png,0
14207.png,1
14208.png,1
14209.png,0
14210.png,1
14211.png,0
14212.png,1
14213.png,0
14214.png,1
14215.png,0
14216.png,1
14217.png,1
14218.png,0
14219.png,1
14220.png,1
14221.png,1
14222.png,1
14223.png,1
14224.png,0
14225.png,1
14226.png,0
14227.png,0
14228.png,0
14229.png,1
14230.png,0
14231.png,0
14232.png,0
14233.png,0
14234.png,1
14235.png,0
14236.png,1
14237.png,1
14238.png,1
14239.png,0
14240.png,0
14241.png,0
14242.png,0
14243.png,1
14244.png,0
14245.png,1
14246.png,0
14247.png,0
14248.png,0
14249.png,1
14250.png,1
14251.png,0
14252.png,0
14253.png,1
14254.png,1
14255.png,1
14256.png,0
14257.png,1
14258.png,1
14259.png,0
14260.png,0
14261.png,1
14262.png,1
14263.png,1
14264.png,1
14265.png,0
14266.png,0
14267.png,1
14268.png,0
14269.png,0
14270.png,1
14271.png,0
14272.png,1
14273.png,1
14274.png,0
14275.png,1
14276.png,0
14277.png,0
14278.png,0
14279.png,1
14280.png,0
14281.png,1
14282.png,1
14283.png,0
14284.png,0
14285.png,0
14286.png,1
14287.png,0
14288.png,1
14289.png,1
14290.png,1
14291.png,0
14292.png,0
14293.png,1
14294.png,0
14295.png,1
14296.png,0
14297.png,1
14298.png,0
14299.png,0
14300.png,0
14301.png,0
14302.png,1
14303.png,1
14304.png,0
14305.png,0
14306.png,1
14307.png,1
14308.png,1
14309.png,1
14310.png,1
14311.png,0
14312.png,0
14313.png,1
14314.png,0
14315.png,0
14316.png,0
14317.png,0
14318.png,0
14319.png,0
14320.png,1
14321.png,1
14322.png,1
14323.png,1
14324.png,1
14325.png,0
14326.png,0
14327.png,0
14328.png,1
14329.png,0
14330.png,1
14331.png,1
14332.png,1
14333.png,0
14334.png,1
14335.png,1
14336.png,0
14337.png,1
14338.png,1
14339.png,0
14340.png,1
14341.png,1
14342.png,1
14343.png,0
14344.png,1
14345.png,1
14346.png,0
14347.png,1
14348.png,0
14349.png,0
14350.png,1
14351.png,0
14352.png,0
14353.png,0
14354.png,0
14355.png,1
14356.png,1
14357.png,1
14358.png,1
14359.png,1
14360.png,1
14361.png,1
14362.png,1
14363.png,0
14364.png,0
14365.png,1
14366.png,0
14367.png,1
14368.png,1
14369.png,1
14370.png,1
14371.png,1
14372.png,0
14373.png,0
14374.png,1
14375.png,1
14376.png,0
14377.png,0
14378.png,0
14379.png,1
14380.png,0
14381.png,0
14382.png,0
14383.png,1
14384.png,1
14385.png,0
14386.png,0
14387.png,0
14388.png,1
14389.png,1
14390.png,0
14391.png,1
14392.png,1
14393.png,0
14394.png,0
14395.png,1
14396.png,0
14397.png,1
14398.png,1
14399.png,0
14400.png,1
14401.png,1
14402.png,0
14403.png,1
14404.png,1
14405.png,1
14406.png,1
14407.png,1
14408.png,1
14409.png,0
14410.png,0
14411.png,1
14412.png,1
14413.png,0
14414.png,1
14415.png,1
14416.png,0
14417.png,0
14418.png,0
14419.png,0
14420.png,0
14421.png,0
14422.png,0
14423.png,0
14424.png,0
14425.png,0
14426.png,1
14427.png,1
14428.png,1
14429.png,1
14430.png,1
14431.png,0
14432.png,0
14433.png,0
14434.png,1
14435.png,0
14436.png,1
14437.png,0
14438.png,0
14439.png,1
14440.png,1
14441.png,0
14442.png,1
14443.png,0
14444.png,0
14445.png,1
14446.png,0
14447.png,0
14448.png,0
14449.png,0
14450.png,1
14451.png,0
14452.png,0
14453.png,0
14454.png,0
14455.png,0
14456.png,1
14457.png,0
14458.png,0
14459.png,1
14460.png,0
14461.png,0
14462.png,1
14463.png,1
14464.png,1
14465.png,1
14466.png,0
14467.png,1
14468.png,1
14469.png,1
14470.png,0
14471.png,1
14472.png,0
14473.png,0
14474.png,0
14475.png,1
14476.png,1
14477.png,1
14478.png,1
14479.png,0
14480.png,0
14481.png,1
14482.png,0
14483.png,1
14484.png,0
14485.png,0
14486.png,0
14487.png,1
14488.png,0
14489.png,0
14490.png,0
14491.png,0
14492.png,0
14493.png,1
14494.png,0
14495.png,0
14496.png,0
14497.png,1
14498.png,1
14499.png,0
14500.png,0
14501.png,0
14502.png,0
14503.png,1
14504.png,1
14505.png,0
14506.png,0
14507.png,0
14508.png,1
14509.png,0
14510.png,0
14511.png,0
14512.png,0
14513.png,1
14514.png,0
14515.png,1
14516.png,1
14517.png,0
14518.png,0
14519.png,0
14520.png,1
14521.png,1
14522.png,0
14523.png,0
14524.png,1
14525.png,0
14526.png,0
14527.png,1
14528.png,1
14529.png,1
14530.png,0
14531.png,0
14532.png,0
14533.png,1
14534.png,0
14535.png,1
14536.png,1
14537.png,0
14538.png,0
14539.png,0
14540.png,0
14541.png,0
14542.png,0
14543.png,0
14544.png,0
14545.png,0
14546.png,1
14547.png,0
14548.png,0
14549.png,1
14550.png,0
14551.png,0
14552.png,0
14553.png,1
14554.png,0
14555.png,1
14556.png,1
14557.png,1
14558.png,1
14559.png,1
14560.png,0
14561.png,1
14562.png,1
14563.png,0
14564.png,0
14565.png,1
14566.png,0
14567.png,0
14568.png,1
14569.png,1
14570.png,1
14571.png,1
14572.png,1
14573.png,1
14574.png,1
14575.png,1
14576.png,1
14577.png,1
14578.png,0
14579.png,0
14580.png,0
14581.png,0
14582.png,1
14583.png,1
14584.png,1
14585.png,0
14586.png,1
14587.png,1
14588.png,1
14589.png,0
14590.png,0
14591.png,0
14592.png,1
14593.png,0
14594.png,1
14595.png,1
14596.png,0
14597.png,0
14598.png,0
14599.png,1
14600.png,0
14601.png,0
14602.png,1
14603.png,1
14604.png,1
14605.png,0
14606.png,1
14607.png,1
14608.png,1
14609.png,0
14610.png,1
14611.png,0
14612.png,1
14613.png,0
14614.png,1
14615.png,1
14616.png,0
14617.png,1
14618.png,1
14619.png,0
14620.png,1
14621.png,0
14622.png,0
14623.png,1
14624.png,0
14625.png,1
14626.png,0
14627.png,0
14628.png,0
14629.png,0
14630.png,0
14631.png,1
14632.png,0
14633.png,1
14634.png,1
14635.png,1
14636.png,1
14637.png,1
14638.png,0
14639.png,1
14640.png,1
14641.png,1
14642.png,0
14643.png,0
14644.png,1
14645.png,1
14646.png,0
14647.png,0
14648.png,0
14649.png,0
14650.png,0
14651.png,0
14652.png,0
14653.png,0
14654.png,1
14655.png,1
14656.png,1
14657.png,0
14658.png,0
14659.png,0
14660.png,1
14661.png,1
14662.png,0
14663.png,0
14664.png,1
14665.png,0
14666.png,1
14667.png,0
14668.png,1
14669.png,1
14670.png,0
14671.png,1
14672.png,0
14673.png,1
14674.png,1
14675.png,1
14676.png,1
14677.png,0
14678.png,1
14679.png,0
14680.png,1
14681.png,0
14682.png,1
14683.png,1
14684.png,1
14685.png,1
14686.png,1
14687.png,0
14688.png,1
14689.png,0
14690.png,0
14691.png,1
14692.png,0
14693.png,0
14694.png,0
14695.png,0
14696.png,1
14697.png,0
14698.png,1
14699.png,1
14700.png,1
14701.png,1
14702.png,0
14703.png,1
14704.png,1
14705.png,0
14706.png,0
14707.png,0
14708.png,1
14709.png,0
14710.png,1
14711.png,1
14712.png,1
14713.png,0
14714.png,1
14715.png,1
14716.png,0
14717.png,0
14718.png,1
14719.png,1
14720.png,0
14721.png,1
14722.png,1
14723.png,0
14724.png,0
14725.png,0
14726.png,0
14727.png,0
14728.png,1
14729.png,0
14730.png,0
14731.png,1
14732.png,0
14733.png,1
14734.png,1
14735.png,1
14736.png,0
14737.png,0
14738.png,0
14739.png,1
14740.png,0
14741.png,0
14742.png,1
14743.png,0
14744.png,1
14745.png,1
14746.png,0
14747.png,1
14748.png,0
14749.png,0
14750.png,1
14751.png,0
14752.png,0
14753.png,1
14754.png,0
14755.png,1
14756.png,1
14757.png,1
14758.png,1
14759.png,1
14760.png,0
14761.png,1
14762.png,0
14763.png,0
14764.png,1
14765.png,0
14766.png,1
14767.png,1
14768.png,1
14769.png,1
14770.png,1
14771.png,1
14772.png,0
14773.png,1
14774.png,1
14775.png,0
14776.png,0
14777.png,0
14778.png,0
14779.png,1
14780.png,1
14781.png,0
14782.png,0
14783.png,0
14784.png,0
14785.png,0
14786.png,1
14787.png,0
14788.png,0
14789.png,1
14790.png,0
14791.png,0
14792.png,1
14793.png,1
14794.png,0
14795.png,1
14796.png,1
14797.png,0
14798.png,1
14799.png,1
14800.png,1
14801.png,1
14802.png,1
14803.png,1
14804.png,0
14805.png,0
14806.png,1
14807.png,1
14808.png,0
14809.png,1
14810.png,1
14811.png,0
14812.png,0
14813.png,1
14814.png,1
14815.png,1
14816.png,1
14817.png,1
14818.png,0
14819.png,1
14820.png,0
14821.png,1
14822.png,1
14823.png,0
14824.png,0
14825.png,0
14826.png,0
14827.png,1
14828.png,0
14829.png,1
14830.png,0
14831.png,1
14832.png,1
14833.png,1
14834.png,1
14835.png,0
14836.png,1
14837.png,1
14838.png,1
14839.png,0
14840.png,0
14841.png,1
14842.png,0
14843.png,0
14844.png,0
14845.png,1
14846.png,1
14847.png,1
14848.png,0
14849.png,1
14850.png,1
14851.png,1
14852.png,1
14853.png,1
14854.png,0
14855.png,0
14856.png,0
14857.png,0
14858.png,1
14859.png,0
14860.png,1
14861.png,1
14862.png,1
14863.png,1
14864.png,0
14865.png,1
14866.png,1
14867.png,0
14868.png,0
14869.png,0
14870.png,1
14871.png,1
14872.png,1
14873.png,0
14874.png,1
14875.png,1
14876.png,1
14877.png,0
14878.png,0
14879.png,0
14880.png,1
14881.png,1
14882.png,1
14883.png,1
14884.png,0
14885.png,0
14886.png,0
14887.png,1
14888.png,0
14889.png,1
14890.png,1
14891.png,0
14892.png,1
14893.png,1
14894.png,1
14895.png,1
14896.png,0
14897.png,0
14898.png,0
14899.png,1
14900.png,0
14901.png,0
14902.png,0
14903.png,1
14904.png,0
14905.png,0
14906.png,0
14907.png,0
14908.png,1
14909.png,1
14910.png,0
14911.png,0
14912.png,0
14913.png,1
14914.png,0
14915.png,0
14916.png,0
14917.png,1
14918.png,0
14919.png,1
14920.png,0
14921.png,0
14922.png,0
14923.png,1
14924.png,0
14925.png,0
14926.png,1
14927.png,0
14928.png,1
14929.png,0
14930.png,1
14931.png,1
14932.png,1
14933.png,1
14934.png,0
14935.png,0
14936.png,0
14937.png,1
14938.png,1
14939.png,1
14940.png,1
14941.png,1
14942.png,1
14943.png,1
14944.png,1
14945.png,0
14946.png,1
14947.png,0
14948.png,0
14949.png,0
14950.png,0
14951.png,0
14952.png,0
14953.png,1
14954.png,0
14955.png,0
14956.png,1
14957.png,1
14958.png,1
14959.png,0
14960.png,0
14961.png,1
14962.png,1
14963.png,0
14964.png,1
14965.png,1
14966.png,0
14967.png,0
14968.png,0
14969.png,0
14970.png,1
14971.png,0
14972.png,0
14973.png,0
14974.png,1
14975.png,0
14976.png,0
14977.png,0
14978.png,1
14979.png,0
14980.png,0
14981.png,0
14982.png,0
14983.png,0
14984.png,1
14985.png,1
14986.png,0
14987.png,0
14988.png,1
14989.png,0
14990.png,0
14991.png,1
14992.png,0
14993.png,1
14994.png,1
14995.png,1
14996.png,0
14997.png,0
14998.png,1
14999.png,0
15000.png,1
15001.png,0
15002.png,1
15003.png,0
15004.png,0
15005.png,0
15006.png,0
15007.png,0
15008.png,0
15009.png,1
15010.png,0
15011.png,1
15012.png,1
15013.png,0
15014.png,1
15015.png,0
15016.png,1
15017.png,0
15018.png,1
15019.png,0
15020.png,0
15021.png,0
15022.png,0
