filename,label
0.png,0
1.png,1
2.png,1
3.png,1
4.png,1
5.png,1
6.png,1
7.png,1
8.png,0
9.png,0
10.png,1
11.png,0
12.png,1
13.png,0
14.png,1
15.png,0
16.png,0
17.png,0
18.png,1
19.png,0
20.png,1
21.png,0
22.png,1
23.png,0
24.png,1
25.png,1
26.png,0
27.png,0
28.png,1
29.png,1
30.png,0
31.png,0
32.png,1
33.png,1
34.png,0
35.png,1
36.png,0
37.png,1
38.png,1
39.png,1
40.png,0
41.png,1
42.png,1
43.png,1
44.png,1
45.png,1
46.png,1
47.png,1
48.png,1
49.png,1
50.png,0
51.png,0
52.png,1
53.png,0
54.png,1
55.png,0
56.png,1
57.png,0
58.png,0
59.png,0
60.png,0
61.png,1
62.png,1
63.png,1
64.png,0
65.png,1
66.png,0
67.png,1
68.png,0
69.png,0
70.png,1
71.png,1
72.png,1
73.png,0
74.png,1
75.png,1
76.png,1
77.png,0
78.png,1
79.png,1
80.png,0
81.png,1
82.png,0
83.png,0
84.png,0
85.png,1
86.png,1
87.png,0
88.png,0
89.png,0
90.png,1
91.png,1
92.png,1
93.png,0
94.png,1
95.png,1
96.png,1
97.png,0
98.png,1
99.png,0
100.png,1
101.png,1
102.png,0
103.png,0
104.png,0
105.png,0
106.png,1
107.png,0
108.png,1
109.png,0
110.png,0
111.png,0
112.png,1
113.png,1
114.png,0
115.png,0
116.png,0
117.png,0
118.png,1
119.png,0
120.png,0
121.png,1
122.png,1
123.png,0
124.png,1
125.png,1
126.png,0
127.png,0
128.png,0
129.png,1
130.png,1
131.png,1
132.png,0
133.png,0
134.png,0
135.png,0
136.png,1
137.png,0
138.png,0
139.png,0
140.png,1
141.png,0
142.png,0
143.png,1
144.png,0
145.png,1
146.png,0
147.png,0
148.png,0
149.png,0
150.png,0
151.png,0
152.png,0
153.png,1
154.png,1
155.png,1
156.png,0
157.png,1
158.png,0
159.png,1
160.png,0
161.png,0
162.png,1
163.png,1
164.png,1
165.png,0
166.png,1
167.png,1
168.png,1
169.png,0
170.png,0
171.png,0
172.png,0
173.png,0
174.png,0
175.png,0
176.png,0
177.png,0
178.png,1
179.png,0
180.png,1
181.png,0
182.png,0
183.png,0
184.png,0
185.png,0
186.png,1
187.png,1
188.png,1
189.png,0
190.png,1
191.png,0
192.png,1
193.png,1
194.png,0
195.png,1
196.png,1
197.png,1
198.png,1
199.png,0
200.png,1
201.png,1
202.png,0
203.png,1
204.png,1
205.png,0
206.png,0
207.png,1
208.png,0
209.png,1
210.png,0
211.png,0
212.png,0
213.png,1
214.png,0
215.png,0
216.png,1
217.png,0
218.png,1
219.png,0
220.png,1
221.png,0
222.png,0
223.png,0
224.png,0
225.png,0
226.png,0
227.png,0
228.png,0
229.png,0
230.png,0
231.png,0
232.png,1
233.png,1
234.png,1
235.png,1
236.png,0
237.png,1
238.png,0
239.png,1
240.png,0
241.png,1
242.png,1
243.png,1
244.png,0
245.png,0
246.png,0
247.png,0
248.png,0
249.png,0
250.png,0
251.png,1
252.png,0
253.png,0
254.png,0
255.png,1
256.png,0
257.png,1
258.png,1
259.png,1
260.png,0
261.png,1
262.png,0
263.png,1
264.png,1
265.png,0
266.png,0
267.png,1
268.png,0
269.png,1
270.png,0
271.png,1
272.png,1
273.png,0
274.png,0
275.png,1
276.png,0
277.png,1
278.png,0
279.png,1
280.png,1
281.png,1
282.png,1
283.png,0
284.png,1
285.png,0
286.png,1
287.png,0
288.png,1
289.png,1
290.png,0
291.png,1
292.png,1
293.png,1
294.png,0
295.png,0
296.png,0
297.png,0
298.png,1
299.png,1
300.png,0
301.png,1
302.png,0
303.png,1
304.png,0
305.png,0
306.png,0
307.png,0
308.png,1
309.png,1
310.png,1
311.png,0
312.png,0
313.png,1
314.png,1
315.png,0
316.png,1
317.png,0
318.png,1
319.png,0
320.png,0
321.png,0
322.png,0
323.png,0
324.png,1
325.png,1
326.png,0
327.png,0
328.png,1
329.png,1
330.png,0
331.png,1
332.png,0
333.png,0
334.png,0
335.png,0
336.png,1
337.png,0
338.png,0
339.png,0
340.png,0
341.png,1
342.png,1
343.png,0
344.png,1
345.png,1
346.png,1
347.png,1
348.png,1
349.png,0
350.png,1
351.png,0
352.png,1
353.png,1
354.png,1
355.png,1
356.png,0
357.png,0
358.png,1
359.png,1
360.png,1
361.png,1
362.png,1
363.png,0
364.png,1
365.png,0
366.png,1
367.png,0
368.png,1
369.png,1
370.png,1
371.png,0
372.png,0
373.png,1
374.png,1
375.png,1
376.png,1
377.png,1
378.png,0
379.png,0
380.png,0
381.png,0
382.png,1
383.png,1
384.png,1
385.png,0
386.png,0
387.png,0
388.png,1
389.png,0
390.png,1
391.png,1
392.png,0
393.png,0
394.png,0
395.png,0
396.png,1
397.png,1
398.png,1
399.png,1
400.png,0
401.png,0
402.png,1
403.png,1
404.png,1
405.png,1
406.png,0
407.png,1
408.png,1
409.png,0
410.png,0
411.png,0
412.png,0
413.png,0
414.png,0
415.png,1
416.png,1
417.png,0
418.png,0
419.png,0
420.png,1
421.png,0
422.png,1
423.png,1
424.png,0
425.png,1
426.png,0
427.png,1
428.png,1
429.png,1
430.png,0
431.png,0
432.png,1
433.png,1
434.png,0
435.png,0
436.png,1
437.png,0
438.png,0
439.png,0
440.png,0
441.png,0
442.png,0
443.png,1
444.png,0
445.png,0
446.png,0
447.png,0
448.png,1
449.png,1
450.png,0
451.png,1
452.png,0
453.png,1
454.png,1
455.png,0
456.png,1
457.png,1
458.png,1
459.png,1
460.png,0
461.png,1
462.png,1
463.png,0
464.png,0
465.png,1
466.png,0
467.png,0
468.png,0
469.png,1
470.png,0
471.png,1
472.png,1
473.png,1
474.png,1
475.png,1
476.png,1
477.png,1
478.png,1
479.png,1
480.png,1
481.png,1
482.png,0
483.png,0
484.png,0
485.png,0
486.png,0
487.png,0
488.png,1
489.png,1
490.png,1
491.png,0
492.png,0
493.png,0
494.png,0
495.png,1
496.png,1
497.png,1
498.png,0
499.png,1
500.png,0
501.png,0
502.png,1
503.png,1
504.png,1
505.png,1
506.png,1
507.png,0
508.png,0
509.png,0
510.png,1
511.png,0
512.png,0
513.png,1
514.png,1
515.png,1
516.png,0
517.png,1
518.png,1
519.png,0
520.png,0
521.png,0
522.png,1
523.png,0
524.png,1
525.png,0
526.png,1
527.png,1
528.png,0
529.png,1
530.png,1
531.png,1
532.png,0
533.png,0
534.png,1
535.png,1
536.png,1
537.png,0
538.png,0
539.png,1
540.png,1
541.png,1
542.png,1
543.png,0
544.png,1
545.png,1
546.png,1
547.png,1
548.png,0
549.png,1
550.png,0
551.png,1
552.png,1
553.png,1
554.png,1
555.png,1
556.png,1
557.png,0
558.png,1
559.png,0
560.png,0
561.png,0
562.png,1
563.png,1
564.png,1
565.png,0
566.png,0
567.png,0
568.png,1
569.png,1
570.png,1
571.png,0
572.png,0
573.png,1
574.png,1
575.png,0
576.png,0
577.png,1
578.png,0
579.png,0
580.png,1
581.png,0
582.png,0
583.png,0
584.png,1
585.png,0
586.png,0
587.png,0
588.png,1
589.png,0
590.png,1
591.png,1
592.png,0
593.png,0
594.png,0
595.png,1
596.png,1
597.png,1
598.png,0
599.png,0
600.png,0
601.png,1
602.png,0
603.png,1
604.png,1
605.png,1
606.png,1
607.png,1
608.png,1
609.png,0
610.png,0
611.png,1
612.png,1
613.png,1
614.png,1
615.png,0
616.png,0
617.png,0
618.png,0
619.png,0
620.png,0
621.png,0
622.png,1
623.png,1
624.png,1
625.png,0
626.png,0
627.png,0
628.png,1
629.png,1
630.png,1
631.png,0
632.png,1
633.png,0
634.png,0
635.png,1
636.png,0
637.png,0
638.png,0
639.png,1
640.png,0
641.png,0
642.png,0
643.png,1
644.png,0
645.png,1
646.png,0
647.png,1
648.png,1
649.png,0
650.png,0
651.png,0
652.png,0
653.png,1
654.png,1
655.png,1
656.png,0
657.png,0
658.png,0
659.png,0
660.png,1
661.png,1
662.png,0
663.png,1
664.png,0
665.png,1
666.png,1
667.png,1
668.png,1
669.png,0
670.png,0
671.png,0
672.png,0
673.png,0
674.png,0
675.png,0
676.png,1
677.png,0
678.png,1
679.png,1
680.png,0
681.png,1
682.png,1
683.png,0
684.png,1
685.png,1
686.png,0
687.png,1
688.png,0
689.png,1
690.png,1
691.png,1
692.png,0
693.png,1
694.png,1
695.png,1
696.png,0
697.png,1
698.png,1
699.png,0
700.png,1
701.png,1
702.png,1
703.png,0
704.png,1
705.png,0
706.png,1
707.png,1
708.png,0
709.png,0
710.png,1
711.png,1
712.png,1
713.png,0
714.png,0
715.png,0
716.png,0
717.png,0
718.png,0
719.png,0
720.png,1
721.png,0
722.png,0
723.png,0
724.png,0
725.png,0
726.png,0
727.png,0
728.png,1
729.png,1
730.png,1
731.png,0
732.png,1
733.png,1
734.png,0
735.png,0
736.png,0
737.png,1
738.png,1
739.png,0
740.png,1
741.png,1
742.png,0
743.png,0
744.png,0
745.png,0
746.png,0
747.png,0
748.png,0
749.png,1
750.png,1
751.png,0
752.png,0
753.png,1
754.png,0
755.png,1
756.png,0
757.png,0
758.png,0
759.png,1
760.png,0
761.png,0
762.png,0
763.png,0
764.png,1
765.png,1
766.png,1
767.png,1
768.png,1
769.png,1
770.png,1
771.png,1
772.png,0
773.png,1
774.png,0
775.png,1
776.png,1
777.png,1
778.png,0
779.png,1
780.png,1
781.png,0
782.png,1
783.png,1
784.png,0
785.png,1
786.png,1
787.png,0
788.png,1
789.png,0
790.png,0
791.png,1
792.png,0
793.png,1
794.png,1
795.png,1
796.png,1
797.png,1
798.png,1
799.png,1
800.png,1
801.png,1
802.png,1
803.png,1
804.png,0
805.png,1
806.png,1
807.png,0
808.png,0
809.png,1
810.png,1
811.png,0
812.png,0
813.png,1
814.png,0
815.png,1
816.png,0
817.png,0
818.png,0
819.png,1
820.png,0
821.png,1
822.png,0
823.png,1
824.png,0
825.png,0
826.png,1
827.png,1
828.png,1
829.png,0
830.png,1
831.png,1
832.png,1
833.png,1
834.png,1
835.png,0
836.png,1
837.png,1
838.png,0
839.png,0
840.png,0
841.png,0
842.png,1
843.png,1
844.png,1
845.png,0
846.png,1
847.png,0
848.png,1
849.png,0
850.png,0
851.png,0
852.png,1
853.png,1
854.png,1
855.png,1
856.png,0
857.png,1
858.png,1
859.png,0
860.png,0
861.png,1
862.png,0
863.png,1
864.png,1
865.png,1
866.png,1
867.png,0
868.png,0
869.png,1
870.png,0
871.png,0
872.png,0
873.png,1
874.png,0
875.png,0
876.png,0
877.png,0
878.png,0
879.png,0
880.png,0
881.png,1
882.png,0
883.png,1
884.png,1
885.png,1
886.png,1
887.png,1
888.png,1
889.png,1
890.png,1
891.png,0
892.png,0
893.png,0
894.png,0
895.png,1
896.png,1
897.png,1
898.png,1
899.png,1
900.png,0
901.png,0
902.png,0
903.png,1
904.png,1
905.png,1
906.png,1
907.png,0
908.png,1
909.png,1
910.png,0
911.png,1
912.png,0
913.png,1
914.png,1
915.png,0
916.png,0
917.png,0
918.png,1
919.png,1
920.png,1
921.png,0
922.png,1
923.png,1
924.png,1
925.png,1
926.png,1
927.png,0
928.png,1
929.png,0
930.png,1
931.png,0
932.png,1
933.png,0
934.png,1
935.png,1
936.png,0
937.png,1
938.png,0
939.png,1
940.png,1
941.png,1
942.png,1
943.png,1
944.png,0
945.png,0
946.png,0
947.png,0
948.png,1
949.png,0
950.png,0
951.png,1
952.png,0
953.png,0
954.png,1
955.png,1
956.png,0
957.png,0
958.png,1
959.png,0
960.png,0
961.png,0
962.png,1
963.png,0
964.png,1
965.png,0
966.png,0
967.png,1
968.png,0
969.png,0
970.png,1
971.png,0
972.png,0
973.png,0
974.png,0
975.png,0
976.png,0
977.png,0
978.png,0
979.png,1
980.png,0
981.png,1
982.png,1
983.png,1
984.png,1
985.png,1
986.png,0
987.png,0
988.png,0
989.png,0
990.png,0
991.png,0
992.png,1
993.png,0
994.png,0
995.png,0
996.png,1
997.png,0
998.png,0
999.png,1
1000.png,0
1001.png,0
1002.png,1
1003.png,1
1004.png,1
1005.png,0
1006.png,0
1007.png,0
1008.png,1
1009.png,0
1010.png,0
1011.png,0
1012.png,0
1013.png,0
1014.png,1
1015.png,0
1016.png,0
1017.png,0
1018.png,0
1019.png,1
1020.png,0
1021.png,0
1022.png,1
1023.png,0
1024.png,1
1025.png,1
1026.png,1
1027.png,0
1028.png,1
1029.png,1
1030.png,0
1031.png,0
1032.png,1
1033.png,0
1034.png,0
1035.png,1
1036.png,0
1037.png,0
1038.png,0
1039.png,0
1040.png,0
1041.png,1
1042.png,0
1043.png,1
1044.png,1
1045.png,0
1046.png,1
1047.png,0
1048.png,0
1049.png,0
1050.png,0
1051.png,1
1052.png,1
1053.png,0
1054.png,0
1055.png,0
1056.png,0
1057.png,1
1058.png,0
1059.png,0
1060.png,0
1061.png,1
1062.png,0
1063.png,1
1064.png,1
1065.png,1
1066.png,1
1067.png,1
1068.png,1
1069.png,1
1070.png,0
1071.png,1
1072.png,0
1073.png,0
1074.png,1
1075.png,1
1076.png,0
1077.png,1
1078.png,1
1079.png,0
1080.png,1
1081.png,0
1082.png,0
1083.png,0
1084.png,1
1085.png,0
1086.png,0
1087.png,1
1088.png,1
1089.png,1
1090.png,1
1091.png,0
1092.png,1
1093.png,1
1094.png,0
1095.png,0
1096.png,1
1097.png,0
1098.png,1
1099.png,1
1100.png,1
1101.png,0
1102.png,1
1103.png,1
1104.png,1
1105.png,0
1106.png,0
1107.png,0
1108.png,1
1109.png,0
1110.png,0
1111.png,0
1112.png,0
1113.png,1
1114.png,1
1115.png,0
1116.png,1
1117.png,1
1118.png,0
1119.png,1
1120.png,1
1121.png,1
1122.png,1
1123.png,0
1124.png,0
1125.png,1
1126.png,1
1127.png,0
1128.png,0
1129.png,0
1130.png,0
1131.png,1
1132.png,0
1133.png,1
1134.png,0
1135.png,1
1136.png,0
1137.png,1
1138.png,1
1139.png,1
1140.png,1
1141.png,0
1142.png,0
1143.png,0
1144.png,1
1145.png,1
1146.png,1
1147.png,0
1148.png,1
1149.png,0
1150.png,1
1151.png,1
1152.png,0
1153.png,1
1154.png,0
1155.png,0
1156.png,1
1157.png,0
1158.png,0
1159.png,1
1160.png,1
1161.png,0
1162.png,1
1163.png,0
1164.png,0
1165.png,1
1166.png,0
1167.png,0
1168.png,1
1169.png,0
1170.png,1
1171.png,1
1172.png,0
1173.png,1
1174.png,0
1175.png,0
1176.png,0
1177.png,1
1178.png,0
1179.png,1
1180.png,0
1181.png,0
1182.png,1
1183.png,1
1184.png,1
1185.png,0
1186.png,0
1187.png,0
1188.png,1
1189.png,0
1190.png,1
1191.png,1
1192.png,1
1193.png,0
1194.png,1
1195.png,0
1196.png,1
1197.png,0
1198.png,0
1199.png,0
1200.png,1
1201.png,1
1202.png,1
1203.png,1
1204.png,1
1205.png,1
1206.png,1
1207.png,1
1208.png,0
1209.png,0
1210.png,1
1211.png,0
1212.png,0
1213.png,0
1214.png,1
1215.png,0
1216.png,1
1217.png,0
1218.png,0
1219.png,0
1220.png,0
1221.png,1
1222.png,1
1223.png,0
1224.png,1
1225.png,1
1226.png,0
1227.png,1
1228.png,1
1229.png,0
1230.png,1
1231.png,0
1232.png,1
1233.png,0
1234.png,0
1235.png,0
1236.png,1
1237.png,1
1238.png,1
1239.png,0
1240.png,0
1241.png,1
1242.png,0
1243.png,1
1244.png,0
1245.png,0
1246.png,1
1247.png,0
1248.png,0
1249.png,0
1250.png,1
1251.png,0
1252.png,1
1253.png,1
1254.png,0
1255.png,0
1256.png,1
1257.png,1
1258.png,1
1259.png,1
1260.png,1
1261.png,1
1262.png,0
1263.png,0
1264.png,1
1265.png,0
1266.png,1
1267.png,1
1268.png,1
1269.png,0
1270.png,0
1271.png,1
1272.png,0
1273.png,0
1274.png,0
1275.png,0
1276.png,1
1277.png,1
1278.png,0
1279.png,0
1280.png,1
1281.png,1
1282.png,0
1283.png,1
1284.png,1
1285.png,1
1286.png,0
1287.png,0
1288.png,0
1289.png,1
1290.png,0
1291.png,1
1292.png,0
1293.png,1
1294.png,0
1295.png,0
1296.png,0
1297.png,0
1298.png,1
1299.png,0
1300.png,1
1301.png,0
1302.png,1
1303.png,0
1304.png,1
1305.png,1
1306.png,1
1307.png,0
1308.png,1
1309.png,0
1310.png,1
1311.png,1
1312.png,1
1313.png,0
1314.png,0
1315.png,0
1316.png,1
1317.png,1
1318.png,0
1319.png,0
1320.png,0
1321.png,0
1322.png,1
1323.png,1
1324.png,0
1325.png,1
1326.png,1
1327.png,0
1328.png,0
1329.png,0
1330.png,0
1331.png,0
1332.png,1
1333.png,0
1334.png,0
1335.png,1
1336.png,1
1337.png,1
1338.png,1
1339.png,0
1340.png,1
1341.png,1
1342.png,1
1343.png,1
1344.png,0
1345.png,0
1346.png,1
1347.png,1
1348.png,0
1349.png,0
1350.png,1
1351.png,0
1352.png,0
1353.png,1
1354.png,0
1355.png,1
1356.png,1
1357.png,0
1358.png,1
1359.png,1
1360.png,1
1361.png,0
1362.png,0
1363.png,1
1364.png,0
1365.png,0
1366.png,0
1367.png,0
1368.png,1
1369.png,0
1370.png,1
1371.png,1
1372.png,0
1373.png,1
1374.png,1
1375.png,1
1376.png,1
1377.png,0
1378.png,1
1379.png,1
1380.png,0
1381.png,0
1382.png,0
1383.png,0
1384.png,1
1385.png,0
1386.png,1
1387.png,1
1388.png,1
1389.png,0
1390.png,0
1391.png,1
1392.png,0
1393.png,0
1394.png,1
1395.png,1
1396.png,0
1397.png,0
1398.png,0
1399.png,0
1400.png,1
1401.png,1
1402.png,1
1403.png,1
1404.png,1
1405.png,0
1406.png,0
1407.png,0
1408.png,1
1409.png,1
1410.png,1
1411.png,0
1412.png,0
1413.png,0
1414.png,0
1415.png,0
1416.png,1
1417.png,1
1418.png,1
1419.png,1
1420.png,1
1421.png,0
1422.png,1
1423.png,0
1424.png,1
1425.png,1
1426.png,1
1427.png,1
1428.png,1
1429.png,0
1430.png,0
1431.png,1
1432.png,0
1433.png,1
1434.png,0
1435.png,0
1436.png,1
1437.png,1
1438.png,0
1439.png,1
1440.png,0
1441.png,0
1442.png,1
1443.png,0
1444.png,0
1445.png,0
1446.png,0
1447.png,0
1448.png,1
1449.png,1
1450.png,1
1451.png,0
1452.png,1
1453.png,1
1454.png,0
1455.png,0
1456.png,1
1457.png,0
1458.png,0
1459.png,0
1460.png,0
1461.png,0
1462.png,1
1463.png,1
1464.png,1
1465.png,1
1466.png,1
1467.png,1
1468.png,0
1469.png,1
1470.png,1
1471.png,0
1472.png,1
1473.png,0
1474.png,0
1475.png,1
1476.png,0
1477.png,0
1478.png,1
1479.png,0
1480.png,0
1481.png,0
1482.png,0
1483.png,0
1484.png,1
1485.png,0
1486.png,1
1487.png,0
1488.png,0
1489.png,1
1490.png,1
1491.png,0
1492.png,1
1493.png,0
1494.png,0
1495.png,0
1496.png,0
1497.png,0
1498.png,0
1499.png,0
1500.png,0
1501.png,0
1502.png,1
1503.png,0
1504.png,0
1505.png,0
1506.png,1
1507.png,1
1508.png,0
1509.png,0
1510.png,0
1511.png,0
1512.png,0
1513.png,1
1514.png,0
1515.png,1
1516.png,1
1517.png,1
1518.png,1
1519.png,0
1520.png,1
1521.png,1
1522.png,0
1523.png,1
1524.png,0
1525.png,0
1526.png,1
1527.png,1
1528.png,0
1529.png,1
1530.png,1
1531.png,1
1532.png,0
1533.png,0
1534.png,0
1535.png,1
1536.png,1
1537.png,0
1538.png,1
1539.png,0
1540.png,0
1541.png,0
1542.png,1
1543.png,1
1544.png,0
1545.png,1
1546.png,1
1547.png,0
1548.png,0
1549.png,0
1550.png,1
1551.png,0
1552.png,0
1553.png,0
1554.png,1
1555.png,0
1556.png,1
1557.png,1
1558.png,1
1559.png,0
1560.png,0
1561.png,1
1562.png,1
1563.png,0
1564.png,1
1565.png,0
1566.png,0
1567.png,1
1568.png,1
1569.png,0
1570.png,0
1571.png,0
1572.png,0
1573.png,1
1574.png,1
1575.png,1
1576.png,1
1577.png,0
1578.png,1
1579.png,0
1580.png,0
1581.png,1
1582.png,0
1583.png,0
1584.png,1
1585.png,0
1586.png,1
1587.png,1
1588.png,1
1589.png,0
1590.png,1
1591.png,0
1592.png,0
1593.png,1
1594.png,1
1595.png,0
1596.png,0
1597.png,0
1598.png,1
1599.png,0
1600.png,1
1601.png,1
1602.png,1
1603.png,0
1604.png,0
1605.png,0
1606.png,1
1607.png,1
1608.png,1
1609.png,1
1610.png,0
1611.png,0
1612.png,1
1613.png,0
1614.png,0
1615.png,0
1616.png,0
1617.png,0
1618.png,0
1619.png,1
1620.png,1
1621.png,0
1622.png,1
1623.png,1
1624.png,0
1625.png,1
1626.png,0
1627.png,0
1628.png,1
1629.png,0
1630.png,0
1631.png,1
1632.png,1
1633.png,0
1634.png,0
1635.png,1
1636.png,0
1637.png,1
1638.png,0
1639.png,0
1640.png,1
1641.png,0
1642.png,1
1643.png,1
1644.png,1
1645.png,0
1646.png,1
1647.png,1
1648.png,0
1649.png,0
1650.png,0
1651.png,0
1652.png,0
1653.png,1
1654.png,1
1655.png,0
1656.png,1
1657.png,0
1658.png,1
1659.png,0
1660.png,0
1661.png,0
1662.png,0
1663.png,0
1664.png,0
1665.png,1
1666.png,0
1667.png,0
1668.png,0
1669.png,0
1670.png,1
1671.png,0
1672.png,0
1673.png,0
1674.png,0
1675.png,0
1676.png,0
1677.png,1
1678.png,0
1679.png,0
1680.png,0
1681.png,1
1682.png,1
1683.png,0
1684.png,1
1685.png,0
1686.png,1
1687.png,1
1688.png,0
1689.png,0
1690.png,1
1691.png,0
1692.png,0
1693.png,1
1694.png,0
1695.png,1
1696.png,0
1697.png,1
1698.png,0
1699.png,0
1700.png,1
1701.png,0
1702.png,0
1703.png,1
1704.png,0
1705.png,1
1706.png,1
1707.png,1
1708.png,1
1709.png,0
1710.png,1
1711.png,0
1712.png,1
1713.png,1
1714.png,1
1715.png,0
1716.png,0
1717.png,1
1718.png,1
1719.png,1
1720.png,1
1721.png,1
1722.png,0
1723.png,1
1724.png,0
1725.png,1
1726.png,0
1727.png,0
1728.png,1
1729.png,1
1730.png,0
1731.png,1
1732.png,0
1733.png,0
1734.png,1
1735.png,0
1736.png,1
1737.png,0
1738.png,1
1739.png,1
1740.png,1
1741.png,1
1742.png,1
1743.png,0
1744.png,0
1745.png,0
1746.png,0
1747.png,0
1748.png,0
1749.png,0
1750.png,1
1751.png,0
1752.png,0
1753.png,1
1754.png,1
1755.png,0
1756.png,0
1757.png,0
1758.png,0
1759.png,0
1760.png,1
1761.png,0
1762.png,0
1763.png,0
1764.png,1
1765.png,0
1766.png,0
1767.png,1
1768.png,0
1769.png,1
1770.png,1
1771.png,1
1772.png,1
1773.png,1
1774.png,1
1775.png,1
1776.png,1
1777.png,0
1778.png,1
1779.png,0
1780.png,1
1781.png,0
1782.png,1
1783.png,0
1784.png,1
1785.png,0
1786.png,0
1787.png,1
1788.png,0
1789.png,0
1790.png,1
1791.png,0
1792.png,1
1793.png,1
1794.png,0
1795.png,1
1796.png,1
1797.png,1
1798.png,1
1799.png,1
1800.png,0
1801.png,0
1802.png,0
1803.png,0
1804.png,0
1805.png,1
1806.png,0
1807.png,0
1808.png,0
1809.png,1
1810.png,1
1811.png,1
1812.png,1
1813.png,1
1814.png,0
1815.png,0
1816.png,0
1817.png,1
1818.png,1
1819.png,1
1820.png,0
1821.png,0
1822.png,0
1823.png,1
1824.png,0
1825.png,0
1826.png,1
1827.png,0
1828.png,0
1829.png,0
1830.png,0
1831.png,1
1832.png,1
1833.png,1
1834.png,0
1835.png,1
1836.png,0
1837.png,1
1838.png,0
1839.png,0
1840.png,1
1841.png,0
1842.png,1
1843.png,0
1844.png,1
1845.png,0
1846.png,0
1847.png,0
1848.png,0
1849.png,0
1850.png,0
1851.png,0
1852.png,1
1853.png,0
1854.png,1
1855.png,1
1856.png,0
1857.png,1
1858.png,1
1859.png,0
1860.png,1
1861.png,0
1862.png,1
1863.png,0
1864.png,1
1865.png,1
1866.png,1
1867.png,0
1868.png,0
1869.png,0
1870.png,1
1871.png,1
1872.png,0
1873.png,0
1874.png,1
1875.png,1
1876.png,0
1877.png,0
1878.png,0
1879.png,0
1880.png,1
1881.png,1
1882.png,1
1883.png,0
1884.png,0
1885.png,0
1886.png,1
1887.png,0
1888.png,0
1889.png,1
1890.png,0
1891.png,1
1892.png,0
1893.png,1
1894.png,1
1895.png,0
1896.png,1
1897.png,0
1898.png,1
1899.png,0
1900.png,1
1901.png,1
1902.png,1
1903.png,0
1904.png,1
1905.png,1
1906.png,1
1907.png,0
1908.png,0
1909.png,0
1910.png,0
1911.png,1
1912.png,0
1913.png,1
1914.png,1
1915.png,1
1916.png,1
1917.png,1
1918.png,0
1919.png,1
1920.png,0
1921.png,0
1922.png,0
1923.png,1
1924.png,1
1925.png,1
1926.png,0
1927.png,1
1928.png,1
1929.png,0
1930.png,0
1931.png,0
1932.png,0
1933.png,1
1934.png,0
1935.png,1
1936.png,0
1937.png,1
1938.png,1
1939.png,1
1940.png,0
1941.png,1
1942.png,0
1943.png,1
1944.png,0
1945.png,0
1946.png,0
1947.png,0
1948.png,0
1949.png,0
1950.png,0
1951.png,0
1952.png,0
1953.png,0
1954.png,0
1955.png,1
1956.png,1
1957.png,0
1958.png,1
1959.png,1
1960.png,1
1961.png,1
1962.png,1
1963.png,0
1964.png,0
1965.png,1
1966.png,1
1967.png,0
1968.png,1
1969.png,0
1970.png,0
1971.png,0
1972.png,1
1973.png,1
1974.png,0
1975.png,0
1976.png,1
1977.png,1
1978.png,1
1979.png,1
1980.png,1
1981.png,1
1982.png,1
1983.png,0
1984.png,1
1985.png,1
1986.png,1
1987.png,1
1988.png,1
1989.png,1
1990.png,1
1991.png,0
1992.png,1
1993.png,0
1994.png,0
1995.png,1
1996.png,1
1997.png,0
1998.png,0
1999.png,1
2000.png,1
2001.png,1
2002.png,0
2003.png,1
2004.png,0
2005.png,1
2006.png,0
2007.png,1
2008.png,0
2009.png,1
2010.png,0
2011.png,1
2012.png,1
2013.png,0
2014.png,0
2015.png,0
2016.png,1
2017.png,0
2018.png,1
2019.png,0
2020.png,0
2021.png,1
2022.png,0
2023.png,0
2024.png,0
2025.png,0
2026.png,0
2027.png,1
2028.png,0
2029.png,0
2030.png,0
2031.png,1
2032.png,0
2033.png,1
2034.png,0
2035.png,1
2036.png,1
2037.png,1
2038.png,1
2039.png,0
2040.png,1
2041.png,1
2042.png,1
2043.png,1
2044.png,0
2045.png,1
2046.png,1
2047.png,0
2048.png,1
2049.png,1
2050.png,1
2051.png,1
2052.png,0
2053.png,0
2054.png,1
2055.png,1
2056.png,1
2057.png,0
2058.png,1
2059.png,0
2060.png,0
2061.png,0
2062.png,1
2063.png,1
2064.png,1
2065.png,0
2066.png,0
2067.png,1
2068.png,1
2069.png,0
2070.png,0
2071.png,0
2072.png,0
2073.png,1
2074.png,0
2075.png,1
2076.png,1
2077.png,1
2078.png,1
2079.png,1
2080.png,0
2081.png,0
2082.png,0
2083.png,0
2084.png,1
2085.png,1
2086.png,1
2087.png,0
2088.png,1
2089.png,0
2090.png,0
2091.png,1
2092.png,0
2093.png,0
2094.png,0
2095.png,1
2096.png,0
2097.png,1
2098.png,0
2099.png,0
2100.png,1
2101.png,1
2102.png,1
2103.png,1
2104.png,1
2105.png,1
2106.png,0
2107.png,0
2108.png,1
2109.png,1
2110.png,0
2111.png,1
2112.png,1
2113.png,1
2114.png,0
2115.png,0
2116.png,0
2117.png,0
2118.png,0
2119.png,1
2120.png,0
2121.png,1
2122.png,1
2123.png,1
2124.png,1
2125.png,1
2126.png,0
2127.png,1
2128.png,1
2129.png,1
2130.png,1
2131.png,1
2132.png,0
2133.png,0
2134.png,1
2135.png,0
2136.png,0
2137.png,1
2138.png,0
2139.png,1
2140.png,0
2141.png,0
2142.png,0
2143.png,1
2144.png,1
2145.png,1
2146.png,0
2147.png,0
2148.png,0
2149.png,0
2150.png,1
2151.png,0
2152.png,0
2153.png,0
2154.png,1
2155.png,1
2156.png,0
2157.png,0
2158.png,1
2159.png,1
2160.png,1
2161.png,0
2162.png,0
2163.png,1
2164.png,0
2165.png,1
2166.png,0
2167.png,0
2168.png,0
2169.png,0
2170.png,1
2171.png,0
2172.png,0
2173.png,1
2174.png,1
2175.png,0
2176.png,1
2177.png,1
2178.png,0
2179.png,1
2180.png,0
2181.png,1
2182.png,0
2183.png,1
2184.png,0
2185.png,1
2186.png,1
2187.png,1
2188.png,0
2189.png,0
2190.png,0
2191.png,1
2192.png,0
2193.png,1
2194.png,0
2195.png,0
2196.png,1
2197.png,1
2198.png,0
2199.png,1
2200.png,1
2201.png,0
2202.png,1
2203.png,1
2204.png,0
2205.png,0
2206.png,0
2207.png,0
2208.png,1
2209.png,0
2210.png,0
2211.png,0
2212.png,1
2213.png,0
2214.png,1
2215.png,0
2216.png,1
2217.png,1
2218.png,0
2219.png,0
2220.png,0
2221.png,0
2222.png,1
2223.png,0
2224.png,1
2225.png,1
2226.png,0
2227.png,1
2228.png,1
2229.png,1
2230.png,1
2231.png,1
2232.png,0
2233.png,0
2234.png,0
2235.png,1
2236.png,0
2237.png,1
2238.png,0
2239.png,1
2240.png,0
2241.png,0
2242.png,1
2243.png,0
2244.png,1
2245.png,0
2246.png,0
2247.png,0
2248.png,0
2249.png,0
2250.png,1
2251.png,1
2252.png,1
2253.png,0
2254.png,1
2255.png,1
2256.png,0
2257.png,0
2258.png,1
2259.png,1
2260.png,1
2261.png,1
2262.png,0
2263.png,0
2264.png,1
2265.png,1
2266.png,1
2267.png,0
2268.png,0
2269.png,0
2270.png,1
2271.png,0
2272.png,0
2273.png,1
2274.png,1
2275.png,1
2276.png,1
2277.png,0
2278.png,0
2279.png,0
2280.png,1
2281.png,0
2282.png,0
2283.png,1
2284.png,1
2285.png,1
2286.png,1
2287.png,0
2288.png,0
2289.png,0
2290.png,0
2291.png,1
2292.png,0
2293.png,1
2294.png,0
2295.png,0
2296.png,1
2297.png,1
2298.png,1
2299.png,0
2300.png,0
2301.png,1
2302.png,0
2303.png,0
2304.png,0
2305.png,1
2306.png,0
2307.png,1
2308.png,1
2309.png,0
2310.png,0
2311.png,1
2312.png,0
2313.png,1
2314.png,1
2315.png,0
2316.png,1
2317.png,1
2318.png,1
2319.png,1
2320.png,0
2321.png,0
2322.png,0
2323.png,0
2324.png,1
2325.png,0
2326.png,0
2327.png,0
2328.png,1
2329.png,0
2330.png,1
2331.png,1
2332.png,1
2333.png,0
2334.png,1
2335.png,1
2336.png,1
2337.png,1
2338.png,0
2339.png,1
2340.png,1
2341.png,1
2342.png,1
2343.png,1
2344.png,0
2345.png,0
2346.png,1
2347.png,1
2348.png,0
2349.png,0
2350.png,1
2351.png,1
2352.png,0
2353.png,1
2354.png,1
2355.png,1
2356.png,0
2357.png,1
2358.png,0
2359.png,0
2360.png,0
2361.png,1
2362.png,0
2363.png,0
2364.png,0
2365.png,0
2366.png,0
2367.png,0
2368.png,1
2369.png,0
2370.png,0
2371.png,1
2372.png,0
2373.png,0
2374.png,0
2375.png,1
2376.png,0
2377.png,1
2378.png,1
2379.png,1
2380.png,0
2381.png,1
2382.png,1
2383.png,1
2384.png,0
2385.png,0
2386.png,1
2387.png,1
2388.png,0
2389.png,1
2390.png,0
2391.png,1
2392.png,1
2393.png,0
2394.png,0
2395.png,1
2396.png,0
2397.png,0
2398.png,0
2399.png,1
2400.png,1
2401.png,1
2402.png,1
2403.png,1
2404.png,1
2405.png,0
2406.png,1
2407.png,0
2408.png,1
2409.png,1
2410.png,1
2411.png,1
2412.png,1
2413.png,0
2414.png,1
2415.png,0
2416.png,0
2417.png,0
2418.png,0
2419.png,1
2420.png,0
2421.png,0
2422.png,0
2423.png,0
2424.png,1
2425.png,1
2426.png,0
2427.png,1
2428.png,1
2429.png,1
2430.png,0
2431.png,1
2432.png,0
2433.png,0
2434.png,1
2435.png,0
2436.png,0
2437.png,0
2438.png,0
2439.png,0
2440.png,0
2441.png,0
2442.png,0
2443.png,0
2444.png,0
2445.png,0
2446.png,0
2447.png,0
2448.png,1
2449.png,1
2450.png,1
2451.png,0
2452.png,1
2453.png,1
2454.png,0
2455.png,1
2456.png,1
2457.png,1
2458.png,1
2459.png,0
2460.png,1
2461.png,0
2462.png,1
2463.png,0
2464.png,0
2465.png,0
2466.png,0
2467.png,1
2468.png,0
2469.png,1
2470.png,0
2471.png,1
2472.png,0
2473.png,1
2474.png,1
2475.png,0
2476.png,0
2477.png,0
2478.png,0
2479.png,0
2480.png,1
2481.png,0
2482.png,1
2483.png,0
2484.png,1
2485.png,0
2486.png,1
2487.png,0
2488.png,1
2489.png,0
2490.png,1
2491.png,0
2492.png,0
2493.png,0
2494.png,1
2495.png,0
2496.png,1
2497.png,0
2498.png,1
2499.png,1
2500.png,1
2501.png,1
2502.png,0
2503.png,0
2504.png,1
2505.png,0
2506.png,0
2507.png,1
2508.png,1
2509.png,1
2510.png,1
2511.png,1
2512.png,1
2513.png,0
2514.png,0
2515.png,1
2516.png,0
2517.png,0
2518.png,1
2519.png,1
2520.png,0
2521.png,1
2522.png,0
2523.png,1
2524.png,1
2525.png,0
2526.png,1
2527.png,1
2528.png,1
2529.png,0
2530.png,0
2531.png,0
2532.png,0
2533.png,1
2534.png,1
2535.png,0
2536.png,1
2537.png,1
2538.png,0
2539.png,0
2540.png,0
2541.png,0
2542.png,1
2543.png,0
2544.png,0
2545.png,1
2546.png,1
2547.png,1
2548.png,0
2549.png,1
2550.png,0
2551.png,0
2552.png,0
2553.png,1
2554.png,1
2555.png,1
2556.png,0
2557.png,1
2558.png,1
2559.png,0
2560.png,1
2561.png,1
2562.png,0
2563.png,1
2564.png,0
2565.png,0
2566.png,0
2567.png,0
2568.png,1
2569.png,0
2570.png,1
2571.png,1
2572.png,0
2573.png,0
2574.png,1
2575.png,0
2576.png,0
2577.png,1
2578.png,1
2579.png,0
2580.png,0
2581.png,1
2582.png,1
2583.png,1
2584.png,1
2585.png,0
2586.png,0
2587.png,0
2588.png,0
2589.png,1
2590.png,1
2591.png,1
2592.png,0
2593.png,1
2594.png,1
2595.png,1
2596.png,0
2597.png,0
2598.png,0
2599.png,0
2600.png,0
2601.png,1
2602.png,1
2603.png,0
2604.png,0
2605.png,0
2606.png,0
2607.png,1
2608.png,1
2609.png,0
2610.png,1
2611.png,0
2612.png,0
2613.png,1
2614.png,1
2615.png,0
2616.png,0
2617.png,1
2618.png,0
2619.png,1
2620.png,1
2621.png,1
2622.png,0
2623.png,1
2624.png,0
2625.png,0
2626.png,1
2627.png,0
2628.png,0
2629.png,1
2630.png,0
2631.png,0
2632.png,0
2633.png,1
2634.png,0
2635.png,0
2636.png,0
2637.png,0
2638.png,0
2639.png,0
2640.png,1
2641.png,1
2642.png,1
2643.png,0
2644.png,1
2645.png,1
2646.png,0
2647.png,0
2648.png,1
2649.png,1
2650.png,0
2651.png,0
2652.png,0
2653.png,1
2654.png,1
2655.png,1
2656.png,1
2657.png,1
2658.png,0
2659.png,0
2660.png,1
2661.png,0
2662.png,0
2663.png,0
2664.png,1
2665.png,0
2666.png,1
2667.png,0
2668.png,0
2669.png,0
2670.png,1
2671.png,1
2672.png,1
2673.png,1
2674.png,1
2675.png,0
2676.png,0
2677.png,0
2678.png,1
2679.png,0
2680.png,1
2681.png,1
2682.png,1
2683.png,1
2684.png,0
2685.png,1
2686.png,0
2687.png,0
2688.png,0
2689.png,1
2690.png,0
2691.png,0
2692.png,0
2693.png,1
2694.png,0
2695.png,0
2696.png,1
2697.png,1
2698.png,0
2699.png,0
2700.png,1
2701.png,1
2702.png,0
2703.png,0
2704.png,1
2705.png,1
2706.png,1
2707.png,0
2708.png,0
2709.png,0
2710.png,1
2711.png,1
2712.png,1
2713.png,0
2714.png,0
2715.png,1
2716.png,0
2717.png,0
2718.png,1
2719.png,0
2720.png,1
2721.png,1
2722.png,0
2723.png,1
2724.png,1
2725.png,1
2726.png,0
2727.png,0
2728.png,1
2729.png,1
2730.png,1
2731.png,0
2732.png,0
2733.png,1
2734.png,0
2735.png,0
2736.png,0
2737.png,0
2738.png,0
2739.png,1
2740.png,1
2741.png,1
2742.png,0
2743.png,0
2744.png,1
2745.png,0
2746.png,0
2747.png,0
2748.png,1
2749.png,0
2750.png,1
2751.png,1
2752.png,1
2753.png,0
2754.png,1
2755.png,1
2756.png,0
2757.png,0
2758.png,1
2759.png,1
2760.png,1
2761.png,1
2762.png,1
2763.png,1
2764.png,0
2765.png,1
2766.png,1
2767.png,1
2768.png,0
2769.png,0
2770.png,0
2771.png,1
2772.png,0
2773.png,0
2774.png,1
2775.png,1
2776.png,1
2777.png,1
2778.png,1
2779.png,0
2780.png,1
2781.png,1
2782.png,1
2783.png,1
2784.png,0
2785.png,1
2786.png,0
2787.png,1
2788.png,1
2789.png,0
2790.png,0
2791.png,1
2792.png,0
2793.png,0
2794.png,0
2795.png,0
2796.png,1
2797.png,1
2798.png,0
2799.png,1
2800.png,1
2801.png,0
2802.png,1
2803.png,0
2804.png,0
2805.png,0
2806.png,0
2807.png,1
2808.png,1
2809.png,0
2810.png,1
2811.png,0
2812.png,1
2813.png,1
2814.png,0
2815.png,0
2816.png,0
2817.png,1
2818.png,1
2819.png,1
2820.png,0
2821.png,0
2822.png,1
2823.png,0
2824.png,1
2825.png,0
2826.png,0
2827.png,0
2828.png,0
2829.png,1
2830.png,1
2831.png,0
2832.png,1
2833.png,1
2834.png,1
2835.png,0
2836.png,0
2837.png,0
2838.png,0
2839.png,1
2840.png,0
2841.png,0
2842.png,1
2843.png,1
2844.png,0
2845.png,0
2846.png,0
2847.png,0
2848.png,1
2849.png,0
2850.png,0
2851.png,0
2852.png,1
2853.png,1
2854.png,1
2855.png,0
2856.png,1
2857.png,0
2858.png,1
2859.png,0
2860.png,0
2861.png,1
2862.png,1
2863.png,0
2864.png,1
2865.png,0
2866.png,0
2867.png,1
2868.png,1
2869.png,0
2870.png,1
2871.png,1
2872.png,1
2873.png,0
2874.png,0
2875.png,0
2876.png,0
2877.png,0
2878.png,1
2879.png,1
2880.png,0
2881.png,1
2882.png,0
2883.png,1
2884.png,1
2885.png,1
2886.png,0
2887.png,1
2888.png,1
2889.png,1
2890.png,0
2891.png,1
2892.png,1
2893.png,0
2894.png,1
2895.png,1
2896.png,1
2897.png,1
2898.png,0
2899.png,1
2900.png,0
2901.png,1
2902.png,0
2903.png,0
2904.png,0
2905.png,0
2906.png,1
2907.png,1
2908.png,0
2909.png,1
2910.png,0
2911.png,1
2912.png,0
2913.png,1
2914.png,1
2915.png,0
2916.png,1
2917.png,0
2918.png,0
2919.png,0
2920.png,0
2921.png,0
2922.png,1
2923.png,1
2924.png,0
2925.png,1
2926.png,0
2927.png,1
2928.png,1
2929.png,1
2930.png,0
2931.png,0
2932.png,0
2933.png,0
2934.png,0
2935.png,1
2936.png,1
2937.png,1
2938.png,1
2939.png,1
2940.png,0
2941.png,0
2942.png,1
2943.png,0
2944.png,0
2945.png,1
2946.png,0
2947.png,1
2948.png,0
2949.png,0
2950.png,1
2951.png,0
2952.png,1
2953.png,0
2954.png,0
2955.png,0
2956.png,0
2957.png,1
2958.png,1
2959.png,1
2960.png,0
2961.png,0
2962.png,1
2963.png,0
2964.png,1
2965.png,1
2966.png,1
2967.png,1
2968.png,1
2969.png,0
2970.png,1
2971.png,0
2972.png,1
2973.png,0
2974.png,1
2975.png,0
2976.png,1
2977.png,1
2978.png,0
2979.png,1
2980.png,1
2981.png,0
2982.png,1
2983.png,0
2984.png,0
2985.png,0
2986.png,1
2987.png,0
2988.png,0
2989.png,1
2990.png,1
2991.png,1
2992.png,0
2993.png,1
2994.png,1
2995.png,0
2996.png,0
2997.png,1
2998.png,0
2999.png,0
3000.png,1
3001.png,0
3002.png,1
3003.png,0
3004.png,1
3005.png,1
3006.png,1
3007.png,1
3008.png,1
3009.png,0
3010.png,0
3011.png,1
3012.png,0
3013.png,1
3014.png,1
3015.png,1
3016.png,1
3017.png,1
3018.png,1
3019.png,0
3020.png,1
3021.png,0
3022.png,0
3023.png,1
3024.png,1
3025.png,0
3026.png,0
3027.png,1
3028.png,0
3029.png,1
3030.png,1
3031.png,0
3032.png,0
3033.png,0
3034.png,0
3035.png,0
3036.png,1
3037.png,1
3038.png,0
3039.png,1
3040.png,0
3041.png,1
3042.png,0
3043.png,1
3044.png,0
3045.png,0
3046.png,0
3047.png,1
3048.png,1
3049.png,1
3050.png,1
3051.png,1
3052.png,0
3053.png,1
3054.png,0
3055.png,0
3056.png,1
3057.png,1
3058.png,1
3059.png,1
3060.png,1
3061.png,1
3062.png,0
3063.png,1
3064.png,1
3065.png,0
3066.png,1
3067.png,0
3068.png,1
3069.png,0
3070.png,0
3071.png,1
3072.png,0
3073.png,1
3074.png,0
3075.png,1
3076.png,1
3077.png,0
3078.png,0
3079.png,1
3080.png,0
3081.png,1
3082.png,1
3083.png,1
3084.png,1
3085.png,1
3086.png,1
3087.png,1
3088.png,0
3089.png,0
3090.png,1
3091.png,1
3092.png,0
3093.png,0
3094.png,1
3095.png,1
3096.png,1
3097.png,1
3098.png,0
3099.png,1
3100.png,0
3101.png,1
3102.png,1
3103.png,0
3104.png,1
3105.png,1
3106.png,0
3107.png,0
3108.png,1
3109.png,0
3110.png,0
3111.png,1
3112.png,0
3113.png,0
3114.png,1
3115.png,0
3116.png,0
3117.png,0
3118.png,0
3119.png,1
3120.png,0
3121.png,1
3122.png,0
3123.png,1
3124.png,1
3125.png,0
3126.png,0
3127.png,0
3128.png,0
3129.png,0
3130.png,0
3131.png,0
3132.png,0
3133.png,1
3134.png,0
3135.png,1
3136.png,0
3137.png,0
3138.png,0
3139.png,1
3140.png,0
3141.png,1
3142.png,1
3143.png,0
3144.png,1
3145.png,1
3146.png,0
3147.png,0
3148.png,1
3149.png,0
3150.png,0
3151.png,1
3152.png,1
3153.png,1
3154.png,1
3155.png,0
3156.png,0
3157.png,0
3158.png,1
3159.png,1
3160.png,0
3161.png,1
3162.png,0
3163.png,1
3164.png,1
3165.png,0
3166.png,1
3167.png,1
3168.png,1
3169.png,1
3170.png,1
3171.png,1
3172.png,0
3173.png,0
3174.png,1
3175.png,0
3176.png,1
3177.png,1
3178.png,0
3179.png,1
3180.png,0
3181.png,0
3182.png,1
3183.png,0
3184.png,1
3185.png,0
3186.png,1
3187.png,1
3188.png,0
3189.png,0
3190.png,0
3191.png,0
3192.png,1
3193.png,0
3194.png,0
3195.png,1
3196.png,0
3197.png,0
3198.png,1
3199.png,1
3200.png,1
3201.png,0
3202.png,0
3203.png,0
3204.png,1
3205.png,1
3206.png,0
3207.png,0
3208.png,1
3209.png,0
3210.png,0
3211.png,0
3212.png,0
3213.png,1
3214.png,1
3215.png,0
3216.png,1
3217.png,1
3218.png,1
3219.png,0
3220.png,0
3221.png,1
3222.png,0
3223.png,0
3224.png,0
3225.png,0
3226.png,0
3227.png,1
3228.png,0
3229.png,1
3230.png,1
3231.png,0
3232.png,0
3233.png,1
3234.png,1
3235.png,1
3236.png,1
3237.png,1
3238.png,0
3239.png,1
3240.png,1
3241.png,0
3242.png,0
3243.png,0
3244.png,0
3245.png,0
3246.png,1
3247.png,1
3248.png,1
3249.png,1
3250.png,1
3251.png,0
3252.png,1
3253.png,1
3254.png,1
3255.png,1
3256.png,1
3257.png,1
3258.png,1
3259.png,0
3260.png,0
3261.png,1
3262.png,1
3263.png,0
3264.png,1
3265.png,0
3266.png,1
3267.png,1
3268.png,0
3269.png,0
3270.png,1
3271.png,1
3272.png,0
3273.png,1
3274.png,1
3275.png,0
3276.png,1
3277.png,1
3278.png,0
3279.png,0
3280.png,0
3281.png,1
3282.png,1
3283.png,1
3284.png,1
3285.png,0
3286.png,1
3287.png,1
3288.png,1
3289.png,1
3290.png,1
3291.png,1
3292.png,1
3293.png,1
3294.png,1
3295.png,1
3296.png,1
3297.png,0
3298.png,0
3299.png,0
3300.png,0
3301.png,0
3302.png,0
3303.png,0
3304.png,0
3305.png,1
3306.png,0
3307.png,1
3308.png,0
3309.png,1
3310.png,1
3311.png,1
3312.png,0
3313.png,1
3314.png,0
3315.png,1
3316.png,0
3317.png,0
3318.png,1
3319.png,1
3320.png,0
3321.png,1
3322.png,1
3323.png,1
3324.png,1
3325.png,0
3326.png,0
3327.png,1
3328.png,1
3329.png,0
3330.png,1
3331.png,1
3332.png,1
3333.png,1
3334.png,0
3335.png,0
3336.png,1
3337.png,0
3338.png,1
3339.png,0
3340.png,0
3341.png,0
3342.png,1
3343.png,1
3344.png,0
3345.png,0
3346.png,0
3347.png,0
3348.png,0
3349.png,1
3350.png,0
3351.png,0
3352.png,1
3353.png,1
3354.png,1
3355.png,0
3356.png,0
3357.png,1
3358.png,1
3359.png,0
3360.png,0
3361.png,0
3362.png,1
3363.png,1
3364.png,0
3365.png,1
3366.png,1
3367.png,1
3368.png,1
3369.png,1
3370.png,0
3371.png,0
3372.png,1
3373.png,1
3374.png,1
3375.png,0
3376.png,0
3377.png,0
3378.png,1
3379.png,0
3380.png,1
3381.png,0
3382.png,0
3383.png,1
3384.png,0
3385.png,1
3386.png,1
3387.png,1
3388.png,1
3389.png,1
3390.png,0
3391.png,0
3392.png,1
3393.png,0
3394.png,1
3395.png,1
3396.png,0
3397.png,1
3398.png,1
3399.png,1
3400.png,1
3401.png,1
3402.png,0
3403.png,1
3404.png,0
3405.png,0
3406.png,1
3407.png,1
3408.png,0
3409.png,0
3410.png,0
3411.png,1
3412.png,1
3413.png,1
3414.png,0
3415.png,1
3416.png,1
3417.png,1
3418.png,0
3419.png,1
3420.png,1
3421.png,1
3422.png,1
3423.png,1
3424.png,0
3425.png,0
3426.png,0
3427.png,0
3428.png,1
3429.png,1
3430.png,1
3431.png,1
3432.png,0
3433.png,1
3434.png,0
3435.png,1
3436.png,1
3437.png,0
3438.png,1
3439.png,0
3440.png,0
3441.png,1
3442.png,0
3443.png,0
3444.png,0
3445.png,1
3446.png,0
3447.png,0
3448.png,0
3449.png,1
3450.png,0
3451.png,1
3452.png,0
3453.png,1
3454.png,1
3455.png,1
3456.png,1
3457.png,0
3458.png,0
3459.png,1
3460.png,0
3461.png,1
3462.png,0
3463.png,0
3464.png,1
3465.png,1
3466.png,0
3467.png,0
3468.png,1
3469.png,1
3470.png,0
3471.png,1
3472.png,0
3473.png,1
3474.png,1
3475.png,1
3476.png,1
3477.png,0
3478.png,0
3479.png,1
3480.png,0
3481.png,1
3482.png,1
3483.png,1
3484.png,0
3485.png,0
3486.png,1
3487.png,1
3488.png,1
3489.png,0
3490.png,0
3491.png,0
3492.png,0
3493.png,0
3494.png,1
3495.png,0
3496.png,1
3497.png,1
3498.png,1
3499.png,0
3500.png,0
3501.png,0
3502.png,0
3503.png,1
3504.png,1
3505.png,1
3506.png,0
3507.png,0
3508.png,1
3509.png,0
3510.png,0
3511.png,0
3512.png,0
3513.png,0
3514.png,1
3515.png,0
3516.png,1
3517.png,0
3518.png,0
3519.png,0
3520.png,0
3521.png,1
3522.png,0
3523.png,1
3524.png,0
3525.png,0
3526.png,0
3527.png,0
3528.png,1
3529.png,0
3530.png,1
3531.png,1
3532.png,0
3533.png,0
3534.png,1
3535.png,0
3536.png,0
3537.png,0
3538.png,1
3539.png,0
3540.png,0
3541.png,1
3542.png,1
3543.png,0
3544.png,0
3545.png,0
3546.png,0
3547.png,1
3548.png,0
3549.png,1
3550.png,1
3551.png,1
3552.png,1
3553.png,0
3554.png,1
3555.png,1
3556.png,0
3557.png,0
3558.png,1
3559.png,1
3560.png,1
3561.png,0
3562.png,0
3563.png,0
3564.png,0
3565.png,0
3566.png,1
3567.png,1
3568.png,0
3569.png,1
3570.png,0
3571.png,0
3572.png,0
3573.png,0
3574.png,0
3575.png,1
3576.png,0
3577.png,0
3578.png,1
3579.png,0
3580.png,1
3581.png,0
3582.png,1
3583.png,0
3584.png,1
3585.png,0
3586.png,0
3587.png,1
3588.png,1
3589.png,0
3590.png,0
3591.png,1
3592.png,0
3593.png,0
3594.png,0
3595.png,1
3596.png,1
3597.png,0
3598.png,1
3599.png,0
3600.png,0
3601.png,0
3602.png,1
3603.png,0
3604.png,1
3605.png,1
3606.png,0
3607.png,0
3608.png,1
3609.png,1
3610.png,1
3611.png,1
3612.png,0
3613.png,0
3614.png,0
3615.png,1
3616.png,1
3617.png,0
3618.png,1
3619.png,1
3620.png,1
3621.png,1
3622.png,1
3623.png,1
3624.png,1
3625.png,0
3626.png,0
3627.png,0
3628.png,0
3629.png,1
3630.png,1
3631.png,0
3632.png,1
3633.png,0
3634.png,0
3635.png,1
3636.png,0
3637.png,0
3638.png,0
3639.png,0
3640.png,0
3641.png,1
3642.png,0
3643.png,0
3644.png,1
3645.png,0
3646.png,0
3647.png,1
3648.png,1
3649.png,1
3650.png,0
3651.png,0
3652.png,1
3653.png,0
3654.png,0
3655.png,1
3656.png,1
3657.png,0
3658.png,0
3659.png,0
3660.png,1
3661.png,0
3662.png,0
3663.png,1
3664.png,0
3665.png,0
3666.png,1
3667.png,0
3668.png,1
3669.png,1
3670.png,1
3671.png,1
3672.png,1
3673.png,0
3674.png,1
3675.png,1
3676.png,0
3677.png,0
3678.png,0
3679.png,0
3680.png,0
3681.png,1
3682.png,0
3683.png,0
3684.png,1
3685.png,0
3686.png,1
3687.png,0
3688.png,0
3689.png,0
3690.png,1
3691.png,1
3692.png,1
3693.png,0
3694.png,0
3695.png,0
3696.png,1
3697.png,1
3698.png,1
3699.png,0
3700.png,1
3701.png,0
3702.png,1
3703.png,0
3704.png,1
3705.png,0
3706.png,1
3707.png,1
3708.png,0
3709.png,1
3710.png,0
3711.png,0
3712.png,1
3713.png,0
3714.png,1
3715.png,1
3716.png,0
3717.png,1
3718.png,0
3719.png,1
3720.png,1
3721.png,1
3722.png,1
3723.png,1
3724.png,0
3725.png,0
3726.png,0
3727.png,1
3728.png,1
3729.png,1
3730.png,0
3731.png,0
3732.png,0
3733.png,0
3734.png,0
3735.png,0
3736.png,0
3737.png,1
3738.png,0
3739.png,0
3740.png,1
3741.png,1
3742.png,0
3743.png,1
3744.png,1
3745.png,1
3746.png,1
3747.png,0
3748.png,0
3749.png,0
3750.png,0
3751.png,0
3752.png,0
3753.png,1
3754.png,1
3755.png,1
3756.png,1
3757.png,1
3758.png,0
3759.png,1
3760.png,0
3761.png,1
3762.png,1
3763.png,0
3764.png,1
3765.png,1
3766.png,1
3767.png,0
3768.png,0
3769.png,1
3770.png,0
3771.png,1
3772.png,1
3773.png,0
3774.png,1
3775.png,1
3776.png,0
3777.png,0
3778.png,0
3779.png,0
3780.png,1
3781.png,0
3782.png,1
3783.png,0
3784.png,0
3785.png,1
3786.png,1
3787.png,0
3788.png,0
3789.png,1
3790.png,0
3791.png,1
3792.png,1
3793.png,0
3794.png,1
3795.png,0
3796.png,1
3797.png,0
3798.png,0
3799.png,0
3800.png,0
3801.png,1
3802.png,1
3803.png,0
3804.png,1
3805.png,0
3806.png,1
3807.png,1
3808.png,1
3809.png,0
3810.png,0
3811.png,1
3812.png,1
3813.png,1
3814.png,0
3815.png,1
3816.png,0
3817.png,1
3818.png,0
3819.png,1
3820.png,0
3821.png,1
3822.png,1
3823.png,0
3824.png,0
3825.png,1
3826.png,1
3827.png,0
3828.png,0
3829.png,0
3830.png,0
3831.png,1
3832.png,1
3833.png,0
3834.png,0
3835.png,0
3836.png,1
3837.png,0
3838.png,0
3839.png,1
3840.png,1
3841.png,1
3842.png,1
3843.png,1
3844.png,1
3845.png,1
3846.png,0
3847.png,0
3848.png,1
3849.png,1
3850.png,0
3851.png,0
3852.png,0
3853.png,1
3854.png,1
3855.png,0
3856.png,1
3857.png,1
3858.png,0
3859.png,0
3860.png,1
3861.png,0
3862.png,1
3863.png,0
3864.png,1
3865.png,1
3866.png,1
3867.png,1
3868.png,0
3869.png,1
3870.png,1
3871.png,0
3872.png,1
3873.png,0
3874.png,1
3875.png,0
3876.png,0
3877.png,0
3878.png,0
3879.png,1
3880.png,0
3881.png,0
3882.png,1
3883.png,0
3884.png,0
3885.png,1
3886.png,0
3887.png,0
3888.png,0
3889.png,1
3890.png,1
3891.png,1
3892.png,1
3893.png,0
3894.png,1
3895.png,1
3896.png,0
3897.png,0
3898.png,1
3899.png,1
3900.png,1
3901.png,1
3902.png,0
3903.png,0
3904.png,1
3905.png,1
3906.png,0
3907.png,0
3908.png,0
3909.png,1
3910.png,0
3911.png,1
3912.png,1
3913.png,1
3914.png,1
3915.png,1
3916.png,0
3917.png,0
3918.png,0
3919.png,0
3920.png,1
3921.png,0
3922.png,0
3923.png,1
3924.png,0
3925.png,0
3926.png,0
3927.png,1
3928.png,1
3929.png,1
3930.png,0
3931.png,1
3932.png,0
3933.png,1
3934.png,0
3935.png,0
3936.png,1
3937.png,0
3938.png,0
3939.png,0
3940.png,0
3941.png,0
3942.png,1
3943.png,1
3944.png,0
3945.png,0
3946.png,1
3947.png,1
3948.png,1
3949.png,1
3950.png,1
3951.png,1
3952.png,0
3953.png,1
3954.png,1
3955.png,0
3956.png,0
3957.png,0
3958.png,0
3959.png,0
3960.png,0
3961.png,1
3962.png,0
3963.png,0
3964.png,1
3965.png,1
3966.png,1
3967.png,0
3968.png,1
3969.png,1
3970.png,1
3971.png,1
3972.png,1
3973.png,1
3974.png,0
3975.png,1
3976.png,1
3977.png,1
3978.png,1
3979.png,0
3980.png,0
3981.png,1
3982.png,1
3983.png,0
3984.png,1
3985.png,1
3986.png,1
3987.png,0
3988.png,1
3989.png,0
3990.png,0
3991.png,1
3992.png,0
3993.png,1
3994.png,0
3995.png,1
3996.png,1
3997.png,1
3998.png,0
3999.png,1
4000.png,0
4001.png,0
4002.png,1
4003.png,1
4004.png,0
4005.png,1
4006.png,0
4007.png,0
4008.png,0
4009.png,1
4010.png,1
4011.png,1
4012.png,1
4013.png,1
4014.png,1
4015.png,1
4016.png,1
4017.png,0
4018.png,0
4019.png,0
4020.png,0
4021.png,1
4022.png,0
4023.png,1
4024.png,1
4025.png,1
4026.png,0
4027.png,1
4028.png,0
4029.png,0
4030.png,1
4031.png,1
4032.png,1
4033.png,0
4034.png,0
4035.png,0
4036.png,1
4037.png,1
4038.png,0
4039.png,1
4040.png,1
4041.png,0
4042.png,1
4043.png,1
4044.png,0
4045.png,1
4046.png,0
4047.png,1
4048.png,1
4049.png,1
4050.png,1
4051.png,0
4052.png,0
4053.png,1
4054.png,0
4055.png,0
4056.png,0
4057.png,1
4058.png,0
4059.png,1
4060.png,0
4061.png,1
4062.png,0
4063.png,0
4064.png,1
4065.png,1
4066.png,1
4067.png,0
4068.png,0
4069.png,0
4070.png,0
4071.png,1
4072.png,1
4073.png,0
4074.png,0
4075.png,1
4076.png,1
4077.png,0
4078.png,1
4079.png,0
4080.png,0
4081.png,1
4082.png,0
4083.png,1
4084.png,1
4085.png,0
4086.png,1
4087.png,1
4088.png,1
4089.png,1
4090.png,1
4091.png,0
4092.png,0
4093.png,1
4094.png,1
4095.png,1
4096.png,1
4097.png,0
4098.png,1
4099.png,0
4100.png,1
4101.png,1
4102.png,0
4103.png,1
4104.png,0
4105.png,0
4106.png,0
4107.png,0
4108.png,1
4109.png,0
4110.png,0
4111.png,1
4112.png,1
4113.png,1
4114.png,0
4115.png,0
4116.png,0
4117.png,1
4118.png,1
4119.png,0
4120.png,0
4121.png,1
4122.png,1
4123.png,1
4124.png,0
4125.png,1
4126.png,0
4127.png,0
4128.png,1
4129.png,1
4130.png,1
4131.png,1
4132.png,0
4133.png,0
4134.png,0
4135.png,1
4136.png,1
4137.png,0
4138.png,1
4139.png,0
4140.png,0
4141.png,1
4142.png,1
4143.png,0
4144.png,0
4145.png,0
4146.png,1
4147.png,1
4148.png,0
4149.png,0
4150.png,0
4151.png,0
4152.png,1
4153.png,0
4154.png,0
4155.png,0
4156.png,1
4157.png,1
4158.png,0
4159.png,0
4160.png,0
4161.png,0
4162.png,0
4163.png,1
4164.png,1
4165.png,1
4166.png,1
4167.png,1
4168.png,0
4169.png,0
4170.png,1
4171.png,1
4172.png,0
4173.png,1
4174.png,0
4175.png,1
4176.png,0
4177.png,0
4178.png,1
4179.png,1
4180.png,1
4181.png,1
4182.png,1
4183.png,0
4184.png,1
4185.png,1
4186.png,1
4187.png,0
4188.png,1
4189.png,0
4190.png,0
4191.png,1
4192.png,0
4193.png,0
4194.png,1
4195.png,0
4196.png,0
4197.png,0
4198.png,0
4199.png,0
4200.png,0
4201.png,0
4202.png,1
4203.png,1
4204.png,0
4205.png,1
4206.png,0
4207.png,0
4208.png,0
4209.png,0
4210.png,0
4211.png,0
4212.png,0
4213.png,1
4214.png,0
4215.png,0
4216.png,1
4217.png,0
4218.png,1
4219.png,0
4220.png,0
4221.png,0
4222.png,1
4223.png,0
4224.png,1
4225.png,0
4226.png,1
4227.png,1
4228.png,0
4229.png,0
4230.png,1
4231.png,0
4232.png,0
4233.png,0
4234.png,1
4235.png,1
4236.png,0
4237.png,1
4238.png,0
4239.png,0
4240.png,0
4241.png,0
4242.png,1
4243.png,0
4244.png,0
4245.png,0
4246.png,0
4247.png,0
4248.png,1
4249.png,1
4250.png,0
4251.png,0
4252.png,1
4253.png,0
4254.png,1
4255.png,0
4256.png,1
4257.png,0
4258.png,0
4259.png,1
4260.png,0
4261.png,0
4262.png,1
4263.png,1
4264.png,1
4265.png,1
4266.png,0
4267.png,1
4268.png,1
4269.png,0
4270.png,0
4271.png,1
4272.png,0
4273.png,0
4274.png,1
4275.png,1
4276.png,0
4277.png,1
4278.png,1
4279.png,0
4280.png,1
4281.png,0
4282.png,1
4283.png,1
4284.png,0
4285.png,0
4286.png,0
4287.png,1
4288.png,0
4289.png,1
4290.png,1
4291.png,1
4292.png,0
4293.png,0
4294.png,1
4295.png,1
4296.png,0
4297.png,1
4298.png,1
4299.png,0
4300.png,1
4301.png,0
4302.png,0
4303.png,0
4304.png,1
4305.png,1
4306.png,0
4307.png,0
4308.png,0
4309.png,0
4310.png,1
4311.png,1
4312.png,1
4313.png,0
4314.png,0
4315.png,1
4316.png,0
4317.png,0
4318.png,0
4319.png,1
4320.png,0
4321.png,1
4322.png,0
4323.png,1
4324.png,1
4325.png,1
4326.png,1
4327.png,0
4328.png,1
4329.png,0
4330.png,0
4331.png,1
4332.png,0
4333.png,0
4334.png,1
4335.png,1
4336.png,0
4337.png,0
4338.png,0
4339.png,1
4340.png,0
4341.png,1
4342.png,1
4343.png,0
4344.png,1
4345.png,0
4346.png,0
4347.png,0
4348.png,0
4349.png,0
4350.png,0
4351.png,0
4352.png,1
4353.png,0
4354.png,1
4355.png,0
4356.png,1
4357.png,0
4358.png,1
4359.png,1
4360.png,0
4361.png,0
4362.png,0
4363.png,1
4364.png,0
4365.png,1
4366.png,0
4367.png,1
4368.png,1
4369.png,0
4370.png,1
4371.png,1
4372.png,0
4373.png,0
4374.png,0
4375.png,0
4376.png,0
4377.png,0
4378.png,1
4379.png,1
4380.png,0
4381.png,1
4382.png,0
4383.png,0
4384.png,1
4385.png,1
4386.png,1
4387.png,0
4388.png,0
4389.png,0
4390.png,1
4391.png,1
4392.png,0
4393.png,1
4394.png,1
4395.png,1
4396.png,0
4397.png,0
4398.png,0
4399.png,1
4400.png,0
4401.png,1
4402.png,0
4403.png,0
4404.png,1
4405.png,0
4406.png,0
4407.png,0
4408.png,0
4409.png,0
4410.png,1
4411.png,0
4412.png,1
4413.png,1
4414.png,1
4415.png,0
4416.png,0
4417.png,0
4418.png,0
4419.png,1
4420.png,1
4421.png,0
4422.png,0
4423.png,1
4424.png,1
4425.png,0
4426.png,1
4427.png,0
4428.png,1
4429.png,0
4430.png,1
4431.png,0
4432.png,0
4433.png,1
4434.png,0
4435.png,1
4436.png,0
4437.png,1
4438.png,1
4439.png,0
4440.png,0
4441.png,0
4442.png,1
4443.png,1
4444.png,0
4445.png,1
4446.png,1
4447.png,1
4448.png,1
4449.png,0
4450.png,0
4451.png,1
4452.png,1
4453.png,0
4454.png,0
4455.png,0
4456.png,1
4457.png,0
4458.png,1
4459.png,0
4460.png,1
4461.png,0
4462.png,1
4463.png,0
4464.png,0
4465.png,1
4466.png,0
4467.png,0
4468.png,1
4469.png,1
4470.png,1
4471.png,1
4472.png,0
4473.png,0
4474.png,0
4475.png,1
4476.png,0
4477.png,0
4478.png,1
4479.png,1
4480.png,0
4481.png,1
4482.png,1
4483.png,0
4484.png,0
4485.png,1
4486.png,1
4487.png,0
4488.png,1
4489.png,1
4490.png,1
4491.png,1
4492.png,0
4493.png,0
4494.png,0
4495.png,1
4496.png,0
4497.png,1
4498.png,1
4499.png,0
4500.png,1
4501.png,1
4502.png,1
4503.png,1
4504.png,0
4505.png,0
4506.png,1
4507.png,0
4508.png,0
4509.png,0
4510.png,1
4511.png,1
4512.png,0
4513.png,0
4514.png,0
4515.png,0
4516.png,1
4517.png,1
4518.png,0
4519.png,0
4520.png,0
4521.png,0
4522.png,1
4523.png,1
4524.png,0
4525.png,0
4526.png,1
4527.png,0
4528.png,1
4529.png,0
4530.png,1
4531.png,0
4532.png,0
4533.png,0
4534.png,0
4535.png,1
4536.png,0
4537.png,0
4538.png,0
4539.png,0
4540.png,1
4541.png,1
4542.png,0
4543.png,1
4544.png,1
4545.png,1
4546.png,1
4547.png,0
4548.png,1
4549.png,0
4550.png,0
4551.png,0
4552.png,0
4553.png,0
4554.png,1
4555.png,1
4556.png,0
4557.png,1
4558.png,1
4559.png,1
4560.png,1
4561.png,0
4562.png,1
4563.png,0
4564.png,1
4565.png,1
4566.png,0
4567.png,0
4568.png,0
4569.png,0
4570.png,0
4571.png,0
4572.png,1
4573.png,0
4574.png,0
4575.png,1
4576.png,1
4577.png,0
4578.png,1
4579.png,1
4580.png,1
4581.png,1
4582.png,0
4583.png,0
4584.png,1
4585.png,0
4586.png,1
4587.png,0
4588.png,0
4589.png,1
4590.png,0
4591.png,0
4592.png,0
4593.png,1
4594.png,0
4595.png,0
4596.png,0
4597.png,1
4598.png,0
4599.png,1
4600.png,1
4601.png,0
4602.png,0
4603.png,0
4604.png,1
4605.png,1
4606.png,1
4607.png,1
4608.png,0
4609.png,1
4610.png,0
4611.png,0
4612.png,1
4613.png,0
4614.png,0
4615.png,0
4616.png,0
4617.png,0
4618.png,1
4619.png,1
4620.png,0
4621.png,1
4622.png,1
4623.png,0
4624.png,1
4625.png,0
4626.png,1
4627.png,0
4628.png,1
4629.png,0
4630.png,0
4631.png,1
4632.png,0
4633.png,0
4634.png,1
4635.png,1
4636.png,0
4637.png,0
4638.png,0
4639.png,0
4640.png,0
4641.png,0
4642.png,0
4643.png,1
4644.png,0
4645.png,0
4646.png,1
4647.png,1
4648.png,0
4649.png,0
4650.png,1
4651.png,1
4652.png,1
4653.png,0
4654.png,0
4655.png,0
4656.png,0
4657.png,0
4658.png,1
4659.png,0
4660.png,1
4661.png,0
4662.png,0
4663.png,1
4664.png,1
4665.png,1
4666.png,1
4667.png,1
4668.png,1
4669.png,1
4670.png,1
4671.png,1
4672.png,0
4673.png,0
4674.png,0
4675.png,1
4676.png,0
4677.png,1
4678.png,1
4679.png,0
4680.png,0
4681.png,0
4682.png,1
4683.png,0
4684.png,1
4685.png,1
4686.png,0
4687.png,0
4688.png,1
4689.png,0
4690.png,1
4691.png,0
4692.png,1
4693.png,0
4694.png,1
4695.png,0
4696.png,1
4697.png,0
4698.png,1
4699.png,1
4700.png,0
4701.png,1
4702.png,1
4703.png,1
4704.png,0
4705.png,0
4706.png,0
4707.png,0
4708.png,0
4709.png,1
4710.png,0
4711.png,1
4712.png,1
4713.png,1
4714.png,0
4715.png,0
4716.png,1
4717.png,0
4718.png,1
4719.png,0
4720.png,0
4721.png,1
4722.png,0
4723.png,1
4724.png,1
4725.png,0
4726.png,1
4727.png,0
4728.png,1
4729.png,1
4730.png,1
4731.png,1
4732.png,1
4733.png,0
4734.png,0
4735.png,0
4736.png,0
4737.png,1
4738.png,0
4739.png,0
4740.png,0
4741.png,1
4742.png,1
4743.png,1
4744.png,1
4745.png,0
4746.png,0
4747.png,0
4748.png,1
4749.png,1
4750.png,0
4751.png,0
4752.png,0
4753.png,1
4754.png,0
4755.png,0
4756.png,0
4757.png,0
4758.png,1
4759.png,0
4760.png,1
4761.png,1
4762.png,0
4763.png,1
4764.png,1
4765.png,0
4766.png,1
4767.png,1
4768.png,0
4769.png,1
4770.png,1
4771.png,1
4772.png,0
4773.png,1
4774.png,1
4775.png,1
4776.png,1
4777.png,0
4778.png,1
4779.png,0
4780.png,1
4781.png,0
4782.png,0
4783.png,1
4784.png,0
4785.png,1
4786.png,0
4787.png,1
4788.png,1
4789.png,1
4790.png,0
4791.png,0
4792.png,0
4793.png,0
4794.png,1
4795.png,1
4796.png,0
4797.png,1
4798.png,0
4799.png,0
4800.png,0
4801.png,0
4802.png,0
4803.png,1
4804.png,0
4805.png,1
4806.png,1
4807.png,0
4808.png,1
4809.png,0
4810.png,0
4811.png,0
4812.png,1
4813.png,0
4814.png,0
4815.png,0
4816.png,1
4817.png,1
4818.png,0
4819.png,0
4820.png,0
4821.png,0
4822.png,1
4823.png,0
4824.png,1
4825.png,0
4826.png,1
4827.png,0
4828.png,0
4829.png,0
4830.png,1
4831.png,1
4832.png,1
4833.png,0
4834.png,1
4835.png,0
4836.png,1
4837.png,0
4838.png,0
4839.png,1
4840.png,0
4841.png,0
4842.png,0
4843.png,0
4844.png,0
4845.png,0
4846.png,1
4847.png,0
4848.png,0
4849.png,1
4850.png,0
4851.png,1
4852.png,0
4853.png,1
4854.png,0
4855.png,1
4856.png,0
4857.png,1
4858.png,1
4859.png,0
4860.png,0
4861.png,1
4862.png,0
4863.png,1
4864.png,0
4865.png,0
4866.png,1
4867.png,0
4868.png,0
4869.png,1
4870.png,1
4871.png,1
4872.png,1
4873.png,1
4874.png,1
4875.png,0
4876.png,0
4877.png,1
4878.png,0
4879.png,1
4880.png,1
4881.png,1
4882.png,1
4883.png,0
4884.png,0
4885.png,0
4886.png,0
4887.png,1
4888.png,1
4889.png,1
4890.png,1
4891.png,1
4892.png,0
4893.png,1
4894.png,1
4895.png,0
4896.png,1
4897.png,0
4898.png,0
4899.png,1
4900.png,0
4901.png,1
4902.png,1
4903.png,1
4904.png,0
4905.png,0
4906.png,0
4907.png,0
4908.png,0
4909.png,0
4910.png,1
4911.png,0
4912.png,0
4913.png,1
4914.png,0
4915.png,1
4916.png,1
4917.png,1
4918.png,0
4919.png,1
4920.png,0
4921.png,0
4922.png,0
4923.png,1
4924.png,0
4925.png,1
4926.png,0
4927.png,0
4928.png,0
4929.png,1
4930.png,1
4931.png,0
4932.png,0
4933.png,1
4934.png,1
4935.png,0
4936.png,1
4937.png,1
4938.png,0
4939.png,0
4940.png,1
4941.png,1
4942.png,0
4943.png,0
4944.png,0
4945.png,1
4946.png,1
4947.png,1
4948.png,0
4949.png,0
4950.png,1
4951.png,0
4952.png,0
4953.png,1
4954.png,1
4955.png,1
4956.png,1
4957.png,0
4958.png,0
4959.png,0
4960.png,0
4961.png,1
4962.png,0
4963.png,1
4964.png,1
4965.png,1
4966.png,0
4967.png,0
4968.png,1
4969.png,0
4970.png,0
4971.png,1
4972.png,1
4973.png,1
4974.png,1
4975.png,1
4976.png,1
4977.png,0
4978.png,0
4979.png,0
4980.png,0
4981.png,0
4982.png,1
4983.png,1
4984.png,0
4985.png,1
4986.png,0
4987.png,1
4988.png,1
4989.png,0
4990.png,1
4991.png,1
4992.png,0
4993.png,1
4994.png,0
4995.png,0
4996.png,0
4997.png,0
4998.png,0
4999.png,0
5000.png,0
5001.png,1
5002.png,1
5003.png,0
5004.png,0
5005.png,0
5006.png,0
5007.png,1
5008.png,1
5009.png,0
5010.png,0
5011.png,0
5012.png,0
5013.png,0
5014.png,0
5015.png,1
5016.png,0
5017.png,0
5018.png,0
5019.png,1
5020.png,0
5021.png,1
5022.png,0
5023.png,1
5024.png,1
5025.png,1
5026.png,0
5027.png,1
5028.png,1
5029.png,1
5030.png,1
5031.png,0
5032.png,0
5033.png,0
5034.png,1
5035.png,1
5036.png,0
5037.png,0
5038.png,1
5039.png,0
5040.png,0
5041.png,0
5042.png,0
5043.png,1
5044.png,1
5045.png,1
5046.png,0
5047.png,0
5048.png,0
5049.png,1
5050.png,1
5051.png,0
5052.png,1
5053.png,0
5054.png,1
5055.png,0
5056.png,0
5057.png,1
5058.png,0
5059.png,1
5060.png,1
5061.png,1
5062.png,0
5063.png,1
5064.png,0
5065.png,1
5066.png,0
5067.png,1
5068.png,1
5069.png,1
5070.png,1
5071.png,0
5072.png,0
5073.png,0
5074.png,0
5075.png,0
5076.png,1
5077.png,0
5078.png,0
5079.png,1
5080.png,1
5081.png,1
5082.png,0
5083.png,1
5084.png,0
5085.png,1
5086.png,0
5087.png,0
5088.png,1
5089.png,1
5090.png,1
5091.png,0
5092.png,1
5093.png,1
5094.png,0
5095.png,1
5096.png,0
5097.png,0
5098.png,1
5099.png,0
5100.png,0
5101.png,0
5102.png,1
5103.png,0
5104.png,0
5105.png,1
5106.png,1
5107.png,1
5108.png,1
5109.png,1
5110.png,0
5111.png,0
5112.png,0
5113.png,0
5114.png,0
5115.png,0
5116.png,0
5117.png,0
5118.png,0
5119.png,1
5120.png,0
5121.png,1
5122.png,1
5123.png,1
5124.png,0
5125.png,1
5126.png,0
5127.png,1
5128.png,1
5129.png,0
5130.png,0
5131.png,0
5132.png,0
5133.png,0
5134.png,1
5135.png,0
5136.png,1
5137.png,0
5138.png,0
5139.png,1
5140.png,1
5141.png,0
5142.png,0
5143.png,1
5144.png,1
5145.png,1
5146.png,0
5147.png,0
5148.png,0
5149.png,0
5150.png,1
5151.png,0
5152.png,1
5153.png,0
5154.png,0
5155.png,0
5156.png,0
5157.png,0
5158.png,0
5159.png,0
5160.png,0
5161.png,0
5162.png,0
5163.png,1
5164.png,1
5165.png,0
5166.png,1
5167.png,1
5168.png,1
5169.png,0
5170.png,0
5171.png,0
5172.png,1
5173.png,0
5174.png,0
5175.png,1
5176.png,0
5177.png,1
5178.png,1
5179.png,0
5180.png,0
5181.png,0
5182.png,0
5183.png,0
5184.png,0
5185.png,0
5186.png,1
5187.png,1
5188.png,1
5189.png,0
5190.png,1
5191.png,0
5192.png,1
5193.png,0
5194.png,0
5195.png,0
5196.png,1
5197.png,1
5198.png,0
5199.png,1
5200.png,1
5201.png,0
5202.png,1
5203.png,1
5204.png,0
5205.png,0
5206.png,0
5207.png,1
5208.png,1
5209.png,0
5210.png,1
5211.png,1
5212.png,1
5213.png,0
5214.png,0
5215.png,0
5216.png,0
5217.png,0
5218.png,0
5219.png,0
5220.png,1
5221.png,0
5222.png,0
5223.png,1
5224.png,1
5225.png,0
5226.png,0
5227.png,1
5228.png,1
5229.png,1
5230.png,0
5231.png,1
5232.png,0
5233.png,1
5234.png,1
5235.png,1
5236.png,0
5237.png,1
5238.png,1
5239.png,1
5240.png,1
5241.png,1
5242.png,0
5243.png,0
5244.png,0
5245.png,1
5246.png,0
5247.png,1
5248.png,0
5249.png,1
5250.png,0
5251.png,0
5252.png,1
5253.png,1
5254.png,1
5255.png,0
5256.png,0
5257.png,0
5258.png,0
5259.png,1
5260.png,0
5261.png,0
5262.png,0
5263.png,0
5264.png,0
5265.png,0
5266.png,0
5267.png,0
5268.png,1
5269.png,0
5270.png,1
5271.png,0
5272.png,0
5273.png,1
5274.png,0
5275.png,0
5276.png,1
5277.png,0
5278.png,1
5279.png,0
5280.png,0
5281.png,1
5282.png,1
5283.png,1
5284.png,1
5285.png,0
5286.png,1
5287.png,0
5288.png,1
5289.png,0
5290.png,0
5291.png,1
5292.png,0
5293.png,1
5294.png,0
5295.png,1
5296.png,0
5297.png,0
5298.png,1
5299.png,1
5300.png,0
5301.png,0
5302.png,1
5303.png,0
5304.png,0
5305.png,1
5306.png,1
5307.png,1
5308.png,0
5309.png,0
5310.png,0
5311.png,0
5312.png,0
5313.png,1
5314.png,1
5315.png,1
5316.png,1
5317.png,1
5318.png,0
5319.png,1
5320.png,1
5321.png,1
5322.png,0
5323.png,0
5324.png,1
5325.png,1
5326.png,0
5327.png,0
5328.png,1
5329.png,1
5330.png,0
5331.png,1
5332.png,0
5333.png,0
5334.png,1
5335.png,0
5336.png,0
5337.png,0
5338.png,1
5339.png,1
5340.png,0
5341.png,1
5342.png,1
5343.png,1
5344.png,1
5345.png,0
5346.png,1
5347.png,0
5348.png,0
5349.png,1
5350.png,0
5351.png,1
5352.png,0
5353.png,1
5354.png,0
5355.png,0
5356.png,0
5357.png,1
5358.png,0
5359.png,1
5360.png,1
5361.png,0
5362.png,0
5363.png,0
5364.png,0
5365.png,1
5366.png,0
5367.png,0
5368.png,0
5369.png,1
5370.png,1
5371.png,1
5372.png,1
5373.png,0
5374.png,1
5375.png,0
5376.png,1
5377.png,0
5378.png,1
5379.png,1
5380.png,0
5381.png,0
5382.png,0
5383.png,1
5384.png,0
5385.png,0
5386.png,1
5387.png,1
5388.png,1
5389.png,1
5390.png,0
5391.png,1
5392.png,1
5393.png,1
5394.png,0
5395.png,0
5396.png,0
5397.png,1
5398.png,0
5399.png,1
5400.png,0
5401.png,0
5402.png,0
5403.png,0
5404.png,0
5405.png,1
5406.png,0
5407.png,0
5408.png,1
5409.png,0
5410.png,0
5411.png,0
5412.png,0
5413.png,0
5414.png,1
5415.png,0
5416.png,1
5417.png,0
5418.png,0
5419.png,1
5420.png,0
5421.png,1
5422.png,0
5423.png,0
5424.png,0
5425.png,0
5426.png,1
5427.png,1
5428.png,0
5429.png,0
5430.png,0
5431.png,0
5432.png,0
5433.png,0
5434.png,1
5435.png,1
5436.png,0
5437.png,0
5438.png,0
5439.png,1
5440.png,0
5441.png,1
5442.png,0
5443.png,0
5444.png,0
5445.png,0
5446.png,0
5447.png,1
5448.png,1
5449.png,1
5450.png,0
5451.png,0
5452.png,0
5453.png,1
5454.png,0
5455.png,1
5456.png,0
5457.png,0
5458.png,0
5459.png,1
5460.png,0
5461.png,0
5462.png,1
5463.png,0
5464.png,0
5465.png,0
5466.png,1
5467.png,0
5468.png,1
5469.png,0
5470.png,0
5471.png,0
5472.png,1
5473.png,0
5474.png,1
5475.png,0
5476.png,0
5477.png,0
5478.png,0
5479.png,1
5480.png,0
5481.png,0
5482.png,0
5483.png,1
5484.png,0
5485.png,1
5486.png,0
5487.png,0
5488.png,0
5489.png,1
5490.png,1
5491.png,1
5492.png,1
5493.png,0
5494.png,1
5495.png,0
5496.png,0
5497.png,1
5498.png,1
5499.png,1
5500.png,1
5501.png,1
5502.png,0
5503.png,1
5504.png,0
5505.png,0
5506.png,1
5507.png,1
5508.png,0
5509.png,0
5510.png,1
5511.png,0
5512.png,1
5513.png,1
5514.png,0
5515.png,1
5516.png,0
5517.png,1
5518.png,0
5519.png,0
5520.png,0
5521.png,1
5522.png,0
5523.png,1
5524.png,0
5525.png,1
5526.png,0
5527.png,0
5528.png,0
5529.png,0
5530.png,0
5531.png,0
5532.png,0
5533.png,0
5534.png,1
5535.png,0
5536.png,1
5537.png,1
5538.png,0
5539.png,1
5540.png,1
5541.png,1
5542.png,1
5543.png,0
5544.png,1
5545.png,0
5546.png,1
5547.png,0
5548.png,1
5549.png,1
5550.png,0
5551.png,1
5552.png,1
5553.png,0
5554.png,1
5555.png,1
5556.png,1
5557.png,0
5558.png,0
5559.png,1
5560.png,1
5561.png,0
5562.png,0
5563.png,0
5564.png,1
5565.png,0
5566.png,0
5567.png,0
5568.png,1
5569.png,0
5570.png,0
5571.png,1
5572.png,1
5573.png,1
5574.png,0
5575.png,0
5576.png,0
5577.png,1
5578.png,0
5579.png,1
5580.png,1
5581.png,0
5582.png,0
5583.png,1
5584.png,1
5585.png,0
5586.png,1
5587.png,1
5588.png,0
5589.png,0
5590.png,1
5591.png,0
5592.png,1
5593.png,0
5594.png,0
5595.png,0
5596.png,1
5597.png,0
5598.png,1
5599.png,1
5600.png,1
5601.png,1
5602.png,0
5603.png,0
5604.png,0
5605.png,0
5606.png,0
5607.png,1
5608.png,0
5609.png,0
5610.png,0
5611.png,0
5612.png,1
5613.png,0
5614.png,1
5615.png,0
5616.png,1
5617.png,0
5618.png,0
5619.png,0
5620.png,0
5621.png,1
5622.png,1
5623.png,1
5624.png,0
5625.png,1
5626.png,0
5627.png,1
5628.png,1
5629.png,1
5630.png,1
5631.png,1
5632.png,0
5633.png,0
5634.png,0
5635.png,0
5636.png,0
5637.png,0
5638.png,0
5639.png,1
5640.png,0
5641.png,1
5642.png,1
5643.png,0
5644.png,1
5645.png,0
5646.png,1
5647.png,0
5648.png,0
5649.png,0
5650.png,0
5651.png,0
5652.png,0
5653.png,0
5654.png,1
5655.png,1
5656.png,0
5657.png,1
5658.png,1
5659.png,0
5660.png,0
5661.png,1
5662.png,0
5663.png,1
5664.png,1
5665.png,1
5666.png,1
5667.png,0
5668.png,0
5669.png,1
5670.png,1
5671.png,0
5672.png,0
5673.png,1
5674.png,0
5675.png,0
5676.png,1
5677.png,1
5678.png,0
5679.png,1
5680.png,0
5681.png,0
5682.png,0
5683.png,0
5684.png,0
5685.png,0
5686.png,0
5687.png,0
5688.png,1
5689.png,0
5690.png,1
5691.png,1
5692.png,0
5693.png,0
5694.png,1
5695.png,1
5696.png,0
5697.png,1
5698.png,0
5699.png,1
5700.png,1
5701.png,1
5702.png,0
5703.png,1
5704.png,0
5705.png,1
5706.png,0
5707.png,1
5708.png,1
5709.png,1
5710.png,0
5711.png,1
5712.png,1
5713.png,1
5714.png,1
5715.png,0
5716.png,1
5717.png,1
5718.png,1
5719.png,1
5720.png,1
5721.png,0
5722.png,1
5723.png,0
5724.png,0
5725.png,1
5726.png,1
5727.png,1
5728.png,1
5729.png,1
5730.png,1
5731.png,0
5732.png,1
5733.png,0
5734.png,1
5735.png,0
5736.png,1
5737.png,0
5738.png,1
5739.png,1
5740.png,1
5741.png,0
5742.png,0
5743.png,1
5744.png,1
5745.png,1
5746.png,1
5747.png,0
5748.png,0
5749.png,0
5750.png,1
5751.png,1
5752.png,0
5753.png,0
5754.png,0
5755.png,1
5756.png,0
5757.png,1
5758.png,0
5759.png,1
5760.png,0
5761.png,1
5762.png,1
5763.png,0
5764.png,1
5765.png,0
5766.png,0
5767.png,0
5768.png,0
5769.png,1
5770.png,1
5771.png,0
5772.png,1
5773.png,0
5774.png,0
5775.png,0
5776.png,1
5777.png,0
5778.png,1
5779.png,1
5780.png,1
5781.png,1
5782.png,0
5783.png,1
5784.png,0
5785.png,0
5786.png,0
5787.png,1
5788.png,0
5789.png,0
5790.png,0
5791.png,0
5792.png,0
5793.png,0
5794.png,1
5795.png,0
5796.png,0
5797.png,1
5798.png,1
5799.png,0
5800.png,1
5801.png,1
5802.png,0
5803.png,0
5804.png,0
5805.png,0
5806.png,1
5807.png,0
5808.png,0
5809.png,0
5810.png,0
5811.png,0
5812.png,0
5813.png,0
5814.png,1
5815.png,0
5816.png,1
5817.png,0
5818.png,1
5819.png,1
5820.png,0
5821.png,1
5822.png,1
5823.png,1
5824.png,1
5825.png,1
5826.png,0
5827.png,0
5828.png,0
5829.png,0
5830.png,0
5831.png,1
5832.png,1
5833.png,0
5834.png,0
5835.png,0
5836.png,1
5837.png,0
5838.png,1
5839.png,1
5840.png,0
5841.png,1
5842.png,1
5843.png,0
5844.png,0
5845.png,1
5846.png,1
5847.png,0
5848.png,0
5849.png,0
5850.png,1
5851.png,0
5852.png,1
5853.png,1
5854.png,0
5855.png,1
5856.png,0
5857.png,0
5858.png,1
5859.png,1
5860.png,1
5861.png,1
5862.png,1
5863.png,0
5864.png,0
5865.png,1
5866.png,0
5867.png,0
5868.png,0
5869.png,0
5870.png,1
5871.png,0
5872.png,0
5873.png,1
5874.png,0
5875.png,1
5876.png,1
5877.png,0
5878.png,0
5879.png,0
5880.png,1
5881.png,0
5882.png,0
5883.png,0
5884.png,0
5885.png,1
5886.png,0
5887.png,0
5888.png,1
5889.png,0
5890.png,0
5891.png,1
5892.png,1
5893.png,1
5894.png,1
5895.png,1
5896.png,1
5897.png,0
5898.png,1
5899.png,0
5900.png,1
5901.png,1
5902.png,0
5903.png,1
5904.png,1
5905.png,1
5906.png,1
5907.png,0
5908.png,0
5909.png,0
5910.png,0
5911.png,0
5912.png,1
5913.png,0
5914.png,1
5915.png,0
5916.png,0
5917.png,1
5918.png,1
5919.png,1
5920.png,1
5921.png,1
5922.png,0
5923.png,1
5924.png,1
5925.png,0
5926.png,0
5927.png,1
5928.png,1
5929.png,1
5930.png,0
5931.png,0
5932.png,1
5933.png,1
5934.png,0
5935.png,0
5936.png,1
5937.png,1
5938.png,1
5939.png,1
5940.png,1
5941.png,0
5942.png,0
5943.png,0
5944.png,0
5945.png,0
5946.png,1
5947.png,1
5948.png,0
5949.png,0
5950.png,1
5951.png,0
5952.png,0
5953.png,1
5954.png,0
5955.png,1
5956.png,0
5957.png,0
5958.png,0
5959.png,1
5960.png,1
5961.png,1
5962.png,0
5963.png,0
5964.png,1
5965.png,0
5966.png,0
5967.png,1
5968.png,1
5969.png,1
5970.png,0
5971.png,0
5972.png,0
5973.png,0
5974.png,1
5975.png,0
5976.png,0
5977.png,1
5978.png,1
5979.png,1
5980.png,0
5981.png,0
5982.png,1
5983.png,1
5984.png,0
5985.png,1
5986.png,1
5987.png,0
5988.png,1
5989.png,0
5990.png,1
5991.png,1
5992.png,1
5993.png,0
5994.png,1
5995.png,0
5996.png,0
5997.png,1
5998.png,1
5999.png,0
6000.png,1
6001.png,1
6002.png,0
6003.png,0
6004.png,0
6005.png,1
6006.png,0
6007.png,1
6008.png,0
6009.png,0
6010.png,0
6011.png,1
6012.png,0
6013.png,1
6014.png,1
6015.png,1
6016.png,0
6017.png,1
6018.png,1
6019.png,1
6020.png,1
6021.png,0
6022.png,1
6023.png,1
6024.png,0
6025.png,1
6026.png,1
6027.png,1
6028.png,0
6029.png,0
6030.png,0
6031.png,0
6032.png,1
6033.png,1
6034.png,1
6035.png,1
6036.png,1
6037.png,1
6038.png,0
6039.png,0
6040.png,0
6041.png,1
6042.png,0
6043.png,1
6044.png,0
6045.png,0
6046.png,1
6047.png,1
6048.png,0
6049.png,0
6050.png,1
6051.png,1
6052.png,0
6053.png,1
6054.png,0
6055.png,0
6056.png,1
6057.png,1
6058.png,1
6059.png,1
6060.png,0
6061.png,1
6062.png,1
6063.png,0
6064.png,1
6065.png,0
6066.png,0
6067.png,1
6068.png,1
6069.png,1
6070.png,1
6071.png,1
6072.png,1
6073.png,0
6074.png,0
6075.png,1
6076.png,0
6077.png,0
6078.png,1
6079.png,0
6080.png,1
6081.png,0
6082.png,1
6083.png,0
6084.png,0
6085.png,0
6086.png,0
6087.png,0
6088.png,0
6089.png,1
6090.png,0
6091.png,0
6092.png,1
6093.png,1
6094.png,0
6095.png,0
6096.png,1
6097.png,0
6098.png,0
6099.png,1
6100.png,0
6101.png,0
6102.png,0
6103.png,1
6104.png,1
6105.png,0
6106.png,0
6107.png,1
6108.png,1
6109.png,1
6110.png,1
6111.png,0
6112.png,1
6113.png,1
6114.png,1
6115.png,0
6116.png,0
6117.png,1
6118.png,1
6119.png,0
6120.png,1
6121.png,0
6122.png,1
6123.png,1
6124.png,0
6125.png,1
6126.png,0
6127.png,0
6128.png,1
6129.png,0
6130.png,1
6131.png,0
6132.png,0
6133.png,1
6134.png,1
6135.png,1
6136.png,0
6137.png,1
6138.png,1
6139.png,0
6140.png,0
6141.png,0
6142.png,0
6143.png,1
6144.png,1
6145.png,1
6146.png,1
6147.png,0
6148.png,0
6149.png,1
6150.png,1
6151.png,0
6152.png,1
6153.png,1
6154.png,1
6155.png,1
6156.png,1
6157.png,0
6158.png,1
6159.png,1
6160.png,0
6161.png,0
6162.png,0
6163.png,0
6164.png,1
6165.png,1
6166.png,0
6167.png,1
6168.png,1
6169.png,0
6170.png,0
6171.png,0
6172.png,1
6173.png,0
6174.png,0
6175.png,0
6176.png,0
6177.png,0
6178.png,0
6179.png,1
6180.png,0
6181.png,0
6182.png,1
6183.png,1
6184.png,0
6185.png,0
6186.png,1
6187.png,0
6188.png,0
6189.png,1
6190.png,0
6191.png,1
6192.png,1
6193.png,1
6194.png,0
6195.png,1
6196.png,0
6197.png,0
6198.png,0
6199.png,1
6200.png,0
6201.png,1
6202.png,1
6203.png,0
6204.png,1
6205.png,0
6206.png,0
6207.png,1
6208.png,1
6209.png,1
6210.png,1
6211.png,0
6212.png,0
6213.png,0
6214.png,1
6215.png,1
6216.png,0
6217.png,1
6218.png,1
6219.png,0
6220.png,0
6221.png,1
6222.png,0
6223.png,1
6224.png,0
6225.png,1
6226.png,1
6227.png,0
6228.png,1
6229.png,0
6230.png,0
6231.png,0
6232.png,1
6233.png,0
6234.png,1
6235.png,1
6236.png,0
6237.png,1
6238.png,0
6239.png,1
6240.png,0
6241.png,1
6242.png,1
6243.png,1
6244.png,0
6245.png,0
6246.png,1
6247.png,1
6248.png,1
6249.png,0
6250.png,1
6251.png,0
6252.png,0
6253.png,0
6254.png,1
6255.png,1
6256.png,0
6257.png,0
6258.png,0
6259.png,0
6260.png,0
6261.png,0
6262.png,1
6263.png,1
6264.png,1
6265.png,1
6266.png,1
6267.png,1
6268.png,1
6269.png,0
6270.png,0
6271.png,0
6272.png,0
6273.png,0
6274.png,0
6275.png,0
6276.png,0
6277.png,0
6278.png,1
6279.png,1
6280.png,0
6281.png,1
6282.png,0
6283.png,1
6284.png,0
6285.png,1
6286.png,1
6287.png,0
6288.png,1
6289.png,1
6290.png,0
6291.png,1
6292.png,1
6293.png,1
6294.png,0
6295.png,0
6296.png,1
6297.png,1
6298.png,0
6299.png,0
6300.png,1
6301.png,0
6302.png,1
6303.png,0
6304.png,1
6305.png,1
6306.png,0
6307.png,0
6308.png,0
6309.png,0
6310.png,1
6311.png,0
6312.png,1
6313.png,0
6314.png,0
6315.png,1
6316.png,1
6317.png,1
6318.png,0
6319.png,1
6320.png,0
6321.png,0
6322.png,1
6323.png,0
6324.png,0
6325.png,1
6326.png,1
6327.png,1
6328.png,0
6329.png,0
6330.png,1
6331.png,1
6332.png,0
6333.png,0
6334.png,0
6335.png,0
6336.png,1
6337.png,0
6338.png,0
6339.png,1
6340.png,1
6341.png,1
6342.png,0
6343.png,0
6344.png,1
6345.png,1
6346.png,1
6347.png,1
6348.png,1
6349.png,0
6350.png,1
6351.png,0
6352.png,1
6353.png,0
6354.png,0
6355.png,0
6356.png,0
6357.png,1
6358.png,1
6359.png,0
6360.png,0
6361.png,0
6362.png,1
6363.png,0
6364.png,1
6365.png,0
6366.png,0
6367.png,1
6368.png,0
6369.png,1
6370.png,0
6371.png,1
6372.png,1
6373.png,0
6374.png,0
6375.png,1
6376.png,0
6377.png,1
6378.png,0
6379.png,0
6380.png,1
6381.png,1
6382.png,1
6383.png,1
6384.png,1
6385.png,1
6386.png,1
6387.png,1
6388.png,1
6389.png,0
6390.png,0
6391.png,0
6392.png,0
6393.png,0
6394.png,0
6395.png,0
6396.png,1
6397.png,1
6398.png,0
6399.png,1
6400.png,1
6401.png,1
6402.png,0
6403.png,0
6404.png,1
6405.png,1
6406.png,1
6407.png,0
6408.png,0
6409.png,1
6410.png,0
6411.png,0
6412.png,0
6413.png,1
6414.png,1
6415.png,0
6416.png,0
6417.png,0
6418.png,0
6419.png,1
6420.png,1
6421.png,1
6422.png,1
6423.png,1
6424.png,1
6425.png,0
6426.png,1
6427.png,1
6428.png,0
6429.png,1
6430.png,1
6431.png,0
6432.png,0
6433.png,1
6434.png,1
6435.png,0
6436.png,1
6437.png,0
6438.png,0
6439.png,1
6440.png,0
6441.png,1
6442.png,1
6443.png,1
6444.png,1
6445.png,0
6446.png,0
6447.png,0
6448.png,0
6449.png,1
6450.png,1
6451.png,1
6452.png,0
6453.png,1
6454.png,1
6455.png,1
6456.png,1
6457.png,1
6458.png,0
6459.png,0
6460.png,0
6461.png,1
6462.png,0
6463.png,1
6464.png,0
6465.png,0
6466.png,0
6467.png,1
6468.png,1
6469.png,1
6470.png,0
6471.png,0
6472.png,1
6473.png,1
6474.png,0
6475.png,0
6476.png,1
6477.png,1
6478.png,1
6479.png,1
6480.png,0
6481.png,1
6482.png,1
6483.png,1
6484.png,0
6485.png,0
6486.png,0
6487.png,0
6488.png,0
6489.png,0
6490.png,0
6491.png,0
6492.png,1
6493.png,0
6494.png,0
6495.png,0
6496.png,0
6497.png,1
6498.png,0
6499.png,1
6500.png,1
6501.png,1
6502.png,0
6503.png,1
6504.png,0
6505.png,1
6506.png,0
6507.png,1
6508.png,0
6509.png,1
6510.png,1
6511.png,0
6512.png,1
6513.png,0
6514.png,0
6515.png,1
6516.png,0
6517.png,0
6518.png,1
6519.png,1
6520.png,1
6521.png,1
6522.png,0
6523.png,1
6524.png,0
6525.png,0
6526.png,0
6527.png,0
6528.png,0
6529.png,0
6530.png,0
6531.png,1
6532.png,1
6533.png,0
6534.png,1
6535.png,1
6536.png,0
6537.png,1
6538.png,1
6539.png,1
6540.png,1
6541.png,1
6542.png,1
6543.png,0
6544.png,0
6545.png,1
6546.png,1
6547.png,0
6548.png,0
6549.png,0
6550.png,0
6551.png,0
6552.png,1
6553.png,1
6554.png,1
6555.png,1
6556.png,1
6557.png,0
6558.png,1
6559.png,0
6560.png,0
6561.png,1
6562.png,1
6563.png,0
6564.png,0
6565.png,1
6566.png,0
6567.png,0
6568.png,1
6569.png,1
6570.png,1
6571.png,1
6572.png,1
6573.png,0
6574.png,0
6575.png,1
6576.png,0
6577.png,0
6578.png,0
6579.png,0
6580.png,1
6581.png,0
6582.png,0
6583.png,0
6584.png,1
6585.png,0
6586.png,1
6587.png,1
6588.png,1
6589.png,1
6590.png,0
6591.png,0
6592.png,1
6593.png,1
6594.png,1
6595.png,0
6596.png,0
6597.png,0
6598.png,0
6599.png,0
6600.png,0
6601.png,0
6602.png,1
6603.png,1
6604.png,1
6605.png,1
6606.png,1
6607.png,0
6608.png,0
6609.png,0
6610.png,1
6611.png,0
6612.png,1
6613.png,0
6614.png,1
6615.png,0
6616.png,0
6617.png,1
6618.png,0
6619.png,1
6620.png,0
6621.png,0
6622.png,1
6623.png,0
6624.png,1
6625.png,0
6626.png,0
6627.png,1
6628.png,1
6629.png,0
6630.png,0
6631.png,0
6632.png,1
6633.png,1
6634.png,0
6635.png,1
6636.png,0
6637.png,0
6638.png,1
6639.png,0
6640.png,0
6641.png,1
6642.png,0
6643.png,1
6644.png,0
6645.png,0
6646.png,0
6647.png,1
6648.png,1
6649.png,0
6650.png,0
6651.png,1
6652.png,1
6653.png,1
6654.png,1
6655.png,1
6656.png,0
6657.png,0
6658.png,0
6659.png,0
6660.png,0
6661.png,0
6662.png,1
6663.png,1
6664.png,0
6665.png,0
6666.png,1
6667.png,0
6668.png,0
6669.png,0
6670.png,0
6671.png,1
6672.png,1
6673.png,0
6674.png,0
6675.png,0
6676.png,0
6677.png,0
6678.png,1
6679.png,1
6680.png,1
6681.png,0
6682.png,1
6683.png,0
6684.png,0
6685.png,0
6686.png,0
6687.png,1
6688.png,1
6689.png,0
6690.png,1
6691.png,0
6692.png,1
6693.png,1
6694.png,0
6695.png,1
6696.png,1
6697.png,0
6698.png,1
6699.png,0
6700.png,0
6701.png,0
6702.png,1
6703.png,0
6704.png,1
6705.png,1
6706.png,0
6707.png,1
6708.png,0
6709.png,0
6710.png,0
6711.png,1
6712.png,1
6713.png,0
6714.png,0
6715.png,0
6716.png,1
6717.png,1
6718.png,1
6719.png,1
6720.png,1
6721.png,0
6722.png,1
6723.png,0
6724.png,0
6725.png,1
6726.png,0
6727.png,0
6728.png,0
6729.png,0
6730.png,1
6731.png,0
6732.png,0
6733.png,1
6734.png,0
6735.png,0
6736.png,0
6737.png,0
6738.png,0
6739.png,1
6740.png,0
6741.png,1
6742.png,0
6743.png,0
6744.png,1
6745.png,1
6746.png,1
6747.png,0
6748.png,1
6749.png,1
6750.png,1
6751.png,1
6752.png,1
6753.png,0
6754.png,0
6755.png,1
6756.png,0
6757.png,0
6758.png,1
6759.png,1
6760.png,1
6761.png,1
6762.png,0
6763.png,1
6764.png,1
6765.png,1
6766.png,1
6767.png,0
6768.png,1
6769.png,1
6770.png,1
6771.png,1
6772.png,1
6773.png,1
6774.png,0
6775.png,0
6776.png,0
6777.png,0
6778.png,1
6779.png,1
6780.png,1
6781.png,1
6782.png,1
6783.png,1
6784.png,1
6785.png,0
6786.png,0
6787.png,1
6788.png,0
6789.png,1
6790.png,0
6791.png,1
6792.png,0
6793.png,0
6794.png,1
6795.png,0
6796.png,1
6797.png,0
6798.png,0
6799.png,1
6800.png,0
6801.png,0
6802.png,0
6803.png,0
6804.png,1
6805.png,0
6806.png,1
6807.png,1
6808.png,1
6809.png,1
6810.png,0
6811.png,0
6812.png,0
6813.png,0
6814.png,1
6815.png,0
6816.png,0
6817.png,1
6818.png,0
6819.png,1
6820.png,1
6821.png,1
6822.png,1
6823.png,0
6824.png,0
6825.png,0
6826.png,1
6827.png,0
6828.png,0
6829.png,0
6830.png,1
6831.png,0
6832.png,1
6833.png,1
6834.png,1
6835.png,1
6836.png,0
6837.png,1
6838.png,1
6839.png,1
6840.png,0
6841.png,1
6842.png,0
6843.png,0
6844.png,0
6845.png,0
6846.png,0
6847.png,0
6848.png,1
6849.png,0
6850.png,0
6851.png,1
6852.png,1
6853.png,1
6854.png,0
6855.png,1
6856.png,1
6857.png,0
6858.png,1
6859.png,1
6860.png,0
6861.png,0
6862.png,0
6863.png,1
6864.png,1
6865.png,0
6866.png,0
6867.png,0
6868.png,1
6869.png,1
6870.png,0
6871.png,1
6872.png,1
6873.png,1
6874.png,0
6875.png,1
6876.png,1
6877.png,1
6878.png,0
6879.png,0
6880.png,0
6881.png,0
6882.png,0
6883.png,1
6884.png,0
6885.png,0
6886.png,1
6887.png,1
6888.png,1
6889.png,1
6890.png,0
6891.png,0
6892.png,1
6893.png,0
6894.png,0
6895.png,1
6896.png,1
6897.png,0
6898.png,1
6899.png,1
6900.png,0
6901.png,1
6902.png,1
6903.png,0
6904.png,0
6905.png,0
6906.png,0
6907.png,1
6908.png,0
6909.png,0
6910.png,0
6911.png,1
6912.png,1
6913.png,0
6914.png,1
6915.png,0
6916.png,1
6917.png,0
6918.png,0
6919.png,1
6920.png,1
6921.png,1
6922.png,0
6923.png,1
6924.png,0
6925.png,1
6926.png,0
6927.png,1
6928.png,0
6929.png,0
6930.png,0
6931.png,1
6932.png,0
6933.png,1
6934.png,1
6935.png,1
6936.png,0
6937.png,0
6938.png,1
6939.png,1
6940.png,0
6941.png,0
6942.png,0
6943.png,1
6944.png,1
6945.png,1
6946.png,1
6947.png,1
6948.png,1
6949.png,0
6950.png,1
6951.png,1
6952.png,0
6953.png,0
6954.png,0
6955.png,0
6956.png,1
6957.png,1
6958.png,1
6959.png,1
6960.png,0
6961.png,1
6962.png,0
6963.png,0
6964.png,1
6965.png,0
6966.png,0
6967.png,1
6968.png,1
6969.png,0
6970.png,0
6971.png,1
6972.png,0
6973.png,0
6974.png,0
6975.png,1
6976.png,0
6977.png,0
6978.png,0
6979.png,1
6980.png,1
6981.png,0
6982.png,0
6983.png,0
6984.png,1
6985.png,0
6986.png,0
6987.png,1
6988.png,1
6989.png,1
6990.png,0
6991.png,1
6992.png,0
6993.png,1
6994.png,0
6995.png,0
6996.png,1
6997.png,0
6998.png,0
6999.png,0
7000.png,1
7001.png,1
7002.png,0
7003.png,0
7004.png,0
7005.png,1
7006.png,0
7007.png,0
7008.png,0
7009.png,0
7010.png,1
7011.png,1
7012.png,1
7013.png,1
7014.png,0
7015.png,0
7016.png,0
7017.png,1
7018.png,1
7019.png,1
7020.png,1
7021.png,0
7022.png,0
7023.png,0
7024.png,0
7025.png,0
7026.png,0
7027.png,0
7028.png,0
7029.png,0
7030.png,0
7031.png,1
7032.png,0
7033.png,0
7034.png,0
7035.png,1
7036.png,1
7037.png,0
7038.png,1
7039.png,1
7040.png,0
7041.png,0
7042.png,0
7043.png,0
7044.png,0
7045.png,1
7046.png,0
7047.png,0
7048.png,1
7049.png,1
7050.png,1
7051.png,0
7052.png,0
7053.png,1
7054.png,1
7055.png,1
7056.png,1
7057.png,1
7058.png,0
7059.png,0
7060.png,1
7061.png,0
7062.png,1
7063.png,1
7064.png,1
7065.png,1
7066.png,1
7067.png,0
7068.png,1
7069.png,0
7070.png,1
7071.png,1
7072.png,1
7073.png,1
7074.png,1
7075.png,0
7076.png,1
7077.png,0
7078.png,0
7079.png,0
7080.png,1
7081.png,0
7082.png,1
7083.png,0
7084.png,1
7085.png,1
7086.png,1
7087.png,1
7088.png,0
7089.png,1
7090.png,0
7091.png,0
7092.png,0
7093.png,1
7094.png,1
7095.png,0
7096.png,1
7097.png,1
7098.png,0
7099.png,0
7100.png,0
7101.png,1
7102.png,1
7103.png,0
7104.png,0
7105.png,0
7106.png,1
7107.png,1
7108.png,1
7109.png,1
7110.png,1
7111.png,0
7112.png,1
7113.png,1
7114.png,0
7115.png,0
7116.png,0
7117.png,1
7118.png,1
7119.png,1
7120.png,0
7121.png,1
7122.png,1
7123.png,0
7124.png,0
7125.png,0
7126.png,1
7127.png,1
7128.png,1
7129.png,1
7130.png,0
7131.png,1
7132.png,1
7133.png,0
7134.png,0
7135.png,0
7136.png,1
7137.png,0
7138.png,0
7139.png,0
7140.png,0
7141.png,1
7142.png,0
7143.png,1
7144.png,0
7145.png,1
7146.png,1
7147.png,1
7148.png,1
7149.png,0
7150.png,1
7151.png,0
7152.png,0
7153.png,1
7154.png,1
7155.png,0
7156.png,1
7157.png,1
7158.png,1
7159.png,0
7160.png,0
7161.png,0
7162.png,1
7163.png,1
7164.png,0
7165.png,0
7166.png,1
7167.png,0
7168.png,1
7169.png,1
7170.png,0
7171.png,0
7172.png,1
7173.png,0
7174.png,1
7175.png,1
7176.png,1
7177.png,1
7178.png,0
7179.png,1
7180.png,1
7181.png,0
7182.png,1
7183.png,1
7184.png,0
7185.png,1
7186.png,0
7187.png,0
7188.png,0
7189.png,0
7190.png,0
7191.png,1
7192.png,1
7193.png,1
7194.png,0
7195.png,0
7196.png,0
7197.png,0
7198.png,0
7199.png,1
7200.png,1
7201.png,0
7202.png,0
7203.png,1
7204.png,0
7205.png,1
7206.png,0
7207.png,0
7208.png,1
7209.png,0
7210.png,0
7211.png,0
7212.png,0
7213.png,0
7214.png,0
7215.png,1
7216.png,0
7217.png,0
7218.png,0
7219.png,1
7220.png,1
7221.png,0
7222.png,1
7223.png,0
7224.png,1
7225.png,0
7226.png,0
7227.png,1
7228.png,1
7229.png,0
7230.png,0
7231.png,0
7232.png,0
7233.png,0
7234.png,1
7235.png,0
7236.png,0
7237.png,0
7238.png,1
7239.png,0
7240.png,1
7241.png,0
7242.png,0
7243.png,1
7244.png,0
7245.png,0
7246.png,1
7247.png,1
7248.png,0
7249.png,1
7250.png,0
7251.png,0
7252.png,1
7253.png,0
7254.png,1
7255.png,0
7256.png,1
7257.png,0
7258.png,0
7259.png,1
7260.png,0
7261.png,1
7262.png,1
7263.png,0
7264.png,0
7265.png,1
7266.png,0
7267.png,1
7268.png,1
7269.png,0
7270.png,0
7271.png,1
7272.png,1
7273.png,0
7274.png,1
7275.png,0
7276.png,0
7277.png,0
7278.png,0
7279.png,1
7280.png,0
7281.png,1
7282.png,0
7283.png,0
7284.png,1
7285.png,1
7286.png,0
7287.png,1
7288.png,1
7289.png,1
7290.png,0
7291.png,0
7292.png,1
7293.png,1
7294.png,0
7295.png,1
7296.png,0
7297.png,0
7298.png,0
7299.png,1
7300.png,1
7301.png,1
7302.png,0
7303.png,1
7304.png,0
7305.png,1
7306.png,1
7307.png,1
7308.png,0
7309.png,1
7310.png,1
7311.png,0
7312.png,0
7313.png,0
7314.png,1
7315.png,1
7316.png,1
7317.png,0
7318.png,0
7319.png,1
7320.png,0
7321.png,1
7322.png,1
7323.png,1
7324.png,1
7325.png,0
7326.png,1
7327.png,0
7328.png,1
7329.png,0
7330.png,0
7331.png,1
7332.png,1
7333.png,1
7334.png,0
7335.png,0
7336.png,0
7337.png,1
7338.png,0
7339.png,0
7340.png,0
7341.png,0
7342.png,1
7343.png,1
7344.png,1
7345.png,0
7346.png,1
7347.png,0
7348.png,0
7349.png,1
7350.png,1
7351.png,0
7352.png,1
7353.png,0
7354.png,1
7355.png,1
7356.png,0
7357.png,0
7358.png,0
7359.png,0
7360.png,0
7361.png,0
7362.png,0
7363.png,0
7364.png,1
7365.png,1
7366.png,1
7367.png,1
7368.png,1
7369.png,0
7370.png,1
7371.png,0
7372.png,1
7373.png,0
7374.png,0
7375.png,0
7376.png,1
7377.png,1
7378.png,1
7379.png,0
7380.png,0
7381.png,0
7382.png,1
7383.png,1
7384.png,0
7385.png,0
7386.png,1
7387.png,1
7388.png,0
7389.png,1
7390.png,0
7391.png,0
7392.png,0
7393.png,1
7394.png,0
7395.png,1
7396.png,0
7397.png,0
7398.png,0
7399.png,1
7400.png,0
7401.png,1
7402.png,1
7403.png,1
7404.png,1
7405.png,1
7406.png,1
7407.png,1
7408.png,1
7409.png,1
7410.png,0
7411.png,0
7412.png,0
7413.png,0
7414.png,1
7415.png,1
7416.png,1
7417.png,0
7418.png,0
7419.png,0
7420.png,1
7421.png,0
7422.png,1
7423.png,0
7424.png,1
7425.png,0
7426.png,0
7427.png,1
7428.png,1
7429.png,1
7430.png,0
7431.png,0
7432.png,0
7433.png,0
7434.png,1
7435.png,0
7436.png,0
7437.png,0
7438.png,0
7439.png,1
7440.png,1
7441.png,1
7442.png,0
7443.png,1
7444.png,1
7445.png,1
7446.png,1
7447.png,1
7448.png,1
7449.png,1
7450.png,0
7451.png,1
7452.png,1
7453.png,1
7454.png,0
7455.png,1
7456.png,0
7457.png,1
7458.png,0
7459.png,1
7460.png,1
7461.png,0
7462.png,1
7463.png,1
7464.png,1
7465.png,1
7466.png,0
7467.png,1
7468.png,0
7469.png,0
7470.png,0
7471.png,0
7472.png,0
7473.png,0
7474.png,0
7475.png,1
7476.png,0
7477.png,1
7478.png,0
7479.png,1
7480.png,1
7481.png,0
7482.png,0
7483.png,0
7484.png,1
7485.png,0
7486.png,1
7487.png,0
7488.png,0
7489.png,0
7490.png,1
7491.png,1
7492.png,1
7493.png,1
7494.png,1
7495.png,0
7496.png,0
7497.png,1
7498.png,1
7499.png,0
7500.png,1
7501.png,0
7502.png,1
7503.png,0
7504.png,0
7505.png,1
7506.png,0
7507.png,1
7508.png,1
7509.png,1
7510.png,1
7511.png,0
7512.png,1
7513.png,1
7514.png,0
7515.png,0
7516.png,1
7517.png,0
7518.png,1
7519.png,0
7520.png,1
7521.png,1
7522.png,0
7523.png,0
7524.png,0
7525.png,0
7526.png,0
7527.png,0
7528.png,1
7529.png,1
7530.png,0
7531.png,0
7532.png,0
7533.png,0
7534.png,0
7535.png,1
7536.png,1
7537.png,1
7538.png,1
7539.png,1
7540.png,1
7541.png,0
7542.png,1
7543.png,0
7544.png,1
7545.png,1
7546.png,0
7547.png,0
7548.png,1
7549.png,0
7550.png,0
7551.png,0
7552.png,0
7553.png,0
7554.png,1
7555.png,0
7556.png,1
7557.png,0
7558.png,1
7559.png,1
7560.png,0
7561.png,1
7562.png,1
7563.png,0
7564.png,1
7565.png,0
7566.png,1
7567.png,1
7568.png,0
7569.png,1
7570.png,0
7571.png,0
7572.png,0
7573.png,1
7574.png,0
7575.png,0
7576.png,0
7577.png,0
7578.png,0
7579.png,0
7580.png,1
7581.png,0
7582.png,1
7583.png,1
7584.png,1
7585.png,0
7586.png,0
7587.png,1
7588.png,0
7589.png,0
7590.png,0
7591.png,0
7592.png,1
7593.png,0
7594.png,0
7595.png,1
7596.png,1
7597.png,0
7598.png,0
7599.png,0
7600.png,0
7601.png,0
7602.png,1
7603.png,0
7604.png,0
7605.png,1
7606.png,0
7607.png,0
7608.png,1
7609.png,0
7610.png,1
7611.png,1
7612.png,0
7613.png,0
7614.png,0
7615.png,0
7616.png,0
7617.png,0
7618.png,1
7619.png,0
7620.png,1
7621.png,1
7622.png,0
7623.png,0
7624.png,1
7625.png,0
7626.png,1
7627.png,1
7628.png,1
7629.png,0
7630.png,1
7631.png,1
7632.png,1
7633.png,1
7634.png,0
7635.png,0
7636.png,1
7637.png,1
7638.png,1
7639.png,0
7640.png,1
7641.png,1
7642.png,1
7643.png,0
7644.png,0
7645.png,1
7646.png,0
7647.png,1
7648.png,0
7649.png,1
7650.png,1
7651.png,0
7652.png,1
7653.png,0
7654.png,0
7655.png,0
7656.png,0
7657.png,0
7658.png,1
7659.png,1
7660.png,0
7661.png,1
7662.png,1
7663.png,1
7664.png,1
7665.png,0
7666.png,0
7667.png,0
7668.png,0
7669.png,0
7670.png,1
7671.png,0
7672.png,0
7673.png,1
7674.png,1
7675.png,0
7676.png,1
7677.png,1
7678.png,1
7679.png,0
7680.png,0
7681.png,0
7682.png,0
7683.png,0
7684.png,1
7685.png,1
7686.png,1
7687.png,0
7688.png,1
7689.png,1
7690.png,1
7691.png,0
7692.png,0
7693.png,0
7694.png,0
7695.png,0
7696.png,1
7697.png,1
7698.png,1
7699.png,0
7700.png,0
7701.png,1
7702.png,1
7703.png,1
7704.png,1
7705.png,0
7706.png,0
7707.png,1
7708.png,0
7709.png,1
7710.png,1
7711.png,0
7712.png,0
7713.png,1
7714.png,1
7715.png,0
7716.png,0
7717.png,1
7718.png,1
7719.png,1
7720.png,0
7721.png,1
7722.png,0
7723.png,1
7724.png,0
7725.png,0
7726.png,1
7727.png,1
7728.png,1
7729.png,1
7730.png,1
7731.png,0
7732.png,1
7733.png,0
7734.png,1
7735.png,0
7736.png,1
7737.png,1
7738.png,0
7739.png,1
7740.png,1
7741.png,0
7742.png,0
7743.png,1
7744.png,0
7745.png,0
7746.png,1
7747.png,1
7748.png,1
7749.png,1
7750.png,1
7751.png,0
7752.png,0
7753.png,0
7754.png,1
7755.png,1
7756.png,0
7757.png,0
7758.png,0
7759.png,1
7760.png,0
7761.png,0
7762.png,0
7763.png,1
7764.png,0
7765.png,1
7766.png,1
7767.png,1
7768.png,1
7769.png,1
7770.png,0
7771.png,0
7772.png,0
7773.png,0
7774.png,1
7775.png,0
7776.png,1
7777.png,0
7778.png,1
7779.png,1
7780.png,1
7781.png,1
7782.png,0
7783.png,0
7784.png,0
7785.png,1
7786.png,1
7787.png,1
7788.png,1
7789.png,0
7790.png,0
7791.png,1
7792.png,0
7793.png,0
7794.png,0
7795.png,0
7796.png,0
7797.png,1
7798.png,1
7799.png,0
7800.png,1
7801.png,0
7802.png,0
7803.png,0
7804.png,1
7805.png,0
7806.png,0
7807.png,0
7808.png,1
7809.png,1
7810.png,0
7811.png,1
7812.png,0
7813.png,0
7814.png,1
7815.png,0
7816.png,1
7817.png,0
7818.png,1
7819.png,1
7820.png,1
7821.png,1
7822.png,1
7823.png,0
7824.png,0
7825.png,0
7826.png,1
7827.png,1
7828.png,1
7829.png,1
7830.png,1
7831.png,0
7832.png,0
7833.png,1
7834.png,0
7835.png,0
7836.png,1
7837.png,0
7838.png,0
7839.png,0
7840.png,1
7841.png,1
7842.png,1
7843.png,0
7844.png,0
7845.png,0
7846.png,0
7847.png,0
7848.png,1
7849.png,1
7850.png,0
7851.png,0
7852.png,0
7853.png,1
7854.png,0
7855.png,0
7856.png,1
7857.png,0
7858.png,1
7859.png,1
7860.png,1
7861.png,1
7862.png,1
7863.png,0
7864.png,1
7865.png,0
7866.png,1
7867.png,0
7868.png,1
7869.png,1
7870.png,0
7871.png,1
7872.png,0
7873.png,1
7874.png,1
7875.png,1
7876.png,0
7877.png,1
7878.png,0
7879.png,1
7880.png,0
7881.png,1
7882.png,0
7883.png,0
7884.png,0
7885.png,0
7886.png,1
7887.png,1
7888.png,1
7889.png,1
7890.png,0
7891.png,1
7892.png,0
7893.png,1
7894.png,1
7895.png,0
7896.png,1
7897.png,0
7898.png,0
7899.png,0
7900.png,0
7901.png,0
7902.png,0
7903.png,0
7904.png,1
7905.png,0
7906.png,1
7907.png,1
7908.png,0
7909.png,1
7910.png,1
7911.png,1
7912.png,0
7913.png,0
7914.png,0
7915.png,0
7916.png,0
7917.png,1
7918.png,1
7919.png,0
7920.png,1
7921.png,0
7922.png,1
7923.png,0
7924.png,0
7925.png,0
7926.png,0
7927.png,0
7928.png,1
7929.png,1
7930.png,1
7931.png,1
7932.png,1
7933.png,0
7934.png,1
7935.png,0
7936.png,0
7937.png,0
7938.png,1
7939.png,1
7940.png,1
7941.png,0
7942.png,1
7943.png,0
7944.png,1
7945.png,1
7946.png,0
7947.png,0
7948.png,1
7949.png,1
7950.png,1
7951.png,1
7952.png,1
7953.png,0
7954.png,1
7955.png,0
7956.png,0
7957.png,1
7958.png,0
7959.png,1
7960.png,0
7961.png,0
7962.png,1
7963.png,0
7964.png,1
7965.png,0
7966.png,1
7967.png,0
7968.png,1
7969.png,0
7970.png,0
7971.png,1
7972.png,0
7973.png,0
7974.png,0
7975.png,0
7976.png,1
7977.png,0
7978.png,1
7979.png,0
7980.png,1
7981.png,0
7982.png,1
7983.png,0
7984.png,1
7985.png,1
7986.png,1
7987.png,0
7988.png,1
7989.png,1
7990.png,1
7991.png,0
7992.png,0
7993.png,1
7994.png,0
7995.png,0
7996.png,0
7997.png,0
7998.png,0
7999.png,1
8000.png,1
8001.png,1
8002.png,1
8003.png,1
8004.png,0
8005.png,1
8006.png,0
8007.png,0
8008.png,1
8009.png,1
8010.png,0
8011.png,0
8012.png,1
8013.png,0
8014.png,1
8015.png,0
8016.png,0
8017.png,1
8018.png,1
8019.png,0
8020.png,0
8021.png,1
8022.png,0
8023.png,1
8024.png,0
8025.png,0
8026.png,0
8027.png,0
8028.png,1
8029.png,0
8030.png,1
8031.png,0
8032.png,1
8033.png,0
8034.png,1
8035.png,0
8036.png,0
8037.png,1
8038.png,0
8039.png,1
8040.png,0
8041.png,1
8042.png,1
8043.png,0
8044.png,0
8045.png,0
8046.png,1
8047.png,0
8048.png,0
8049.png,1
8050.png,0
8051.png,0
8052.png,1
8053.png,1
8054.png,1
8055.png,0
8056.png,0
8057.png,1
8058.png,0
8059.png,1
8060.png,1
8061.png,0
8062.png,1
8063.png,0
8064.png,1
8065.png,0
8066.png,1
8067.png,0
8068.png,1
8069.png,0
8070.png,1
8071.png,1
8072.png,1
8073.png,0
8074.png,0
8075.png,1
8076.png,1
8077.png,1
8078.png,0
8079.png,0
8080.png,0
8081.png,0
8082.png,0
8083.png,0
8084.png,0
8085.png,0
8086.png,0
8087.png,1
8088.png,0
8089.png,0
8090.png,0
8091.png,1
8092.png,1
8093.png,0
8094.png,1
8095.png,1
8096.png,0
8097.png,1
8098.png,0
8099.png,1
8100.png,1
8101.png,0
8102.png,1
8103.png,1
8104.png,0
8105.png,0
8106.png,1
8107.png,0
8108.png,0
8109.png,1
8110.png,0
8111.png,0
8112.png,1
8113.png,1
8114.png,1
8115.png,1
8116.png,1
8117.png,1
8118.png,0
8119.png,0
8120.png,1
8121.png,1
8122.png,1
8123.png,0
8124.png,0
8125.png,1
8126.png,0
8127.png,0
8128.png,1
8129.png,1
8130.png,1
8131.png,0
8132.png,1
8133.png,1
8134.png,1
8135.png,0
8136.png,1
8137.png,1
8138.png,0
8139.png,0
8140.png,0
8141.png,0
8142.png,1
8143.png,0
8144.png,1
8145.png,0
8146.png,0
8147.png,1
8148.png,0
8149.png,0
8150.png,0
8151.png,0
8152.png,1
8153.png,0
8154.png,1
8155.png,1
8156.png,1
8157.png,1
8158.png,0
8159.png,1
8160.png,1
8161.png,1
8162.png,0
8163.png,0
8164.png,0
8165.png,0
8166.png,1
8167.png,0
8168.png,1
8169.png,1
8170.png,1
8171.png,0
8172.png,0
8173.png,1
8174.png,0
8175.png,0
8176.png,1
8177.png,0
8178.png,1
8179.png,1
8180.png,0
8181.png,0
8182.png,1
8183.png,0
8184.png,1
8185.png,1
8186.png,0
8187.png,0
8188.png,0
8189.png,0
8190.png,0
8191.png,1
8192.png,1
8193.png,0
8194.png,1
8195.png,1
8196.png,1
8197.png,0
8198.png,1
8199.png,0
8200.png,0
8201.png,0
8202.png,1
8203.png,1
8204.png,1
8205.png,1
8206.png,1
8207.png,1
8208.png,0
8209.png,0
8210.png,0
8211.png,1
8212.png,1
8213.png,0
8214.png,0
8215.png,1
8216.png,0
8217.png,1
8218.png,1
8219.png,1
8220.png,1
8221.png,1
8222.png,0
8223.png,1
8224.png,1
8225.png,1
8226.png,0
8227.png,0
8228.png,1
8229.png,0
8230.png,1
8231.png,1
8232.png,0
8233.png,0
8234.png,0
8235.png,0
8236.png,0
8237.png,1
8238.png,1
8239.png,1
8240.png,0
8241.png,0
8242.png,0
8243.png,0
8244.png,1
8245.png,0
8246.png,0
8247.png,1
8248.png,1
8249.png,1
8250.png,0
8251.png,1
8252.png,0
8253.png,1
8254.png,0
8255.png,0
8256.png,1
8257.png,1
8258.png,1
8259.png,1
8260.png,1
8261.png,1
8262.png,0
8263.png,0
8264.png,0
8265.png,0
8266.png,1
8267.png,0
8268.png,0
8269.png,0
8270.png,1
8271.png,1
8272.png,1
8273.png,1
8274.png,0
8275.png,0
8276.png,0
8277.png,0
8278.png,1
8279.png,1
8280.png,0
8281.png,1
8282.png,1
8283.png,1
8284.png,1
8285.png,1
8286.png,1
8287.png,1
8288.png,1
8289.png,1
8290.png,0
8291.png,0
8292.png,1
8293.png,1
8294.png,0
8295.png,0
8296.png,1
8297.png,1
8298.png,0
8299.png,0
8300.png,1
8301.png,1
8302.png,0
8303.png,1
8304.png,1
8305.png,0
8306.png,0
8307.png,0
8308.png,1
8309.png,0
8310.png,1
8311.png,1
8312.png,0
8313.png,1
8314.png,0
8315.png,0
8316.png,0
8317.png,1
8318.png,1
8319.png,1
8320.png,0
8321.png,0
8322.png,0
8323.png,0
8324.png,0
8325.png,1
8326.png,1
8327.png,0
8328.png,1
8329.png,0
8330.png,0
8331.png,1
8332.png,0
8333.png,0
8334.png,0
8335.png,1
8336.png,0
8337.png,1
8338.png,0
8339.png,0
8340.png,0
8341.png,0
8342.png,0
8343.png,0
8344.png,0
8345.png,0
8346.png,0
8347.png,0
8348.png,0
8349.png,0
8350.png,0
8351.png,1
8352.png,1
8353.png,1
8354.png,1
8355.png,0
8356.png,1
8357.png,1
8358.png,1
8359.png,1
8360.png,1
8361.png,0
8362.png,0
8363.png,0
8364.png,0
8365.png,1
8366.png,0
8367.png,1
8368.png,0
8369.png,0
8370.png,1
8371.png,0
8372.png,1
8373.png,1
8374.png,1
8375.png,1
8376.png,1
8377.png,0
8378.png,1
8379.png,1
8380.png,0
8381.png,1
8382.png,0
8383.png,1
8384.png,1
8385.png,1
8386.png,0
8387.png,0
8388.png,1
8389.png,0
8390.png,0
8391.png,0
8392.png,0
8393.png,1
8394.png,1
8395.png,1
8396.png,0
8397.png,0
8398.png,1
8399.png,0
8400.png,0
8401.png,1
8402.png,1
8403.png,1
8404.png,0
8405.png,0
8406.png,1
8407.png,1
8408.png,1
8409.png,0
8410.png,1
8411.png,0
8412.png,0
8413.png,1
8414.png,1
8415.png,1
8416.png,0
8417.png,1
8418.png,0
8419.png,0
8420.png,0
8421.png,1
8422.png,1
8423.png,1
8424.png,0
8425.png,0
8426.png,1
8427.png,0
8428.png,1
8429.png,1
8430.png,0
8431.png,1
8432.png,0
8433.png,0
8434.png,0
8435.png,0
8436.png,0
8437.png,1
8438.png,1
8439.png,1
8440.png,1
8441.png,0
8442.png,1
8443.png,0
8444.png,0
8445.png,1
8446.png,0
8447.png,0
8448.png,0
8449.png,0
8450.png,0
8451.png,0
8452.png,0
8453.png,0
8454.png,1
8455.png,0
8456.png,0
8457.png,1
8458.png,0
8459.png,0
8460.png,1
8461.png,1
8462.png,0
8463.png,0
8464.png,0
8465.png,1
8466.png,0
8467.png,1
8468.png,0
8469.png,0
8470.png,0
8471.png,1
8472.png,0
8473.png,1
8474.png,0
8475.png,0
8476.png,0
8477.png,0
8478.png,0
8479.png,0
8480.png,1
8481.png,0
8482.png,0
8483.png,0
8484.png,1
8485.png,0
8486.png,0
8487.png,0
8488.png,1
8489.png,1
8490.png,0
8491.png,0
8492.png,0
8493.png,0
8494.png,0
8495.png,0
8496.png,0
8497.png,1
8498.png,1
8499.png,0
8500.png,1
8501.png,1
8502.png,1
8503.png,1
8504.png,0
8505.png,1
8506.png,1
8507.png,1
8508.png,1
8509.png,1
8510.png,1
8511.png,0
8512.png,1
8513.png,0
8514.png,0
8515.png,0
8516.png,0
8517.png,1
8518.png,0
8519.png,0
8520.png,1
8521.png,0
8522.png,1
8523.png,1
8524.png,1
8525.png,1
8526.png,0
8527.png,0
8528.png,0
8529.png,0
8530.png,0
8531.png,1
8532.png,1
8533.png,0
8534.png,0
8535.png,1
8536.png,0
8537.png,1
8538.png,1
8539.png,1
8540.png,0
8541.png,0
8542.png,1
8543.png,0
8544.png,0
8545.png,0
8546.png,0
8547.png,0
8548.png,0
8549.png,1
8550.png,0
8551.png,0
8552.png,0
8553.png,0
8554.png,0
8555.png,0
8556.png,1
8557.png,1
8558.png,1
8559.png,0
8560.png,0
8561.png,1
8562.png,0
8563.png,0
8564.png,1
8565.png,1
8566.png,0
8567.png,0
8568.png,1
8569.png,1
8570.png,1
8571.png,0
8572.png,0
8573.png,1
8574.png,0
8575.png,1
8576.png,0
8577.png,1
8578.png,1
8579.png,0
8580.png,0
8581.png,0
8582.png,1
8583.png,0
8584.png,0
8585.png,1
8586.png,0
8587.png,0
8588.png,0
8589.png,0
8590.png,0
8591.png,0
8592.png,0
8593.png,1
8594.png,1
8595.png,0
8596.png,0
8597.png,1
8598.png,0
8599.png,0
8600.png,0
8601.png,0
8602.png,1
8603.png,0
8604.png,0
8605.png,0
8606.png,0
8607.png,1
8608.png,1
8609.png,0
8610.png,0
8611.png,0
8612.png,0
8613.png,0
8614.png,0
8615.png,1
8616.png,1
8617.png,1
8618.png,0
8619.png,0
8620.png,1
8621.png,0
8622.png,0
8623.png,0
8624.png,0
8625.png,0
8626.png,1
8627.png,1
8628.png,1
8629.png,0
8630.png,1
8631.png,1
8632.png,0
8633.png,1
8634.png,0
8635.png,1
8636.png,0
8637.png,1
8638.png,0
8639.png,1
8640.png,1
8641.png,1
8642.png,0
8643.png,1
8644.png,0
8645.png,1
8646.png,0
8647.png,1
8648.png,0
8649.png,1
8650.png,1
8651.png,1
8652.png,0
8653.png,0
8654.png,0
8655.png,1
8656.png,0
8657.png,1
8658.png,1
8659.png,0
8660.png,0
8661.png,0
8662.png,0
8663.png,0
8664.png,0
8665.png,1
8666.png,1
8667.png,1
8668.png,0
8669.png,0
8670.png,1
8671.png,1
8672.png,1
8673.png,0
8674.png,0
8675.png,0
8676.png,1
8677.png,0
8678.png,1
8679.png,0
8680.png,1
8681.png,0
8682.png,1
8683.png,0
8684.png,1
8685.png,1
8686.png,1
8687.png,0
8688.png,0
8689.png,0
8690.png,1
8691.png,0
8692.png,0
8693.png,0
8694.png,0
8695.png,1
8696.png,0
8697.png,1
8698.png,0
8699.png,0
8700.png,0
8701.png,1
8702.png,1
8703.png,1
8704.png,1
8705.png,0
8706.png,1
8707.png,0
8708.png,0
8709.png,0
8710.png,1
8711.png,1
8712.png,0
8713.png,1
8714.png,0
8715.png,0
8716.png,0
8717.png,0
8718.png,1
8719.png,1
8720.png,0
8721.png,1
8722.png,0
8723.png,0
8724.png,0
8725.png,0
8726.png,1
8727.png,1
8728.png,0
8729.png,1
8730.png,0
8731.png,1
8732.png,1
8733.png,1
8734.png,0
8735.png,1
8736.png,0
8737.png,1
8738.png,1
8739.png,1
8740.png,1
8741.png,1
8742.png,0
8743.png,0
8744.png,1
8745.png,0
8746.png,0
8747.png,1
8748.png,1
8749.png,1
8750.png,0
8751.png,0
8752.png,0
8753.png,1
8754.png,1
8755.png,0
8756.png,0
8757.png,0
8758.png,1
8759.png,0
8760.png,1
8761.png,0
8762.png,0
8763.png,0
8764.png,1
8765.png,1
8766.png,0
8767.png,0
8768.png,1
8769.png,0
8770.png,1
8771.png,1
8772.png,0
8773.png,1
8774.png,0
8775.png,0
8776.png,0
8777.png,0
8778.png,0
8779.png,0
8780.png,0
8781.png,1
8782.png,1
8783.png,1
8784.png,0
8785.png,1
8786.png,0
8787.png,1
8788.png,0
8789.png,0
8790.png,1
8791.png,1
8792.png,0
8793.png,0
8794.png,1
8795.png,0
8796.png,1
8797.png,1
8798.png,1
8799.png,1
8800.png,1
8801.png,0
8802.png,1
8803.png,0
8804.png,0
8805.png,1
8806.png,0
8807.png,0
8808.png,1
8809.png,0
8810.png,0
8811.png,0
8812.png,1
8813.png,1
8814.png,0
8815.png,0
8816.png,1
8817.png,1
8818.png,0
8819.png,0
8820.png,1
8821.png,1
8822.png,0
8823.png,0
8824.png,1
8825.png,0
8826.png,0
8827.png,0
8828.png,0
8829.png,1
8830.png,0
8831.png,1
8832.png,1
8833.png,1
8834.png,0
8835.png,1
8836.png,0
8837.png,1
8838.png,1
8839.png,1
8840.png,0
8841.png,0
8842.png,1
8843.png,0
8844.png,0
8845.png,1
8846.png,1
8847.png,1
8848.png,0
8849.png,0
8850.png,0
8851.png,1
8852.png,0
8853.png,0
8854.png,0
8855.png,1
8856.png,1
8857.png,0
8858.png,0
8859.png,1
8860.png,0
8861.png,0
8862.png,0
8863.png,0
8864.png,0
8865.png,1
8866.png,1
8867.png,0
8868.png,0
8869.png,1
8870.png,0
8871.png,1
8872.png,1
8873.png,0
8874.png,0
8875.png,0
8876.png,1
8877.png,0
8878.png,0
8879.png,1
8880.png,0
8881.png,1
8882.png,0
8883.png,1
8884.png,1
8885.png,0
8886.png,1
8887.png,0
8888.png,1
8889.png,0
8890.png,1
8891.png,1
8892.png,1
8893.png,0
8894.png,0
8895.png,1
8896.png,0
8897.png,0
8898.png,0
8899.png,1
8900.png,0
8901.png,0
8902.png,0
8903.png,1
8904.png,1
8905.png,1
8906.png,0
8907.png,0
8908.png,1
8909.png,1
8910.png,0
8911.png,0
8912.png,1
8913.png,0
8914.png,1
8915.png,1
8916.png,0
8917.png,1
8918.png,1
8919.png,1
8920.png,0
8921.png,0
8922.png,0
8923.png,0
8924.png,1
8925.png,0
8926.png,0
8927.png,0
8928.png,1
8929.png,0
8930.png,0
8931.png,1
8932.png,0
8933.png,1
8934.png,1
8935.png,0
8936.png,0
8937.png,0
8938.png,1
8939.png,0
8940.png,0
8941.png,1
8942.png,0
8943.png,0
8944.png,0
8945.png,1
8946.png,1
8947.png,1
8948.png,0
8949.png,1
8950.png,1
8951.png,0
8952.png,0
8953.png,0
8954.png,1
8955.png,1
8956.png,1
8957.png,1
8958.png,0
8959.png,0
8960.png,1
8961.png,0
8962.png,0
8963.png,1
8964.png,1
8965.png,0
8966.png,0
8967.png,1
8968.png,1
8969.png,0
8970.png,1
8971.png,0
8972.png,0
8973.png,0
8974.png,1
8975.png,0
8976.png,1
8977.png,1
8978.png,1
8979.png,0
8980.png,1
8981.png,0
8982.png,0
8983.png,1
8984.png,0
8985.png,0
8986.png,0
8987.png,1
8988.png,0
8989.png,1
8990.png,1
8991.png,1
8992.png,1
8993.png,1
8994.png,1
8995.png,1
8996.png,1
8997.png,0
8998.png,1
8999.png,1
9000.png,1
9001.png,1
9002.png,0
9003.png,1
9004.png,0
9005.png,1
9006.png,1
9007.png,1
9008.png,0
9009.png,1
9010.png,0
9011.png,1
9012.png,0
9013.png,0
9014.png,1
9015.png,1
9016.png,0
9017.png,1
9018.png,1
9019.png,1
9020.png,1
9021.png,0
9022.png,0
9023.png,0
9024.png,0
9025.png,1
9026.png,1
9027.png,1
9028.png,1
9029.png,0
9030.png,1
9031.png,1
9032.png,1
9033.png,1
9034.png,0
9035.png,1
9036.png,0
9037.png,1
9038.png,0
9039.png,0
9040.png,0
9041.png,1
9042.png,0
9043.png,0
9044.png,0
9045.png,1
9046.png,0
9047.png,1
9048.png,1
9049.png,0
9050.png,0
9051.png,0
9052.png,0
9053.png,1
9054.png,1
9055.png,0
9056.png,1
9057.png,0
9058.png,0
9059.png,1
9060.png,0
9061.png,0
9062.png,1
9063.png,0
9064.png,1
9065.png,0
9066.png,1
9067.png,0
9068.png,0
9069.png,0
9070.png,1
9071.png,1
9072.png,1
9073.png,0
9074.png,0
9075.png,0
9076.png,0
9077.png,1
9078.png,1
9079.png,1
9080.png,1
9081.png,1
9082.png,1
9083.png,0
9084.png,1
9085.png,1
9086.png,0
9087.png,0
9088.png,1
9089.png,0
9090.png,1
9091.png,0
9092.png,0
9093.png,0
9094.png,1
9095.png,0
9096.png,0
9097.png,1
9098.png,0
9099.png,0
9100.png,0
9101.png,0
9102.png,1
9103.png,0
9104.png,1
9105.png,0
9106.png,0
9107.png,0
9108.png,1
9109.png,1
9110.png,1
9111.png,0
9112.png,1
9113.png,0
9114.png,0
9115.png,1
9116.png,1
9117.png,0
9118.png,0
9119.png,0
9120.png,1
9121.png,1
9122.png,1
9123.png,1
9124.png,0
9125.png,1
9126.png,0
9127.png,0
9128.png,0
9129.png,0
9130.png,0
9131.png,0
9132.png,1
9133.png,1
9134.png,1
9135.png,0
9136.png,1
9137.png,1
9138.png,0
9139.png,0
9140.png,0
9141.png,0
9142.png,1
9143.png,1
9144.png,1
9145.png,1
9146.png,1
9147.png,1
9148.png,0
9149.png,0
9150.png,0
9151.png,1
9152.png,1
9153.png,0
9154.png,0
9155.png,0
9156.png,1
9157.png,1
9158.png,0
9159.png,1
9160.png,1
9161.png,1
9162.png,0
9163.png,0
9164.png,0
9165.png,0
9166.png,1
9167.png,0
9168.png,1
9169.png,1
9170.png,0
9171.png,1
9172.png,0
9173.png,1
9174.png,1
9175.png,1
9176.png,0
9177.png,1
9178.png,1
9179.png,0
9180.png,0
9181.png,0
9182.png,0
9183.png,1
9184.png,0
9185.png,1
9186.png,0
9187.png,0
9188.png,1
9189.png,1
9190.png,0
9191.png,0
9192.png,0
9193.png,0
9194.png,0
9195.png,0
9196.png,1
9197.png,1
9198.png,1
9199.png,0
9200.png,1
9201.png,0
9202.png,1
9203.png,1
9204.png,1
9205.png,0
9206.png,1
9207.png,1
9208.png,0
9209.png,1
9210.png,1
9211.png,1
9212.png,0
9213.png,0
9214.png,0
9215.png,0
9216.png,1
9217.png,0
9218.png,0
9219.png,1
9220.png,0
9221.png,0
9222.png,0
9223.png,1
9224.png,1
9225.png,0
9226.png,0
9227.png,0
9228.png,1
9229.png,1
9230.png,0
9231.png,1
9232.png,0
9233.png,1
9234.png,0
9235.png,1
9236.png,0
9237.png,1
9238.png,1
9239.png,1
9240.png,1
9241.png,1
9242.png,0
9243.png,0
9244.png,0
9245.png,1
9246.png,1
9247.png,1
9248.png,0
9249.png,0
9250.png,0
9251.png,1
9252.png,0
9253.png,0
9254.png,0
9255.png,0
9256.png,0
9257.png,1
9258.png,1
9259.png,1
9260.png,1
9261.png,1
9262.png,0
9263.png,1
9264.png,0
9265.png,1
9266.png,0
9267.png,0
9268.png,0
9269.png,0
9270.png,0
9271.png,1
9272.png,0
9273.png,0
9274.png,1
9275.png,0
9276.png,0
9277.png,1
9278.png,0
9279.png,0
9280.png,1
9281.png,0
9282.png,1
9283.png,0
9284.png,1
9285.png,1
9286.png,1
9287.png,1
9288.png,1
9289.png,1
9290.png,0
9291.png,0
9292.png,1
9293.png,1
9294.png,1
9295.png,1
9296.png,0
9297.png,0
9298.png,0
9299.png,0
9300.png,1
9301.png,1
9302.png,1
9303.png,0
9304.png,0
9305.png,0
9306.png,0
9307.png,0
9308.png,1
9309.png,1
9310.png,0
9311.png,1
9312.png,1
9313.png,1
9314.png,0
9315.png,0
9316.png,0
9317.png,1
9318.png,0
9319.png,1
9320.png,0
9321.png,1
9322.png,0
9323.png,1
9324.png,1
9325.png,0
9326.png,0
9327.png,1
9328.png,0
9329.png,1
9330.png,0
9331.png,1
9332.png,1
9333.png,0
9334.png,1
9335.png,0
9336.png,0
9337.png,1
9338.png,1
9339.png,1
9340.png,1
9341.png,1
9342.png,0
9343.png,0
9344.png,0
9345.png,1
9346.png,0
9347.png,0
9348.png,0
9349.png,1
9350.png,1
9351.png,0
9352.png,1
9353.png,0
9354.png,1
9355.png,1
9356.png,0
9357.png,1
9358.png,1
9359.png,0
9360.png,1
9361.png,0
9362.png,1
9363.png,1
9364.png,0
9365.png,0
9366.png,1
9367.png,1
9368.png,1
9369.png,0
9370.png,0
9371.png,0
9372.png,0
9373.png,1
9374.png,0
9375.png,0
9376.png,1
9377.png,1
9378.png,1
9379.png,1
9380.png,1
9381.png,1
9382.png,0
9383.png,1
9384.png,0
9385.png,0
9386.png,0
9387.png,0
9388.png,0
9389.png,0
9390.png,0
9391.png,1
9392.png,0
9393.png,0
9394.png,0
9395.png,0
9396.png,1
9397.png,1
9398.png,0
9399.png,1
9400.png,0
9401.png,0
9402.png,0
9403.png,1
9404.png,0
9405.png,0
9406.png,1
9407.png,1
9408.png,0
9409.png,0
9410.png,0
9411.png,0
9412.png,1
9413.png,0
9414.png,0
9415.png,0
9416.png,1
9417.png,1
9418.png,0
9419.png,0
9420.png,0
9421.png,0
9422.png,1
9423.png,0
9424.png,1
9425.png,1
9426.png,1
9427.png,0
9428.png,1
9429.png,0
9430.png,1
9431.png,1
9432.png,1
9433.png,0
9434.png,0
9435.png,1
9436.png,0
9437.png,1
9438.png,1
9439.png,1
9440.png,1
9441.png,1
9442.png,1
9443.png,1
9444.png,1
9445.png,0
9446.png,1
9447.png,0
9448.png,1
9449.png,1
9450.png,0
9451.png,1
9452.png,0
9453.png,1
9454.png,0
9455.png,1
9456.png,1
9457.png,1
9458.png,1
9459.png,0
9460.png,1
9461.png,1
9462.png,0
9463.png,0
9464.png,0
9465.png,0
9466.png,0
9467.png,0
9468.png,1
9469.png,1
9470.png,0
9471.png,1
9472.png,1
9473.png,0
9474.png,1
9475.png,0
9476.png,0
9477.png,0
9478.png,1
9479.png,1
9480.png,0
9481.png,1
9482.png,0
9483.png,0
9484.png,0
9485.png,1
9486.png,0
9487.png,0
9488.png,0
9489.png,1
9490.png,0
9491.png,0
9492.png,0
9493.png,1
9494.png,0
9495.png,1
9496.png,0
9497.png,0
9498.png,0
9499.png,0
9500.png,0
9501.png,1
9502.png,1
9503.png,1
9504.png,0
9505.png,0
9506.png,0
9507.png,0
9508.png,0
9509.png,1
9510.png,1
9511.png,0
9512.png,0
9513.png,0
9514.png,1
9515.png,0
9516.png,0
9517.png,1
9518.png,0
9519.png,1
9520.png,1
9521.png,0
9522.png,1
9523.png,1
9524.png,1
9525.png,1
9526.png,1
9527.png,1
9528.png,1
9529.png,0
9530.png,1
9531.png,1
9532.png,0
9533.png,1
9534.png,0
9535.png,1
9536.png,1
9537.png,0
9538.png,1
9539.png,0
9540.png,1
9541.png,1
9542.png,0
9543.png,0
9544.png,1
9545.png,1
9546.png,1
9547.png,1
9548.png,0
9549.png,1
9550.png,1
9551.png,1
9552.png,0
9553.png,1
9554.png,0
9555.png,0
9556.png,1
9557.png,0
9558.png,1
9559.png,1
9560.png,1
9561.png,1
9562.png,1
9563.png,1
9564.png,1
9565.png,1
9566.png,0
9567.png,0
9568.png,0
9569.png,1
9570.png,0
9571.png,0
9572.png,0
9573.png,1
9574.png,0
9575.png,0
9576.png,0
9577.png,0
9578.png,0
9579.png,1
9580.png,0
9581.png,0
9582.png,1
9583.png,0
9584.png,1
9585.png,0
9586.png,1
9587.png,1
9588.png,0
9589.png,0
9590.png,0
9591.png,0
9592.png,0
9593.png,1
9594.png,0
9595.png,1
9596.png,0
9597.png,1
9598.png,1
9599.png,1
9600.png,0
9601.png,0
9602.png,0
9603.png,1
9604.png,1
9605.png,0
9606.png,1
9607.png,0
9608.png,0
9609.png,1
9610.png,1
9611.png,1
9612.png,1
9613.png,1
9614.png,0
9615.png,0
9616.png,0
9617.png,0
9618.png,1
9619.png,1
9620.png,1
9621.png,1
9622.png,1
9623.png,0
9624.png,0
9625.png,1
9626.png,1
9627.png,0
9628.png,0
9629.png,0
9630.png,0
9631.png,1
9632.png,0
9633.png,1
9634.png,0
9635.png,0
9636.png,1
9637.png,0
9638.png,1
9639.png,1
9640.png,0
9641.png,0
9642.png,0
9643.png,1
9644.png,0
9645.png,1
9646.png,1
9647.png,0
9648.png,0
9649.png,0
9650.png,0
9651.png,0
9652.png,0
9653.png,0
9654.png,1
9655.png,1
9656.png,0
9657.png,0
9658.png,0
9659.png,1
9660.png,0
9661.png,1
9662.png,0
9663.png,1
9664.png,0
9665.png,1
9666.png,1
9667.png,1
9668.png,1
9669.png,0
9670.png,0
9671.png,1
9672.png,1
9673.png,0
9674.png,1
9675.png,1
9676.png,0
9677.png,1
9678.png,1
9679.png,1
9680.png,1
9681.png,1
9682.png,0
9683.png,0
9684.png,0
9685.png,0
9686.png,1
9687.png,1
9688.png,0
9689.png,0
9690.png,1
9691.png,0
9692.png,1
9693.png,1
9694.png,0
9695.png,1
9696.png,1
9697.png,1
9698.png,1
9699.png,1
9700.png,0
9701.png,0
9702.png,1
9703.png,0
9704.png,0
9705.png,1
9706.png,1
9707.png,1
9708.png,1
9709.png,0
9710.png,1
9711.png,0
9712.png,1
9713.png,1
9714.png,0
9715.png,0
9716.png,0
9717.png,0
9718.png,1
9719.png,0
9720.png,1
9721.png,0
9722.png,0
9723.png,0
9724.png,1
9725.png,0
9726.png,0
9727.png,0
9728.png,0
9729.png,1
9730.png,1
9731.png,0
9732.png,0
9733.png,1
9734.png,0
9735.png,0
9736.png,0
9737.png,1
9738.png,0
9739.png,1
9740.png,0
9741.png,1
9742.png,0
9743.png,0
9744.png,1
9745.png,0
9746.png,0
9747.png,0
9748.png,0
9749.png,1
9750.png,1
9751.png,0
9752.png,0
9753.png,1
9754.png,0
9755.png,1
9756.png,1
9757.png,0
9758.png,1
9759.png,1
9760.png,0
9761.png,0
9762.png,1
9763.png,0
9764.png,0
9765.png,1
9766.png,1
9767.png,0
9768.png,1
9769.png,0
9770.png,1
9771.png,1
9772.png,1
9773.png,1
9774.png,1
9775.png,1
9776.png,1
9777.png,0
9778.png,1
9779.png,1
9780.png,1
9781.png,0
9782.png,0
9783.png,1
9784.png,1
9785.png,1
9786.png,1
9787.png,1
9788.png,0
9789.png,0
9790.png,0
9791.png,1
9792.png,1
9793.png,0
9794.png,0
9795.png,1
9796.png,1
9797.png,1
9798.png,0
9799.png,0
9800.png,1
9801.png,1
9802.png,0
9803.png,0
9804.png,1
9805.png,0
9806.png,0
9807.png,1
9808.png,0
9809.png,1
9810.png,0
9811.png,1
9812.png,1
9813.png,1
9814.png,0
9815.png,0
9816.png,1
9817.png,1
9818.png,0
9819.png,0
9820.png,1
9821.png,0
9822.png,1
9823.png,1
9824.png,1
9825.png,1
9826.png,1
9827.png,1
9828.png,0
9829.png,1
9830.png,0
9831.png,1
9832.png,0
9833.png,0
9834.png,1
9835.png,1
9836.png,1
9837.png,0
9838.png,1
9839.png,0
9840.png,0
9841.png,1
9842.png,1
9843.png,1
9844.png,0
9845.png,0
9846.png,0
9847.png,1
9848.png,1
9849.png,1
9850.png,1
9851.png,1
9852.png,0
9853.png,0
9854.png,1
9855.png,0
9856.png,0
9857.png,1
9858.png,0
9859.png,1
9860.png,1
9861.png,1
9862.png,0
9863.png,1
9864.png,0
9865.png,1
9866.png,1
9867.png,0
9868.png,1
9869.png,0
9870.png,1
9871.png,0
9872.png,0
9873.png,1
9874.png,1
9875.png,0
9876.png,1
9877.png,1
9878.png,0
9879.png,1
9880.png,0
9881.png,0
9882.png,1
9883.png,1
9884.png,1
9885.png,1
9886.png,1
9887.png,0
9888.png,1
9889.png,0
9890.png,0
9891.png,1
9892.png,1
9893.png,0
9894.png,1
9895.png,1
9896.png,0
9897.png,1
9898.png,1
9899.png,1
9900.png,1
9901.png,0
9902.png,0
9903.png,0
9904.png,0
9905.png,0
9906.png,1
9907.png,0
9908.png,1
9909.png,1
9910.png,1
9911.png,0
9912.png,0
9913.png,0
9914.png,0
9915.png,1
9916.png,1
9917.png,1
9918.png,1
9919.png,1
9920.png,1
9921.png,0
9922.png,1
9923.png,0
9924.png,0
9925.png,0
9926.png,1
9927.png,0
9928.png,1
9929.png,0
9930.png,0
9931.png,1
9932.png,1
9933.png,0
9934.png,0
9935.png,0
9936.png,0
9937.png,1
9938.png,1
9939.png,1
9940.png,0
9941.png,0
9942.png,0
9943.png,1
9944.png,1
9945.png,0
9946.png,0
9947.png,1
9948.png,0
9949.png,0
9950.png,0
9951.png,0
9952.png,1
9953.png,0
9954.png,1
9955.png,0
9956.png,0
9957.png,0
9958.png,0
9959.png,1
9960.png,1
9961.png,1
9962.png,0
9963.png,1
9964.png,0
9965.png,1
9966.png,0
9967.png,0
9968.png,1
9969.png,0
9970.png,0
9971.png,0
9972.png,0
9973.png,1
9974.png,0
9975.png,0
9976.png,0
9977.png,0
9978.png,1
9979.png,0
9980.png,1
9981.png,1
9982.png,1
9983.png,1
9984.png,1
9985.png,1
9986.png,0
9987.png,1
9988.png,1
9989.png,0
9990.png,0
9991.png,1
9992.png,0
9993.png,1
9994.png,0
9995.png,1
9996.png,0
9997.png,0
9998.png,0
9999.png,0
10000.png,0
10001.png,0
10002.png,1
10003.png,1
10004.png,0
10005.png,0
10006.png,0
10007.png,1
10008.png,0
10009.png,0
10010.png,1
10011.png,1
10012.png,0
10013.png,1
10014.png,0
10015.png,1
10016.png,0
10017.png,0
10018.png,1
10019.png,0
10020.png,0
10021.png,0
10022.png,1
10023.png,1
10024.png,1
10025.png,0
10026.png,1
10027.png,1
10028.png,0
10029.png,0
10030.png,0
10031.png,1
10032.png,0
10033.png,1
10034.png,1
10035.png,1
10036.png,0
10037.png,0
10038.png,0
10039.png,0
10040.png,1
10041.png,1
10042.png,1
10043.png,0
10044.png,1
10045.png,0
10046.png,0
10047.png,0
10048.png,0
10049.png,1
10050.png,0
10051.png,1
10052.png,1
10053.png,0
10054.png,1
10055.png,1
10056.png,1
10057.png,1
10058.png,0
10059.png,1
10060.png,0
10061.png,0
10062.png,0
10063.png,1
10064.png,0
10065.png,1
10066.png,1
10067.png,0
10068.png,0
10069.png,1
10070.png,1
10071.png,0
10072.png,1
10073.png,1
10074.png,0
10075.png,0
10076.png,0
10077.png,0
10078.png,1
10079.png,0
10080.png,1
10081.png,1
10082.png,0
10083.png,0
10084.png,1
10085.png,1
10086.png,1
10087.png,1
10088.png,1
10089.png,1
10090.png,0
10091.png,1
10092.png,1
10093.png,1
10094.png,0
10095.png,0
10096.png,1
10097.png,0
10098.png,0
10099.png,0
10100.png,0
10101.png,0
10102.png,1
10103.png,0
10104.png,0
10105.png,0
10106.png,0
10107.png,1
10108.png,0
10109.png,0
10110.png,0
10111.png,0
10112.png,1
10113.png,0
10114.png,0
10115.png,1
10116.png,1
10117.png,0
10118.png,1
10119.png,1
10120.png,0
10121.png,0
10122.png,0
10123.png,0
10124.png,1
10125.png,1
10126.png,1
10127.png,1
10128.png,0
10129.png,0
10130.png,0
10131.png,0
10132.png,1
10133.png,0
10134.png,1
10135.png,1
10136.png,1
10137.png,0
10138.png,0
10139.png,1
10140.png,0
10141.png,0
10142.png,0
10143.png,1
10144.png,0
10145.png,1
10146.png,1
10147.png,0
10148.png,0
10149.png,0
10150.png,1
10151.png,1
10152.png,1
10153.png,1
10154.png,0
10155.png,0
10156.png,0
10157.png,1
10158.png,0
10159.png,0
10160.png,0
10161.png,0
10162.png,1
10163.png,0
10164.png,1
10165.png,0
10166.png,0
10167.png,1
10168.png,0
10169.png,1
10170.png,1
10171.png,1
10172.png,0
10173.png,1
10174.png,1
10175.png,1
10176.png,1
10177.png,1
10178.png,0
10179.png,1
10180.png,0
10181.png,0
10182.png,0
10183.png,1
10184.png,1
10185.png,1
10186.png,1
10187.png,0
10188.png,0
10189.png,1
10190.png,0
10191.png,1
10192.png,0
10193.png,0
10194.png,0
10195.png,0
10196.png,0
10197.png,1
10198.png,0
10199.png,0
10200.png,0
10201.png,1
10202.png,0
10203.png,1
10204.png,0
10205.png,0
10206.png,0
10207.png,1
10208.png,0
10209.png,0
10210.png,1
10211.png,0
10212.png,1
10213.png,0
10214.png,1
10215.png,1
10216.png,0
10217.png,0
10218.png,1
10219.png,0
10220.png,1
10221.png,0
10222.png,0
10223.png,1
10224.png,1
10225.png,0
10226.png,1
10227.png,1
10228.png,0
10229.png,1
10230.png,1
10231.png,0
10232.png,1
10233.png,0
10234.png,0
10235.png,1
10236.png,0
10237.png,1
10238.png,0
10239.png,0
10240.png,0
10241.png,1
10242.png,0
10243.png,1
10244.png,1
10245.png,1
10246.png,1
10247.png,0
10248.png,1
10249.png,0
10250.png,1
10251.png,0
10252.png,1
10253.png,1
10254.png,0
10255.png,0
10256.png,0
10257.png,0
10258.png,0
10259.png,0
10260.png,1
10261.png,1
10262.png,0
10263.png,0
10264.png,1
10265.png,1
10266.png,0
10267.png,0
10268.png,0
10269.png,0
10270.png,1
10271.png,1
10272.png,0
10273.png,0
10274.png,0
10275.png,1
10276.png,1
10277.png,0
10278.png,1
10279.png,0
10280.png,1
10281.png,0
10282.png,1
10283.png,0
10284.png,1
10285.png,1
10286.png,0
10287.png,0
10288.png,1
10289.png,1
10290.png,0
10291.png,0
10292.png,1
10293.png,1
10294.png,1
10295.png,0
10296.png,1
10297.png,1
10298.png,0
10299.png,1
10300.png,0
10301.png,1
10302.png,0
10303.png,1
10304.png,1
10305.png,1
10306.png,0
10307.png,0
10308.png,1
10309.png,1
10310.png,1
10311.png,0
10312.png,1
10313.png,0
10314.png,0
10315.png,0
10316.png,0
10317.png,1
10318.png,1
10319.png,0
10320.png,0
10321.png,0
10322.png,0
10323.png,1
10324.png,0
10325.png,0
10326.png,0
10327.png,0
10328.png,1
10329.png,0
10330.png,0
10331.png,0
10332.png,1
10333.png,0
10334.png,1
10335.png,0
10336.png,0
10337.png,1
10338.png,1
10339.png,1
10340.png,0
10341.png,1
10342.png,1
10343.png,1
10344.png,1
10345.png,1
10346.png,1
10347.png,0
10348.png,1
10349.png,1
10350.png,1
10351.png,1
10352.png,0
10353.png,0
10354.png,1
10355.png,1
10356.png,1
10357.png,1
10358.png,0
10359.png,0
10360.png,1
10361.png,1
10362.png,1
10363.png,1
10364.png,0
10365.png,1
10366.png,1
10367.png,1
10368.png,0
10369.png,1
10370.png,1
10371.png,0
10372.png,0
10373.png,1
10374.png,1
10375.png,1
10376.png,0
10377.png,0
10378.png,0
10379.png,1
10380.png,1
10381.png,0
10382.png,1
10383.png,1
10384.png,0
10385.png,1
10386.png,1
10387.png,0
10388.png,1
10389.png,1
10390.png,0
10391.png,1
10392.png,0
10393.png,1
10394.png,0
10395.png,0
10396.png,0
10397.png,0
10398.png,1
10399.png,0
10400.png,0
10401.png,0
10402.png,0
10403.png,0
10404.png,1
10405.png,1
10406.png,1
10407.png,1
10408.png,0
10409.png,0
10410.png,1
10411.png,1
10412.png,1
10413.png,0
10414.png,0
10415.png,1
10416.png,0
10417.png,1
10418.png,1
10419.png,1
10420.png,0
10421.png,1
10422.png,0
10423.png,0
10424.png,1
10425.png,0
10426.png,0
10427.png,0
10428.png,0
10429.png,1
10430.png,0
10431.png,1
10432.png,0
10433.png,0
10434.png,0
10435.png,1
10436.png,0
10437.png,1
10438.png,1
10439.png,1
10440.png,1
10441.png,0
10442.png,0
10443.png,0
10444.png,1
10445.png,0
10446.png,0
10447.png,1
10448.png,0
10449.png,0
10450.png,1
10451.png,0
10452.png,0
10453.png,1
10454.png,1
10455.png,0
10456.png,0
10457.png,0
10458.png,1
10459.png,0
10460.png,0
10461.png,1
10462.png,1
10463.png,1
10464.png,1
10465.png,1
10466.png,1
10467.png,0
10468.png,0
10469.png,1
10470.png,0
10471.png,0
10472.png,1
10473.png,0
10474.png,1
10475.png,0
10476.png,1
10477.png,1
10478.png,1
10479.png,0
10480.png,0
10481.png,1
10482.png,0
10483.png,0
10484.png,0
10485.png,0
10486.png,1
10487.png,1
10488.png,0
10489.png,0
10490.png,0
10491.png,0
10492.png,1
10493.png,0
10494.png,0
10495.png,0
10496.png,1
10497.png,1
10498.png,1
10499.png,0
10500.png,1
10501.png,0
10502.png,0
10503.png,0
10504.png,1
10505.png,0
10506.png,1
10507.png,1
10508.png,1
10509.png,1
10510.png,0
10511.png,0
10512.png,0
10513.png,0
10514.png,1
10515.png,1
10516.png,0
10517.png,0
10518.png,0
10519.png,1
10520.png,0
10521.png,0
10522.png,1
10523.png,0
10524.png,1
10525.png,0
10526.png,0
10527.png,1
10528.png,1
10529.png,1
10530.png,0
10531.png,0
10532.png,1
10533.png,1
10534.png,1
10535.png,0
10536.png,1
10537.png,0
10538.png,0
10539.png,0
10540.png,0
10541.png,1
10542.png,0
10543.png,1
10544.png,0
10545.png,0
10546.png,0
10547.png,0
10548.png,1
10549.png,0
10550.png,1
10551.png,0
10552.png,1
10553.png,0
10554.png,0
10555.png,1
10556.png,0
10557.png,0
10558.png,1
10559.png,1
10560.png,1
10561.png,0
10562.png,0
10563.png,0
10564.png,1
10565.png,0
10566.png,1
10567.png,1
10568.png,0
10569.png,0
10570.png,0
10571.png,0
10572.png,1
10573.png,0
10574.png,1
10575.png,1
10576.png,1
10577.png,0
10578.png,0
10579.png,0
10580.png,1
10581.png,1
10582.png,1
10583.png,0
10584.png,1
10585.png,1
10586.png,0
10587.png,0
10588.png,1
10589.png,1
10590.png,0
10591.png,1
10592.png,0
10593.png,0
10594.png,1
10595.png,0
10596.png,1
10597.png,1
10598.png,0
10599.png,0
10600.png,0
10601.png,1
10602.png,1
10603.png,0
10604.png,0
10605.png,0
10606.png,1
10607.png,0
10608.png,1
10609.png,1
10610.png,1
10611.png,0
10612.png,1
10613.png,1
10614.png,1
10615.png,1
10616.png,1
10617.png,0
10618.png,1
10619.png,1
10620.png,0
10621.png,0
10622.png,0
10623.png,1
10624.png,1
10625.png,1
10626.png,0
10627.png,1
10628.png,0
10629.png,1
10630.png,0
10631.png,1
10632.png,1
10633.png,1
10634.png,1
10635.png,1
10636.png,0
10637.png,1
10638.png,1
10639.png,0
10640.png,1
10641.png,0
10642.png,1
10643.png,1
10644.png,0
10645.png,1
10646.png,1
10647.png,0
10648.png,1
10649.png,0
10650.png,0
10651.png,0
10652.png,1
10653.png,0
10654.png,0
10655.png,1
10656.png,0
10657.png,0
10658.png,0
10659.png,1
10660.png,0
10661.png,1
10662.png,0
10663.png,0
10664.png,0
10665.png,1
10666.png,0
10667.png,0
10668.png,1
10669.png,0
10670.png,0
10671.png,0
10672.png,0
10673.png,1
10674.png,1
10675.png,1
10676.png,1
10677.png,0
10678.png,0
10679.png,0
10680.png,0
10681.png,1
10682.png,0
10683.png,0
10684.png,0
10685.png,1
10686.png,1
10687.png,1
10688.png,0
10689.png,1
10690.png,1
10691.png,1
10692.png,0
10693.png,0
10694.png,1
10695.png,0
10696.png,0
10697.png,1
10698.png,0
10699.png,0
10700.png,0
10701.png,0
10702.png,1
10703.png,1
10704.png,0
10705.png,1
10706.png,0
10707.png,1
10708.png,0
10709.png,0
10710.png,0
10711.png,1
10712.png,0
10713.png,1
10714.png,1
10715.png,1
10716.png,1
10717.png,0
10718.png,0
10719.png,0
10720.png,1
10721.png,1
10722.png,1
10723.png,0
10724.png,1
10725.png,0
10726.png,1
10727.png,1
10728.png,0
10729.png,1
10730.png,0
10731.png,0
10732.png,0
10733.png,1
10734.png,1
10735.png,1
10736.png,1
10737.png,1
10738.png,0
10739.png,0
10740.png,0
10741.png,1
10742.png,1
10743.png,0
10744.png,1
10745.png,1
10746.png,0
10747.png,1
10748.png,0
10749.png,1
10750.png,0
10751.png,0
10752.png,1
10753.png,1
10754.png,1
10755.png,1
10756.png,1
10757.png,1
10758.png,1
10759.png,0
10760.png,1
10761.png,1
10762.png,0
10763.png,1
10764.png,0
10765.png,1
10766.png,0
10767.png,0
10768.png,0
10769.png,0
10770.png,1
10771.png,0
10772.png,1
10773.png,1
10774.png,1
10775.png,1
10776.png,1
10777.png,0
10778.png,0
10779.png,0
10780.png,0
10781.png,0
10782.png,0
10783.png,1
10784.png,0
10785.png,1
10786.png,1
10787.png,0
10788.png,1
10789.png,1
10790.png,0
10791.png,1
10792.png,1
10793.png,0
10794.png,0
10795.png,1
10796.png,0
10797.png,1
10798.png,1
10799.png,1
10800.png,0
10801.png,1
10802.png,1
10803.png,1
10804.png,0
10805.png,0
10806.png,1
10807.png,0
10808.png,0
10809.png,0
10810.png,1
10811.png,0
10812.png,1
10813.png,0
10814.png,1
10815.png,1
10816.png,0
10817.png,1
10818.png,0
10819.png,1
10820.png,0
10821.png,1
10822.png,1
10823.png,1
10824.png,1
10825.png,0
10826.png,0
10827.png,1
10828.png,1
10829.png,0
10830.png,0
10831.png,1
10832.png,1
10833.png,0
10834.png,0
10835.png,1
10836.png,0
10837.png,1
10838.png,0
10839.png,1
10840.png,0
10841.png,0
10842.png,0
10843.png,0
10844.png,0
10845.png,1
10846.png,0
10847.png,1
10848.png,0
10849.png,0
10850.png,0
10851.png,1
10852.png,1
10853.png,0
10854.png,0
10855.png,0
10856.png,0
10857.png,1
10858.png,1
10859.png,0
10860.png,0
10861.png,1
10862.png,1
10863.png,1
10864.png,0
10865.png,1
10866.png,1
10867.png,0
10868.png,1
10869.png,0
10870.png,1
10871.png,1
10872.png,1
10873.png,1
10874.png,1
10875.png,0
10876.png,0
10877.png,1
10878.png,0
10879.png,0
10880.png,1
10881.png,1
10882.png,0
10883.png,0
10884.png,0
10885.png,1
10886.png,1
10887.png,1
10888.png,0
10889.png,1
10890.png,1
10891.png,1
10892.png,0
10893.png,1
10894.png,0
10895.png,0
10896.png,1
10897.png,0
10898.png,1
10899.png,0
10900.png,1
10901.png,0
10902.png,0
10903.png,1
10904.png,0
10905.png,1
10906.png,1
10907.png,1
10908.png,0
10909.png,1
10910.png,0
10911.png,0
10912.png,1
10913.png,0
10914.png,0
10915.png,0
10916.png,1
10917.png,0
10918.png,1
10919.png,0
10920.png,1
10921.png,0
10922.png,0
10923.png,1
10924.png,1
10925.png,1
10926.png,1
10927.png,0
10928.png,1
10929.png,1
10930.png,1
10931.png,1
10932.png,1
10933.png,0
10934.png,1
10935.png,1
10936.png,0
10937.png,0
10938.png,1
10939.png,0
10940.png,0
10941.png,1
10942.png,1
10943.png,0
10944.png,1
10945.png,1
10946.png,1
10947.png,1
10948.png,1
10949.png,1
10950.png,0
10951.png,0
10952.png,0
10953.png,0
10954.png,1
10955.png,1
10956.png,0
10957.png,0
10958.png,0
10959.png,0
10960.png,0
10961.png,1
10962.png,1
10963.png,0
10964.png,0
10965.png,0
10966.png,1
10967.png,1
10968.png,0
10969.png,1
10970.png,1
10971.png,0
10972.png,0
10973.png,0
10974.png,1
10975.png,0
10976.png,1
10977.png,1
10978.png,0
10979.png,1
10980.png,0
10981.png,1
10982.png,0
10983.png,1
10984.png,0
10985.png,1
10986.png,1
10987.png,1
10988.png,1
10989.png,0
10990.png,0
10991.png,1
10992.png,0
10993.png,1
10994.png,0
10995.png,0
10996.png,1
10997.png,1
10998.png,0
10999.png,1
11000.png,1
11001.png,0
11002.png,0
11003.png,1
11004.png,0
11005.png,0
11006.png,0
11007.png,1
11008.png,1
11009.png,1
11010.png,0
11011.png,0
11012.png,0
11013.png,1
11014.png,1
11015.png,1
11016.png,0
11017.png,1
11018.png,1
11019.png,0
11020.png,0
11021.png,0
11022.png,0
11023.png,1
11024.png,0
11025.png,1
11026.png,1
11027.png,1
11028.png,0
11029.png,1
11030.png,0
11031.png,0
11032.png,1
11033.png,1
11034.png,0
11035.png,0
11036.png,1
11037.png,1
11038.png,1
11039.png,0
11040.png,1
11041.png,0
11042.png,1
11043.png,0
11044.png,1
11045.png,0
11046.png,0
11047.png,1
11048.png,0
11049.png,0
11050.png,1
11051.png,0
11052.png,1
11053.png,1
11054.png,0
11055.png,0
11056.png,0
11057.png,1
11058.png,1
11059.png,0
11060.png,1
11061.png,0
11062.png,0
11063.png,1
11064.png,0
11065.png,0
11066.png,0
11067.png,1
11068.png,0
11069.png,1
11070.png,1
11071.png,1
11072.png,1
11073.png,0
11074.png,1
11075.png,0
11076.png,1
11077.png,0
11078.png,1
11079.png,1
11080.png,1
11081.png,0
11082.png,0
11083.png,1
11084.png,0
11085.png,0
11086.png,1
11087.png,1
11088.png,0
11089.png,1
11090.png,1
11091.png,1
11092.png,1
11093.png,0
11094.png,1
11095.png,1
11096.png,1
11097.png,0
11098.png,1
11099.png,0
11100.png,1
11101.png,1
11102.png,0
11103.png,1
11104.png,1
11105.png,1
11106.png,0
11107.png,0
11108.png,0
11109.png,1
11110.png,1
11111.png,1
11112.png,0
11113.png,1
11114.png,0
11115.png,0
11116.png,0
11117.png,0
11118.png,0
11119.png,0
11120.png,0
11121.png,1
11122.png,1
11123.png,1
11124.png,1
11125.png,0
11126.png,1
11127.png,1
11128.png,1
11129.png,0
11130.png,0
11131.png,0
11132.png,0
11133.png,1
11134.png,0
11135.png,1
11136.png,0
11137.png,0
11138.png,1
11139.png,1
11140.png,1
11141.png,0
11142.png,0
11143.png,1
11144.png,1
11145.png,1
11146.png,0
11147.png,0
11148.png,0
11149.png,0
11150.png,1
11151.png,1
11152.png,1
11153.png,0
11154.png,1
11155.png,0
11156.png,1
11157.png,1
11158.png,1
11159.png,1
11160.png,1
11161.png,0
11162.png,0
11163.png,1
11164.png,1
11165.png,0
11166.png,1
11167.png,1
11168.png,1
11169.png,1
11170.png,1
11171.png,1
11172.png,1
11173.png,0
11174.png,1
11175.png,0
11176.png,1
11177.png,1
11178.png,1
11179.png,1
11180.png,0
11181.png,1
11182.png,0
11183.png,0
11184.png,0
11185.png,1
11186.png,0
11187.png,0
11188.png,0
11189.png,1
11190.png,0
11191.png,1
11192.png,0
11193.png,0
11194.png,0
11195.png,1
11196.png,1
11197.png,1
11198.png,0
11199.png,1
11200.png,0
11201.png,1
11202.png,0
11203.png,1
11204.png,0
11205.png,0
11206.png,1
11207.png,1
11208.png,0
11209.png,0
11210.png,0
11211.png,1
11212.png,0
11213.png,1
11214.png,1
11215.png,0
11216.png,1
11217.png,1
11218.png,0
11219.png,1
11220.png,0
11221.png,1
11222.png,1
11223.png,1
11224.png,0
11225.png,1
11226.png,0
11227.png,0
11228.png,1
11229.png,1
11230.png,0
11231.png,0
11232.png,1
11233.png,0
11234.png,0
11235.png,1
11236.png,0
11237.png,1
11238.png,1
11239.png,1
11240.png,1
11241.png,0
11242.png,1
11243.png,0
11244.png,1
11245.png,1
11246.png,0
11247.png,0
11248.png,1
11249.png,0
11250.png,1
11251.png,1
11252.png,1
11253.png,0
11254.png,0
11255.png,1
11256.png,1
11257.png,0
11258.png,0
11259.png,0
11260.png,1
11261.png,1
11262.png,0
11263.png,1
11264.png,1
11265.png,0
11266.png,0
11267.png,0
11268.png,1
11269.png,0
11270.png,1
11271.png,1
11272.png,0
11273.png,1
11274.png,1
11275.png,0
11276.png,0
11277.png,0
11278.png,1
11279.png,0
11280.png,0
11281.png,1
11282.png,1
11283.png,0
11284.png,1
11285.png,0
11286.png,0
11287.png,1
11288.png,1
11289.png,0
11290.png,1
11291.png,0
11292.png,0
11293.png,1
11294.png,0
11295.png,1
11296.png,1
11297.png,0
11298.png,1
11299.png,0
11300.png,0
11301.png,1
11302.png,0
11303.png,1
11304.png,0
11305.png,0
11306.png,0
11307.png,0
11308.png,1
11309.png,0
11310.png,1
11311.png,0
11312.png,0
11313.png,1
11314.png,1
11315.png,0
11316.png,0
11317.png,1
11318.png,0
11319.png,0
11320.png,0
11321.png,1
11322.png,1
11323.png,0
11324.png,0
11325.png,1
11326.png,1
11327.png,0
11328.png,1
11329.png,0
11330.png,0
11331.png,1
11332.png,1
11333.png,0
11334.png,0
11335.png,0
11336.png,1
11337.png,1
11338.png,1
11339.png,1
11340.png,0
11341.png,1
11342.png,0
11343.png,0
11344.png,0
11345.png,1
11346.png,1
11347.png,0
11348.png,1
11349.png,0
11350.png,0
11351.png,0
11352.png,1
11353.png,0
11354.png,1
11355.png,1
11356.png,0
11357.png,1
11358.png,1
11359.png,1
11360.png,1
11361.png,0
11362.png,1
11363.png,0
11364.png,1
11365.png,1
11366.png,0
11367.png,1
11368.png,1
11369.png,1
11370.png,0
11371.png,0
11372.png,1
11373.png,1
11374.png,1
11375.png,0
11376.png,1
11377.png,1
11378.png,1
11379.png,0
11380.png,1
11381.png,1
11382.png,1
11383.png,1
11384.png,1
11385.png,1
11386.png,0
11387.png,0
11388.png,1
11389.png,0
11390.png,0
11391.png,0
11392.png,0
11393.png,1
11394.png,1
11395.png,1
11396.png,1
11397.png,0
11398.png,1
11399.png,0
11400.png,0
11401.png,1
11402.png,1
11403.png,1
11404.png,0
11405.png,1
11406.png,0
11407.png,0
11408.png,0
11409.png,1
11410.png,0
11411.png,1
11412.png,1
11413.png,1
11414.png,1
11415.png,0
11416.png,1
11417.png,0
11418.png,1
11419.png,0
11420.png,0
11421.png,0
11422.png,0
11423.png,1
11424.png,0
11425.png,0
11426.png,0
11427.png,1
11428.png,0
11429.png,0
11430.png,0
11431.png,0
11432.png,1
11433.png,1
11434.png,0
11435.png,1
11436.png,1
11437.png,1
11438.png,0
11439.png,0
11440.png,1
11441.png,0
11442.png,1
11443.png,0
11444.png,0
11445.png,0
11446.png,0
11447.png,0
11448.png,0
11449.png,1
11450.png,0
11451.png,1
11452.png,1
11453.png,1
11454.png,0
11455.png,0
11456.png,0
11457.png,0
11458.png,0
11459.png,1
11460.png,1
11461.png,1
11462.png,0
11463.png,1
11464.png,1
11465.png,0
11466.png,1
11467.png,0
11468.png,0
11469.png,0
11470.png,1
11471.png,0
11472.png,0
11473.png,1
11474.png,0
11475.png,0
11476.png,0
11477.png,1
11478.png,1
11479.png,1
11480.png,1
11481.png,0
11482.png,1
11483.png,0
11484.png,0
11485.png,0
11486.png,1
11487.png,0
11488.png,0
11489.png,0
11490.png,1
11491.png,1
11492.png,0
11493.png,1
11494.png,1
11495.png,1
11496.png,1
11497.png,0
11498.png,1
11499.png,1
11500.png,0
11501.png,1
11502.png,0
11503.png,1
11504.png,1
11505.png,1
11506.png,1
11507.png,0
11508.png,1
11509.png,1
11510.png,0
11511.png,1
11512.png,0
11513.png,1
11514.png,1
11515.png,0
11516.png,0
11517.png,1
11518.png,0
11519.png,0
11520.png,0
11521.png,1
11522.png,0
11523.png,0
11524.png,1
11525.png,1
11526.png,1
11527.png,0
11528.png,0
11529.png,1
11530.png,0
11531.png,1
11532.png,0
11533.png,0
11534.png,1
11535.png,0
11536.png,1
11537.png,0
11538.png,0
11539.png,0
11540.png,0
11541.png,0
11542.png,1
11543.png,0
11544.png,1
11545.png,0
11546.png,1
11547.png,0
11548.png,1
11549.png,0
11550.png,0
11551.png,0
11552.png,1
11553.png,0
11554.png,1
11555.png,1
11556.png,0
11557.png,1
11558.png,1
11559.png,1
11560.png,0
11561.png,1
11562.png,0
11563.png,0
11564.png,1
11565.png,0
11566.png,1
11567.png,1
11568.png,1
11569.png,0
11570.png,1
11571.png,1
11572.png,0
11573.png,0
11574.png,0
11575.png,0
11576.png,1
11577.png,0
11578.png,0
11579.png,0
11580.png,1
11581.png,1
11582.png,0
11583.png,0
11584.png,0
11585.png,1
11586.png,1
11587.png,0
11588.png,0
11589.png,1
11590.png,0
11591.png,0
11592.png,1
11593.png,1
11594.png,0
11595.png,1
11596.png,1
11597.png,1
11598.png,0
11599.png,1
11600.png,1
11601.png,1
11602.png,0
11603.png,0
11604.png,0
11605.png,1
11606.png,1
11607.png,1
11608.png,0
11609.png,1
11610.png,0
11611.png,1
11612.png,1
11613.png,0
11614.png,0
11615.png,0
11616.png,0
11617.png,0
11618.png,0
11619.png,0
11620.png,1
11621.png,0
11622.png,0
11623.png,0
11624.png,0
11625.png,1
11626.png,0
11627.png,1
11628.png,0
11629.png,1
11630.png,1
11631.png,0
11632.png,1
11633.png,1
11634.png,0
11635.png,1
11636.png,0
11637.png,0
11638.png,1
11639.png,0
11640.png,0
11641.png,0
11642.png,0
11643.png,1
11644.png,1
11645.png,1
11646.png,0
11647.png,1
11648.png,0
11649.png,0
11650.png,1
11651.png,1
11652.png,0
11653.png,1
11654.png,0
11655.png,1
11656.png,0
11657.png,1
11658.png,1
11659.png,1
11660.png,0
11661.png,0
11662.png,1
11663.png,1
11664.png,1
11665.png,0
11666.png,0
11667.png,0
11668.png,0
11669.png,1
11670.png,1
11671.png,0
11672.png,0
11673.png,1
11674.png,0
11675.png,1
11676.png,0
11677.png,1
11678.png,1
11679.png,1
11680.png,1
11681.png,0
11682.png,1
11683.png,1
11684.png,1
11685.png,0
11686.png,0
11687.png,1
11688.png,1
11689.png,0
11690.png,1
11691.png,0
11692.png,0
11693.png,0
11694.png,1
11695.png,1
11696.png,1
11697.png,1
11698.png,0
11699.png,1
11700.png,0
11701.png,0
11702.png,1
11703.png,0
11704.png,0
11705.png,1
11706.png,1
11707.png,1
11708.png,0
11709.png,0
11710.png,1
11711.png,1
11712.png,0
11713.png,0
11714.png,0
11715.png,0
11716.png,1
11717.png,1
11718.png,0
11719.png,0
11720.png,1
11721.png,1
11722.png,0
11723.png,1
11724.png,0
11725.png,1
11726.png,1
11727.png,1
11728.png,0
11729.png,1
11730.png,0
11731.png,1
11732.png,0
11733.png,0
11734.png,0
11735.png,1
11736.png,0
11737.png,1
11738.png,1
11739.png,1
11740.png,1
11741.png,1
11742.png,1
11743.png,1
11744.png,0
11745.png,1
11746.png,1
11747.png,0
11748.png,1
11749.png,1
11750.png,0
11751.png,1
11752.png,1
11753.png,0
11754.png,0
11755.png,0
11756.png,0
11757.png,0
11758.png,1
11759.png,0
11760.png,0
11761.png,0
11762.png,1
11763.png,1
11764.png,0
11765.png,0
11766.png,0
11767.png,0
11768.png,0
11769.png,0
11770.png,0
11771.png,0
11772.png,0
11773.png,1
11774.png,0
11775.png,1
11776.png,1
11777.png,0
11778.png,1
11779.png,1
11780.png,1
11781.png,1
11782.png,1
11783.png,0
11784.png,0
11785.png,0
11786.png,0
11787.png,1
11788.png,1
11789.png,1
11790.png,0
11791.png,0
11792.png,0
11793.png,0
11794.png,0
11795.png,1
11796.png,0
11797.png,0
11798.png,1
11799.png,1
11800.png,0
11801.png,1
11802.png,1
11803.png,1
11804.png,0
11805.png,1
11806.png,0
11807.png,0
11808.png,1
11809.png,0
11810.png,1
11811.png,1
11812.png,1
11813.png,0
11814.png,1
11815.png,0
11816.png,0
11817.png,1
11818.png,1
11819.png,0
11820.png,1
11821.png,0
11822.png,0
11823.png,1
11824.png,0
11825.png,0
11826.png,0
11827.png,1
11828.png,1
11829.png,1
11830.png,0
11831.png,0
11832.png,0
11833.png,0
11834.png,0
11835.png,0
11836.png,0
11837.png,0
11838.png,0
11839.png,1
11840.png,1
11841.png,0
11842.png,0
11843.png,1
11844.png,0
11845.png,0
11846.png,1
11847.png,1
11848.png,0
11849.png,0
11850.png,0
11851.png,1
11852.png,1
11853.png,1
11854.png,0
11855.png,1
11856.png,1
11857.png,1
11858.png,1
11859.png,0
11860.png,0
11861.png,0
11862.png,1
11863.png,0
11864.png,0
11865.png,0
11866.png,1
11867.png,1
11868.png,1
11869.png,0
11870.png,1
11871.png,0
11872.png,1
11873.png,1
11874.png,1
11875.png,1
11876.png,0
11877.png,0
11878.png,1
11879.png,1
11880.png,1
11881.png,0
11882.png,0
11883.png,0
11884.png,1
11885.png,0
11886.png,0
11887.png,0
11888.png,0
11889.png,1
11890.png,1
11891.png,1
11892.png,0
11893.png,0
11894.png,1
11895.png,0
11896.png,1
11897.png,0
11898.png,1
11899.png,0
11900.png,0
11901.png,0
11902.png,1
11903.png,0
11904.png,0
11905.png,1
11906.png,0
11907.png,1
11908.png,0
11909.png,0
11910.png,0
11911.png,0
11912.png,0
11913.png,0
11914.png,0
11915.png,1
11916.png,0
11917.png,1
11918.png,0
11919.png,0
11920.png,0
11921.png,0
11922.png,0
11923.png,1
11924.png,1
11925.png,0
11926.png,0
11927.png,1
11928.png,1
11929.png,1
11930.png,0
11931.png,0
11932.png,1
11933.png,0
11934.png,0
11935.png,1
11936.png,1
11937.png,0
11938.png,0
11939.png,0
11940.png,0
11941.png,0
11942.png,1
11943.png,0
11944.png,0
11945.png,0
11946.png,1
11947.png,1
11948.png,0
11949.png,0
11950.png,1
11951.png,1
11952.png,0
11953.png,0
11954.png,0
11955.png,1
11956.png,0
11957.png,1
11958.png,0
11959.png,1
11960.png,1
11961.png,1
11962.png,0
11963.png,1
11964.png,1
11965.png,0
11966.png,0
11967.png,0
11968.png,1
11969.png,1
11970.png,0
11971.png,0
11972.png,0
11973.png,1
11974.png,1
11975.png,0
11976.png,1
11977.png,1
11978.png,0
11979.png,0
11980.png,0
11981.png,0
11982.png,1
11983.png,1
11984.png,1
11985.png,1
11986.png,0
11987.png,0
11988.png,1
11989.png,1
11990.png,0
11991.png,0
11992.png,0
11993.png,0
11994.png,0
11995.png,0
11996.png,0
11997.png,1
11998.png,0
11999.png,1
12000.png,0
12001.png,1
12002.png,0
12003.png,0
12004.png,1
12005.png,1
12006.png,0
12007.png,1
12008.png,0
12009.png,1
12010.png,1
12011.png,0
12012.png,0
12013.png,0
12014.png,1
12015.png,1
12016.png,0
12017.png,1
