filename,label
101_1b1_Al_sc_Meditron_win000.wav,normal
101_1b1_Al_sc_Meditron_win001.wav,normal
101_1b1_Al_sc_Meditron_win002.wav,normal
101_1b1_Al_sc_Meditron_win003.wav,normal
101_1b1_Al_sc_Meditron_win004.wav,normal
101_1b1_Pr_sc_Meditron_win000.wav,normal
101_1b1_Pr_sc_Meditron_win001.wav,normal
101_1b1_Pr_sc_Meditron_win002.wav,normal
101_1b1_Pr_sc_Meditron_win003.wav,normal
101_1b1_Pr_sc_Meditron_win004.wav,normal
102_1b1_Ar_sc_Meditron_win000.wav,normal
102_1b1_Ar_sc_Meditron_win001.wav,normal
102_1b1_Ar_sc_Meditron_win002.wav,normal
102_1b1_Ar_sc_Meditron_win003.wav,normal
102_1b1_Ar_sc_Meditron_win004.wav,normal
103_2b2_Ar_mc_LittC2SE_win000.wav,wheeze
103_2b2_Ar_mc_LittC2SE_win001.wav,normal
103_2b2_Ar_mc_LittC2SE_win002.wav,wheeze
103_2b2_Ar_mc_LittC2SE_win003.wav,wheeze
103_2b2_Ar_mc_LittC2SE_win004.wav,wheeze
104_1b1_Al_sc_Litt3200_win000.wav,normal
104_1b1_Al_sc_Litt3200_win001.wav,normal
104_1b1_Al_sc_Litt3200_win002.wav,normal
104_1b1_Al_sc_Litt3200_win003.wav,normal
104_1b1_Ar_sc_Litt3200_win000.wav,wheeze
104_1b1_Ar_sc_Litt3200_win001.wav,wheeze
104_1b1_Ar_sc_Litt3200_win002.wav,wheeze
104_1b1_Ar_sc_Litt3200_win003.wav,wheeze
104_1b1_Ar_sc_Litt3200_win004.wav,wheeze
104_1b1_Ar_sc_Litt3200_win005.wav,normal
104_1b1_Ar_sc_Litt3200_win006.wav,normal
104_1b1_Ll_sc_Litt3200_win000.wav,normal
104_1b1_Ll_sc_Litt3200_win001.wav,normal
104_1b1_Ll_sc_Litt3200_win002.wav,crackle
104_1b1_Ll_sc_Litt3200_win003.wav,normal
104_1b1_Ll_sc_Litt3200_win004.wav,normal
104_1b1_Lr_sc_Litt3200_win000.wav,normal
104_1b1_Lr_sc_Litt3200_win001.wav,normal
104_1b1_Lr_sc_Litt3200_win002.wav,normal
104_1b1_Lr_sc_Litt3200_win003.wav,normal
104_1b1_Pl_sc_Litt3200_win000.wav,normal
104_1b1_Pl_sc_Litt3200_win001.wav,normal
104_1b1_Pl_sc_Litt3200_win002.wav,normal
104_1b1_Pl_sc_Litt3200_win003.wav,normal
104_1b1_Pl_sc_Litt3200_win004.wav,normal
104_1b1_Pl_sc_Litt3200_win005.wav,normal
104_1b1_Pr_sc_Litt3200_win000.wav,normal
104_1b1_Pr_sc_Litt3200_win001.wav,normal
104_1b1_Pr_sc_Litt3200_win002.wav,normal
104_1b1_Pr_sc_Litt3200_win003.wav,normal
104_1b1_Pr_sc_Litt3200_win004.wav,normal
104_1b1_Pr_sc_Litt3200_win005.wav,normal
105_1b1_Tc_sc_Meditron_win000.wav,normal
105_1b1_Tc_sc_Meditron_win001.wav,normal
105_1b1_Tc_sc_Meditron_win002.wav,normal
105_1b1_Tc_sc_Meditron_win003.wav,normal
105_1b1_Tc_sc_Meditron_win004.wav,normal
106_2b1_Pl_mc_LittC2SE_win000.wav,crackle
106_2b1_Pl_mc_LittC2SE_win001.wav,crackle
106_2b1_Pl_mc_LittC2SE_win002.wav,crackle
106_2b1_Pl_mc_LittC2SE_win003.wav,crackle
106_2b1_Pl_mc_LittC2SE_win004.wav,crackle
106_2b1_Pr_mc_LittC2SE_win000.wav,wheeze
106_2b1_Pr_mc_LittC2SE_win001.wav,wheeze
106_2b1_Pr_mc_LittC2SE_win002.wav,wheeze
106_2b1_Pr_mc_LittC2SE_win003.wav,wheeze
106_2b1_Pr_mc_LittC2SE_win004.wav,wheeze
107_2b3_Al_mc_AKGC417L_win000.wav,crackle
107_2b3_Al_mc_AKGC417L_win001.wav,crackle
107_2b3_Al_mc_AKGC417L_win002.wav,crackle
107_2b3_Al_mc_AKGC417L_win003.wav,crackle
107_2b3_Al_mc_AKGC417L_win004.wav,crackle
107_2b3_Ar_mc_AKGC417L_win000.wav,both
107_2b3_Ar_mc_AKGC417L_win001.wav,both
107_2b3_Ar_mc_AKGC417L_win002.wav,both
107_2b3_Ar_mc_AKGC417L_win003.wav,both
107_2b3_Ar_mc_AKGC417L_win004.wav,both
107_2b3_Ll_mc_AKGC417L_win000.wav,crackle
107_2b3_Ll_mc_AKGC417L_win001.wav,crackle
107_2b3_Ll_mc_AKGC417L_win002.wav,crackle
107_2b3_Ll_mc_AKGC417L_win003.wav,crackle
107_2b3_Ll_mc_AKGC417L_win004.wav,crackle
107_2b3_Lr_mc_AKGC417L_win000.wav,crackle
107_2b3_Lr_mc_AKGC417L_win001.wav,crackle
107_2b3_Lr_mc_AKGC417L_win002.wav,crackle
107_2b3_Lr_mc_AKGC417L_win003.wav,crackle
107_2b3_Lr_mc_AKGC417L_win004.wav,crackle
107_2b3_Pl_mc_AKGC417L_win000.wav,normal
107_2b3_Pl_mc_AKGC417L_win001.wav,normal
107_2b3_Pl_mc_AKGC417L_win002.wav,normal
107_2b3_Pl_mc_AKGC417L_win003.wav,normal
107_2b3_Pl_mc_AKGC417L_win004.wav,normal
107_2b3_Pr_mc_AKGC417L_win000.wav,crackle
107_2b3_Pr_mc_AKGC417L_win001.wav,both
107_2b3_Pr_mc_AKGC417L_win002.wav,crackle
107_2b3_Pr_mc_AKGC417L_win003.wav,both
107_2b3_Pr_mc_AKGC417L_win004.wav,both
107_2b3_Tc_mc_AKGC417L_win000.wav,normal
107_2b3_Tc_mc_AKGC417L_win001.wav,normal
107_2b3_Tc_mc_AKGC417L_win002.wav,crackle
107_2b3_Tc_mc_AKGC417L_win003.wav,normal
107_2b3_Tc_mc_AKGC417L_win004.wav,crackle
107_2b4_Al_mc_AKGC417L_win000.wav,crackle
107_2b4_Al_mc_AKGC417L_win001.wav,both
107_2b4_Al_mc_AKGC417L_win002.wav,both
107_2b4_Al_mc_AKGC417L_win003.wav,both
107_2b4_Al_mc_AKGC417L_win004.wav,crackle
107_2b4_Ar_mc_AKGC417L_win000.wav,crackle
107_2b4_Ar_mc_AKGC417L_win001.wav,crackle
107_2b4_Ar_mc_AKGC417L_win002.wav,crackle
107_2b4_Ar_mc_AKGC417L_win003.wav,crackle
107_2b4_Ar_mc_AKGC417L_win004.wav,crackle
107_2b4_Ll_mc_AKGC417L_win000.wav,crackle
107_2b4_Ll_mc_AKGC417L_win001.wav,crackle
107_2b4_Ll_mc_AKGC417L_win002.wav,crackle
107_2b4_Ll_mc_AKGC417L_win003.wav,crackle
107_2b4_Ll_mc_AKGC417L_win004.wav,crackle
107_2b4_Lr_mc_AKGC417L_win000.wav,crackle
107_2b4_Lr_mc_AKGC417L_win001.wav,crackle
107_2b4_Lr_mc_AKGC417L_win002.wav,crackle
107_2b4_Lr_mc_AKGC417L_win003.wav,crackle
107_2b4_Lr_mc_AKGC417L_win004.wav,crackle
107_2b4_Pl_mc_AKGC417L_win000.wav,crackle
107_2b4_Pl_mc_AKGC417L_win001.wav,crackle
107_2b4_Pl_mc_AKGC417L_win002.wav,normal
107_2b4_Pl_mc_AKGC417L_win003.wav,crackle
107_2b4_Pl_mc_AKGC417L_win004.wav,normal
107_2b4_Pr_mc_AKGC417L_win000.wav,crackle
107_2b4_Pr_mc_AKGC417L_win001.wav,crackle
107_2b4_Pr_mc_AKGC417L_win002.wav,crackle
107_2b4_Pr_mc_AKGC417L_win003.wav,crackle
107_2b4_Pr_mc_AKGC417L_win004.wav,crackle
107_2b4_Tc_mc_AKGC417L_win000.wav,normal
107_2b4_Tc_mc_AKGC417L_win001.wav,normal
107_2b4_Tc_mc_AKGC417L_win002.wav,normal
107_2b4_Tc_mc_AKGC417L_win003.wav,normal
107_2b4_Tc_mc_AKGC417L_win004.wav,normal
107_2b5_Al_mc_AKGC417L_win000.wav,crackle
107_2b5_Al_mc_AKGC417L_win001.wav,crackle
107_2b5_Al_mc_AKGC417L_win002.wav,crackle
107_2b5_Al_mc_AKGC417L_win003.wav,crackle
107_2b5_Al_mc_AKGC417L_win004.wav,crackle
107_2b5_Ar_mc_AKGC417L_win000.wav,crackle
107_2b5_Ar_mc_AKGC417L_win001.wav,crackle
107_2b5_Ar_mc_AKGC417L_win002.wav,both
107_2b5_Ar_mc_AKGC417L_win003.wav,normal
107_2b5_Ar_mc_AKGC417L_win004.wav,wheeze
107_2b5_Ll_mc_AKGC417L_win000.wav,crackle
107_2b5_Ll_mc_AKGC417L_win001.wav,crackle
107_2b5_Ll_mc_AKGC417L_win002.wav,crackle
107_2b5_Ll_mc_AKGC417L_win003.wav,normal
107_2b5_Ll_mc_AKGC417L_win004.wav,crackle
107_2b5_Lr_mc_AKGC417L_win000.wav,crackle
107_2b5_Lr_mc_AKGC417L_win001.wav,crackle
107_2b5_Lr_mc_AKGC417L_win002.wav,crackle
107_2b5_Lr_mc_AKGC417L_win003.wav,crackle
107_2b5_Lr_mc_AKGC417L_win004.wav,crackle
107_2b5_Pl_mc_AKGC417L_win000.wav,normal
107_2b5_Pl_mc_AKGC417L_win001.wav,normal
107_2b5_Pl_mc_AKGC417L_win002.wav,normal
107_2b5_Pl_mc_AKGC417L_win003.wav,normal
107_2b5_Pl_mc_AKGC417L_win004.wav,normal
107_2b5_Pr_mc_AKGC417L_win000.wav,crackle
107_2b5_Pr_mc_AKGC417L_win001.wav,crackle
107_2b5_Pr_mc_AKGC417L_win002.wav,crackle
107_2b5_Pr_mc_AKGC417L_win003.wav,crackle
107_2b5_Pr_mc_AKGC417L_win004.wav,both
107_2b5_Tc_mc_AKGC417L_win000.wav,normal
107_2b5_Tc_mc_AKGC417L_win001.wav,crackle
107_2b5_Tc_mc_AKGC417L_win002.wav,crackle
107_2b5_Tc_mc_AKGC417L_win003.wav,normal
107_2b5_Tc_mc_AKGC417L_win004.wav,normal
107_3p2_Al_mc_AKGC417L_win000.wav,both
107_3p2_Al_mc_AKGC417L_win001.wav,both
107_3p2_Al_mc_AKGC417L_win002.wav,crackle
107_3p2_Al_mc_AKGC417L_win003.wav,crackle
107_3p2_Al_mc_AKGC417L_win004.wav,crackle
107_3p2_Ar_mc_AKGC417L_win000.wav,wheeze
107_3p2_Ar_mc_AKGC417L_win001.wav,wheeze
107_3p2_Ar_mc_AKGC417L_win002.wav,both
107_3p2_Ar_mc_AKGC417L_win003.wav,both
107_3p2_Ar_mc_AKGC417L_win004.wav,both
107_3p2_Ll_mc_AKGC417L_win000.wav,crackle
107_3p2_Ll_mc_AKGC417L_win001.wav,crackle
107_3p2_Ll_mc_AKGC417L_win002.wav,crackle
107_3p2_Ll_mc_AKGC417L_win003.wav,crackle
107_3p2_Ll_mc_AKGC417L_win004.wav,crackle
107_3p2_Lr_mc_AKGC417L_win000.wav,wheeze
107_3p2_Lr_mc_AKGC417L_win001.wav,wheeze
107_3p2_Lr_mc_AKGC417L_win002.wav,wheeze
107_3p2_Lr_mc_AKGC417L_win003.wav,crackle
107_3p2_Lr_mc_AKGC417L_win004.wav,both
107_3p2_Pl_mc_AKGC417L_win000.wav,crackle
107_3p2_Pl_mc_AKGC417L_win001.wav,crackle
107_3p2_Pl_mc_AKGC417L_win002.wav,crackle
107_3p2_Pl_mc_AKGC417L_win003.wav,crackle
107_3p2_Pl_mc_AKGC417L_win004.wav,crackle
107_3p2_Pr_mc_AKGC417L_win000.wav,both
107_3p2_Pr_mc_AKGC417L_win001.wav,both
107_3p2_Pr_mc_AKGC417L_win002.wav,both
107_3p2_Pr_mc_AKGC417L_win003.wav,crackle
107_3p2_Pr_mc_AKGC417L_win004.wav,crackle
107_3p2_Tc_mc_AKGC417L_win000.wav,both
107_3p2_Tc_mc_AKGC417L_win001.wav,both
107_3p2_Tc_mc_AKGC417L_win002.wav,both
107_3p2_Tc_mc_AKGC417L_win003.wav,both
107_3p2_Tc_mc_AKGC417L_win004.wav,wheeze
108_1b1_Al_sc_Meditron_win000.wav,normal
108_1b1_Al_sc_Meditron_win001.wav,normal
108_1b1_Al_sc_Meditron_win002.wav,normal
108_1b1_Al_sc_Meditron_win003.wav,normal
108_1b1_Al_sc_Meditron_win004.wav,normal
109_1b1_Al_sc_Litt3200_win000.wav,normal
109_1b1_Al_sc_Litt3200_win001.wav,normal
109_1b1_Al_sc_Litt3200_win002.wav,normal
109_1b1_Al_sc_Litt3200_win003.wav,normal
109_1b1_Al_sc_Litt3200_win004.wav,normal
109_1b1_Al_sc_Litt3200_win005.wav,normal
109_1b1_Ar_sc_Litt3200_win000.wav,normal
109_1b1_Ar_sc_Litt3200_win001.wav,normal
109_1b1_Ar_sc_Litt3200_win002.wav,normal
109_1b1_Ar_sc_Litt3200_win003.wav,normal
109_1b1_Ar_sc_Litt3200_win004.wav,normal
109_1b1_Ll_sc_Litt3200_win000.wav,crackle
109_1b1_Ll_sc_Litt3200_win001.wav,crackle
109_1b1_Ll_sc_Litt3200_win002.wav,crackle
109_1b1_Ll_sc_Litt3200_win003.wav,crackle
109_1b1_Ll_sc_Litt3200_win004.wav,normal
109_1b1_Lr_sc_Litt3200_win000.wav,crackle
109_1b1_Lr_sc_Litt3200_win001.wav,crackle
109_1b1_Lr_sc_Litt3200_win002.wav,crackle
109_1b1_Lr_sc_Litt3200_win003.wav,crackle
109_1b1_Lr_sc_Litt3200_win004.wav,crackle
109_1b1_Pl_sc_Litt3200_win000.wav,normal
109_1b1_Pl_sc_Litt3200_win001.wav,normal
109_1b1_Pl_sc_Litt3200_win002.wav,normal
109_1b1_Pl_sc_Litt3200_win003.wav,normal
109_1b1_Pl_sc_Litt3200_win004.wav,normal
109_1b1_Pr_sc_Litt3200_win000.wav,normal
109_1b1_Pr_sc_Litt3200_win001.wav,normal
109_1b1_Pr_sc_Litt3200_win002.wav,normal
109_1b1_Pr_sc_Litt3200_win003.wav,normal
109_1b1_Pr_sc_Litt3200_win004.wav,normal
109_1b1_Pr_sc_Litt3200_win005.wav,normal
109_1b1_Pr_sc_Litt3200_win006.wav,normal
109_1b1_Pr_sc_Litt3200_win007.wav,normal
110_1b1_Pr_sc_Meditron_win000.wav,crackle
110_1b1_Pr_sc_Meditron_win001.wav,crackle
110_1b1_Pr_sc_Meditron_win002.wav,normal
110_1b1_Pr_sc_Meditron_win003.wav,normal
110_1b1_Pr_sc_Meditron_win004.wav,normal
110_1b1_Pr_sc_Meditron_win005.wav,normal
110_1b1_Pr_sc_Meditron_win006.wav,normal
110_1b1_Pr_sc_Meditron_win007.wav,normal
110_1b1_Pr_sc_Meditron_win008.wav,normal
110_1b1_Pr_sc_Meditron_win009.wav,normal
110_1b1_Pr_sc_Meditron_win010.wav,normal
110_1b1_Pr_sc_Meditron_win011.wav,normal
110_1b1_Pr_sc_Meditron_win012.wav,normal
110_1b1_Pr_sc_Meditron_win013.wav,normal
110_1b1_Pr_sc_Meditron_win014.wav,normal
110_1b1_Pr_sc_Meditron_win015.wav,normal
110_1b1_Pr_sc_Meditron_win016.wav,normal
110_1b1_Pr_sc_Meditron_win017.wav,normal
110_1p1_Al_sc_Meditron_win000.wav,crackle
110_1p1_Al_sc_Meditron_win001.wav,both
110_1p1_Al_sc_Meditron_win002.wav,both
110_1p1_Al_sc_Meditron_win003.wav,both
110_1p1_Al_sc_Meditron_win004.wav,crackle
110_1p1_Al_sc_Meditron_win005.wav,crackle
110_1p1_Al_sc_Meditron_win006.wav,crackle
110_1p1_Al_sc_Meditron_win007.wav,crackle
110_1p1_Al_sc_Meditron_win008.wav,crackle
110_1p1_Ll_sc_Meditron_win000.wav,normal
110_1p1_Ll_sc_Meditron_win001.wav,wheeze
110_1p1_Ll_sc_Meditron_win002.wav,wheeze
110_1p1_Ll_sc_Meditron_win003.wav,normal
110_1p1_Ll_sc_Meditron_win004.wav,normal
110_1p1_Ll_sc_Meditron_win005.wav,wheeze
110_1p1_Ll_sc_Meditron_win006.wav,normal
110_1p1_Ll_sc_Meditron_win007.wav,normal
110_1p1_Ll_sc_Meditron_win008.wav,normal
110_1p1_Lr_sc_Meditron_win000.wav,normal
110_1p1_Lr_sc_Meditron_win001.wav,crackle
110_1p1_Lr_sc_Meditron_win002.wav,crackle
110_1p1_Lr_sc_Meditron_win003.wav,crackle
110_1p1_Lr_sc_Meditron_win004.wav,crackle
110_1p1_Lr_sc_Meditron_win005.wav,crackle
110_1p1_Lr_sc_Meditron_win006.wav,crackle
110_1p1_Lr_sc_Meditron_win007.wav,crackle
110_1p1_Lr_sc_Meditron_win008.wav,normal
110_1p1_Pr_sc_Meditron_win000.wav,normal
110_1p1_Pr_sc_Meditron_win001.wav,normal
110_1p1_Pr_sc_Meditron_win002.wav,normal
110_1p1_Pr_sc_Meditron_win003.wav,normal
110_1p1_Pr_sc_Meditron_win004.wav,normal
110_1p1_Pr_sc_Meditron_win005.wav,normal
110_1p1_Pr_sc_Meditron_win006.wav,normal
110_1p1_Pr_sc_Meditron_win007.wav,normal
110_1p1_Pr_sc_Meditron_win008.wav,normal
110_1p1_Pr_sc_Meditron_win009.wav,normal
110_1p1_Pr_sc_Meditron_win010.wav,normal
110_1p1_Pr_sc_Meditron_win011.wav,normal
110_1p1_Pr_sc_Meditron_win012.wav,normal
110_1p1_Pr_sc_Meditron_win013.wav,normal
110_1p1_Pr_sc_Meditron_win014.wav,normal
110_1p1_Pr_sc_Meditron_win015.wav,normal
110_1p1_Pr_sc_Meditron_win016.wav,normal
110_1p1_Pr_sc_Meditron_win017.wav,normal
110_1p1_Pr_sc_Meditron_win018.wav,normal
111_1b2_Tc_sc_Meditron_win000.wav,normal
111_1b2_Tc_sc_Meditron_win001.wav,normal
111_1b2_Tc_sc_Meditron_win002.wav,normal
111_1b2_Tc_sc_Meditron_win003.wav,normal
111_1b2_Tc_sc_Meditron_win004.wav,normal
111_1b2_Tc_sc_Meditron_win005.wav,normal
111_1b3_Tc_sc_Meditron_win000.wav,normal
111_1b3_Tc_sc_Meditron_win001.wav,normal
111_1b3_Tc_sc_Meditron_win002.wav,normal
111_1b3_Tc_sc_Meditron_win003.wav,normal
111_1b3_Tc_sc_Meditron_win004.wav,normal
111_1b3_Tc_sc_Meditron_win005.wav,normal
112_1b1_Ar_sc_Meditron_win000.wav,normal
112_1b1_Ar_sc_Meditron_win001.wav,normal
112_1b1_Ar_sc_Meditron_win002.wav,normal
112_1b1_Ar_sc_Meditron_win003.wav,normal
112_1b1_Ar_sc_Meditron_win004.wav,normal
112_1b1_Ar_sc_Meditron_win005.wav,normal
112_1b1_Ar_sc_Meditron_win006.wav,normal
112_1b1_Ar_sc_Meditron_win007.wav,normal
112_1b1_Ar_sc_Meditron_win008.wav,normal
112_1b1_Ar_sc_Meditron_win009.wav,crackle
112_1b1_Ar_sc_Meditron_win010.wav,crackle
112_1b1_Ar_sc_Meditron_win011.wav,normal
112_1b1_Ar_sc_Meditron_win012.wav,normal
112_1b1_Ar_sc_Meditron_win013.wav,normal
112_1b1_Ar_sc_Meditron_win014.wav,normal
112_1b1_Ar_sc_Meditron_win015.wav,normal
112_1b1_Ar_sc_Meditron_win016.wav,normal
112_1b1_Lr_sc_Meditron_win000.wav,both
112_1b1_Lr_sc_Meditron_win001.wav,both
112_1b1_Lr_sc_Meditron_win002.wav,both
112_1b1_Lr_sc_Meditron_win003.wav,crackle
112_1b1_Lr_sc_Meditron_win004.wav,normal
112_1b1_Lr_sc_Meditron_win005.wav,wheeze
112_1b1_Lr_sc_Meditron_win006.wav,wheeze
112_1b1_Lr_sc_Meditron_win007.wav,wheeze
112_1b1_Lr_sc_Meditron_win008.wav,wheeze
112_1p1_Ll_sc_Litt3200_win000.wav,normal
112_1p1_Ll_sc_Litt3200_win001.wav,normal
112_1p1_Ll_sc_Litt3200_win002.wav,normal
112_1p1_Ll_sc_Litt3200_win003.wav,wheeze
112_1p1_Ll_sc_Litt3200_win004.wav,wheeze
112_1p1_Ll_sc_Litt3200_win005.wav,normal
112_1p1_Ll_sc_Litt3200_win006.wav,wheeze
112_1p1_Ll_sc_Litt3200_win007.wav,normal
112_1p1_Pl_sc_Litt3200_win000.wav,normal
112_1p1_Pl_sc_Litt3200_win001.wav,crackle
112_1p1_Pl_sc_Litt3200_win002.wav,both
112_1p1_Pl_sc_Litt3200_win003.wav,both
112_1p1_Pl_sc_Litt3200_win004.wav,both
112_1p1_Pl_sc_Litt3200_win005.wav,wheeze
112_1p1_Pl_sc_Litt3200_win006.wav,wheeze
112_1p1_Pl_sc_Litt3200_win007.wav,wheeze
112_1p1_Pr_sc_Litt3200_win000.wav,normal
112_1p1_Pr_sc_Litt3200_win001.wav,wheeze
112_1p1_Pr_sc_Litt3200_win002.wav,wheeze
112_1p1_Pr_sc_Litt3200_win003.wav,wheeze
112_1p1_Pr_sc_Litt3200_win004.wav,wheeze
112_1p1_Pr_sc_Litt3200_win005.wav,wheeze
112_1p1_Pr_sc_Litt3200_win006.wav,wheeze
112_1p1_Pr_sc_Litt3200_win007.wav,wheeze
113_1b1_Al_sc_Litt3200_win000.wav,normal
113_1b1_Al_sc_Litt3200_win001.wav,normal
113_1b1_Al_sc_Litt3200_win002.wav,normal
113_1b1_Al_sc_Litt3200_win003.wav,normal
113_1b1_Ar_sc_Litt3200_win000.wav,normal
113_1b1_Ar_sc_Litt3200_win001.wav,normal
113_1b1_Ar_sc_Litt3200_win002.wav,normal
113_1b1_Ar_sc_Litt3200_win003.wav,normal
113_1b1_Ll_sc_Litt3200_win000.wav,normal
113_1b1_Ll_sc_Litt3200_win001.wav,normal
113_1b1_Ll_sc_Litt3200_win002.wav,normal
113_1b1_Ll_sc_Litt3200_win003.wav,normal
113_1b1_Ll_sc_Litt3200_win004.wav,normal
113_1b1_Ll_sc_Litt3200_win005.wav,normal
113_1b1_Lr_sc_Litt3200_win000.wav,normal
113_1b1_Lr_sc_Litt3200_win001.wav,normal
113_1b1_Lr_sc_Litt3200_win002.wav,normal
113_1b1_Lr_sc_Litt3200_win003.wav,normal
113_1b1_Pl_sc_Litt3200_win000.wav,normal
113_1b1_Pl_sc_Litt3200_win001.wav,normal
113_1b1_Pl_sc_Litt3200_win002.wav,normal
113_1b1_Pl_sc_Litt3200_win003.wav,normal
113_1b1_Pl_sc_Litt3200_win004.wav,normal
113_1b1_Pr_sc_Litt3200_win000.wav,normal
113_1b1_Pr_sc_Litt3200_win001.wav,normal
113_1b1_Pr_sc_Litt3200_win002.wav,normal
113_1b1_Pr_sc_Litt3200_win003.wav,normal
113_1b1_Pr_sc_Litt3200_win004.wav,normal
113_1b1_Pr_sc_Litt3200_win005.wav,normal
114_1b4_Al_mc_AKGC417L_win000.wav,both
114_1b4_Al_mc_AKGC417L_win001.wav,both
114_1b4_Al_mc_AKGC417L_win002.wav,both
114_1b4_Al_mc_AKGC417L_win003.wav,both
114_1b4_Al_mc_AKGC417L_win004.wav,both
114_1b4_Ar_mc_AKGC417L_win000.wav,both
114_1b4_Ar_mc_AKGC417L_win001.wav,both
114_1b4_Ar_mc_AKGC417L_win002.wav,both
114_1b4_Ar_mc_AKGC417L_win003.wav,both
114_1b4_Ar_mc_AKGC417L_win004.wav,both
114_1b4_Lr_mc_AKGC417L_win000.wav,both
114_1b4_Lr_mc_AKGC417L_win001.wav,both
114_1b4_Lr_mc_AKGC417L_win002.wav,both
114_1b4_Lr_mc_AKGC417L_win003.wav,both
114_1b4_Lr_mc_AKGC417L_win004.wav,both
114_1b4_Pl_mc_AKGC417L_win000.wav,both
114_1b4_Pl_mc_AKGC417L_win001.wav,both
114_1b4_Pl_mc_AKGC417L_win002.wav,both
114_1b4_Pl_mc_AKGC417L_win003.wav,both
114_1b4_Pl_mc_AKGC417L_win004.wav,both
114_1b4_Pr_mc_AKGC417L_win000.wav,both
114_1b4_Pr_mc_AKGC417L_win001.wav,both
114_1b4_Pr_mc_AKGC417L_win002.wav,both
114_1b4_Pr_mc_AKGC417L_win003.wav,both
114_1b4_Pr_mc_AKGC417L_win004.wav,both
115_1b1_Ar_sc_Meditron_win000.wav,normal
115_1b1_Ar_sc_Meditron_win001.wav,normal
115_1b1_Ar_sc_Meditron_win002.wav,wheeze
115_1b1_Ar_sc_Meditron_win003.wav,normal
115_1b1_Ar_sc_Meditron_win004.wav,normal
116_1b2_Pl_sc_Meditron_win000.wav,normal
116_1b2_Pl_sc_Meditron_win001.wav,wheeze
116_1b2_Pl_sc_Meditron_win002.wav,normal
116_1b2_Pl_sc_Meditron_win003.wav,wheeze
116_1b2_Pl_sc_Meditron_win004.wav,normal
116_1b2_Pl_sc_Meditron_win005.wav,normal
116_1b2_Tc_sc_Meditron_win000.wav,normal
116_1b2_Tc_sc_Meditron_win001.wav,normal
116_1b2_Tc_sc_Meditron_win002.wav,normal
116_1b2_Tc_sc_Meditron_win003.wav,normal
116_1b2_Tc_sc_Meditron_win004.wav,normal
116_1b2_Tc_sc_Meditron_win005.wav,normal
117_1b2_Tc_mc_LittC2SE_win000.wav,normal
117_1b2_Tc_mc_LittC2SE_win001.wav,normal
117_1b2_Tc_mc_LittC2SE_win002.wav,normal
117_1b2_Tc_mc_LittC2SE_win003.wav,normal
117_1b2_Tc_mc_LittC2SE_win004.wav,normal
117_1b3_Tc_mc_LittC2SE_win000.wav,wheeze
117_1b3_Tc_mc_LittC2SE_win001.wav,wheeze
117_1b3_Tc_mc_LittC2SE_win002.wav,wheeze
117_1b3_Tc_mc_LittC2SE_win003.wav,wheeze
117_1b3_Tc_mc_LittC2SE_win004.wav,wheeze
118_1b1_Al_sc_Litt3200_win000.wav,wheeze
118_1b1_Al_sc_Litt3200_win001.wav,wheeze
118_1b1_Al_sc_Litt3200_win002.wav,wheeze
118_1b1_Al_sc_Litt3200_win003.wav,normal
118_1b1_Ar_sc_Litt3200_win000.wav,wheeze
118_1b1_Ar_sc_Litt3200_win001.wav,wheeze
118_1b1_Ar_sc_Litt3200_win002.wav,wheeze
118_1b1_Ar_sc_Litt3200_win003.wav,wheeze
118_1b1_Ar_sc_Litt3200_win004.wav,normal
118_1b1_Ll_sc_Litt3200_win000.wav,wheeze
118_1b1_Ll_sc_Litt3200_win001.wav,wheeze
118_1b1_Ll_sc_Litt3200_win002.wav,normal
118_1b1_Ll_sc_Litt3200_win003.wav,normal
118_1b1_Lr_sc_Litt3200_win000.wav,normal
118_1b1_Lr_sc_Litt3200_win001.wav,wheeze
118_1b1_Lr_sc_Litt3200_win002.wav,wheeze
118_1b1_Lr_sc_Litt3200_win003.wav,normal
118_1b1_Lr_sc_Litt3200_win004.wav,normal
118_1b1_Lr_sc_Litt3200_win005.wav,normal
118_1b1_Pl_sc_Litt3200_win000.wav,normal
118_1b1_Pl_sc_Litt3200_win001.wav,normal
118_1b1_Pl_sc_Litt3200_win002.wav,normal
118_1b1_Pl_sc_Litt3200_win003.wav,normal
118_1b1_Pr_sc_Litt3200_win000.wav,wheeze
118_1b1_Pr_sc_Litt3200_win001.wav,wheeze
118_1b1_Pr_sc_Litt3200_win002.wav,normal
118_1b1_Pr_sc_Litt3200_win003.wav,normal
119_1b1_Ar_sc_Meditron_win000.wav,normal
119_1b1_Ar_sc_Meditron_win001.wav,normal
119_1b1_Ar_sc_Meditron_win002.wav,normal
119_1b1_Ar_sc_Meditron_win003.wav,normal
119_1b1_Ar_sc_Meditron_win004.wav,normal
120_1b1_Al_sc_Meditron_win000.wav,normal
120_1b1_Al_sc_Meditron_win001.wav,normal
120_1b1_Al_sc_Meditron_win002.wav,normal
120_1b1_Al_sc_Meditron_win003.wav,normal
120_1b1_Al_sc_Meditron_win004.wav,normal
120_1b1_Al_sc_Meditron_win005.wav,normal
120_1b1_Al_sc_Meditron_win006.wav,normal
120_1b1_Al_sc_Meditron_win007.wav,normal
120_1b1_Al_sc_Meditron_win008.wav,normal
120_1b1_Al_sc_Meditron_win009.wav,normal
120_1b1_Al_sc_Meditron_win010.wav,normal
120_1b1_Al_sc_Meditron_win011.wav,normal
120_1b1_Al_sc_Meditron_win012.wav,normal
120_1b1_Al_sc_Meditron_win013.wav,normal
120_1b1_Al_sc_Meditron_win014.wav,normal
120_1b1_Al_sc_Meditron_win015.wav,normal
120_1b1_Al_sc_Meditron_win016.wav,normal
120_1b1_Ar_sc_Meditron_win000.wav,normal
120_1b1_Ar_sc_Meditron_win001.wav,normal
120_1b1_Ar_sc_Meditron_win002.wav,normal
120_1b1_Ar_sc_Meditron_win003.wav,normal
120_1b1_Ar_sc_Meditron_win004.wav,normal
120_1b1_Ar_sc_Meditron_win005.wav,normal
120_1b1_Ar_sc_Meditron_win006.wav,normal
120_1b1_Ar_sc_Meditron_win007.wav,normal
120_1b1_Ar_sc_Meditron_win008.wav,normal
120_1b1_Ar_sc_Meditron_win009.wav,normal
120_1b1_Ar_sc_Meditron_win010.wav,normal
120_1b1_Ar_sc_Meditron_win011.wav,normal
120_1b1_Ar_sc_Meditron_win012.wav,normal
120_1b1_Ar_sc_Meditron_win013.wav,normal
120_1b1_Ar_sc_Meditron_win014.wav,normal
120_1b1_Ar_sc_Meditron_win015.wav,normal
120_1b1_Ar_sc_Meditron_win016.wav,normal
120_1b1_Lr_sc_Meditron_win000.wav,normal
120_1b1_Lr_sc_Meditron_win001.wav,normal
120_1b1_Lr_sc_Meditron_win002.wav,normal
120_1b1_Lr_sc_Meditron_win003.wav,normal
120_1b1_Lr_sc_Meditron_win004.wav,normal
120_1b1_Lr_sc_Meditron_win005.wav,normal
120_1b1_Lr_sc_Meditron_win006.wav,normal
120_1b1_Lr_sc_Meditron_win007.wav,normal
120_1b1_Lr_sc_Meditron_win008.wav,normal
120_1b1_Lr_sc_Meditron_win009.wav,normal
120_1b1_Lr_sc_Meditron_win010.wav,normal
120_1b1_Lr_sc_Meditron_win011.wav,normal
120_1b1_Lr_sc_Meditron_win012.wav,normal
120_1b1_Lr_sc_Meditron_win013.wav,normal
120_1b1_Lr_sc_Meditron_win014.wav,normal
120_1b1_Lr_sc_Meditron_win015.wav,normal
120_1b1_Lr_sc_Meditron_win016.wav,normal
120_1b1_Lr_sc_Meditron_win017.wav,normal
120_1b1_Lr_sc_Meditron_win018.wav,normal
120_1b1_Lr_sc_Meditron_win019.wav,normal
120_1b1_Lr_sc_Meditron_win020.wav,normal
120_1b1_Lr_sc_Meditron_win021.wav,normal
120_1b1_Pl_sc_Meditron_win000.wav,normal
120_1b1_Pl_sc_Meditron_win001.wav,normal
120_1b1_Pl_sc_Meditron_win002.wav,normal
120_1b1_Pl_sc_Meditron_win003.wav,normal
120_1b1_Pl_sc_Meditron_win004.wav,normal
120_1b1_Pl_sc_Meditron_win005.wav,normal
120_1b1_Pl_sc_Meditron_win006.wav,normal
120_1b1_Pl_sc_Meditron_win007.wav,normal
120_1b1_Pl_sc_Meditron_win008.wav,normal
120_1b1_Pl_sc_Meditron_win009.wav,normal
120_1b1_Pl_sc_Meditron_win010.wav,crackle
120_1b1_Pl_sc_Meditron_win011.wav,crackle
120_1b1_Pl_sc_Meditron_win012.wav,crackle
120_1b1_Pl_sc_Meditron_win013.wav,crackle
120_1b1_Pl_sc_Meditron_win014.wav,crackle
120_1b1_Pl_sc_Meditron_win015.wav,crackle
120_1b1_Pl_sc_Meditron_win016.wav,crackle
120_1b1_Pr_sc_Meditron_win000.wav,crackle
120_1b1_Pr_sc_Meditron_win001.wav,crackle
120_1b1_Pr_sc_Meditron_win002.wav,normal
120_1b1_Pr_sc_Meditron_win003.wav,normal
120_1b1_Pr_sc_Meditron_win004.wav,normal
120_1b1_Pr_sc_Meditron_win005.wav,normal
120_1b1_Pr_sc_Meditron_win006.wav,normal
120_1b1_Pr_sc_Meditron_win007.wav,normal
120_1b1_Pr_sc_Meditron_win008.wav,normal
120_1b1_Pr_sc_Meditron_win009.wav,normal
120_1b1_Pr_sc_Meditron_win010.wav,normal
120_1b1_Pr_sc_Meditron_win011.wav,normal
120_1b1_Pr_sc_Meditron_win012.wav,normal
120_1b1_Pr_sc_Meditron_win013.wav,normal
120_1b1_Pr_sc_Meditron_win014.wav,normal
120_1b1_Pr_sc_Meditron_win015.wav,normal
120_1b1_Pr_sc_Meditron_win016.wav,normal
121_1b1_Tc_sc_Meditron_win000.wav,normal
121_1b1_Tc_sc_Meditron_win001.wav,normal
121_1b1_Tc_sc_Meditron_win002.wav,normal
121_1b1_Tc_sc_Meditron_win003.wav,normal
121_1b1_Tc_sc_Meditron_win004.wav,normal
121_1p1_Tc_sc_Meditron_win000.wav,normal
121_1p1_Tc_sc_Meditron_win001.wav,normal
121_1p1_Tc_sc_Meditron_win002.wav,normal
121_1p1_Tc_sc_Meditron_win003.wav,normal
121_1p1_Tc_sc_Meditron_win004.wav,normal
122_2b1_Al_mc_LittC2SE_win000.wav,normal
122_2b1_Al_mc_LittC2SE_win001.wav,wheeze
122_2b1_Al_mc_LittC2SE_win002.wav,wheeze
122_2b1_Al_mc_LittC2SE_win003.wav,normal
122_2b1_Al_mc_LittC2SE_win004.wav,normal
122_2b1_Ar_mc_LittC2SE_win000.wav,normal
122_2b1_Ar_mc_LittC2SE_win001.wav,wheeze
122_2b1_Ar_mc_LittC2SE_win002.wav,normal
122_2b1_Ar_mc_LittC2SE_win003.wav,normal
122_2b1_Ar_mc_LittC2SE_win004.wav,normal
122_2b1_Tc_mc_LittC2SE_win000.wav,wheeze
122_2b1_Tc_mc_LittC2SE_win001.wav,wheeze
122_2b1_Tc_mc_LittC2SE_win002.wav,wheeze
122_2b1_Tc_mc_LittC2SE_win003.wav,wheeze
122_2b1_Tc_mc_LittC2SE_win004.wav,wheeze
122_2b2_Al_mc_LittC2SE_win000.wav,normal
122_2b2_Al_mc_LittC2SE_win001.wav,normal
122_2b2_Al_mc_LittC2SE_win002.wav,normal
122_2b2_Al_mc_LittC2SE_win003.wav,normal
122_2b2_Al_mc_LittC2SE_win004.wav,normal
122_2b2_Ar_mc_LittC2SE_win000.wav,normal
122_2b2_Ar_mc_LittC2SE_win001.wav,normal
122_2b2_Ar_mc_LittC2SE_win002.wav,normal
122_2b2_Ar_mc_LittC2SE_win003.wav,normal
122_2b2_Ar_mc_LittC2SE_win004.wav,normal
122_2b2_Tc_mc_LittC2SE_win000.wav,wheeze
122_2b2_Tc_mc_LittC2SE_win001.wav,wheeze
122_2b2_Tc_mc_LittC2SE_win002.wav,wheeze
122_2b2_Tc_mc_LittC2SE_win003.wav,wheeze
122_2b2_Tc_mc_LittC2SE_win004.wav,wheeze
122_2b3_Al_mc_LittC2SE_win000.wav,normal
122_2b3_Al_mc_LittC2SE_win001.wav,wheeze
122_2b3_Al_mc_LittC2SE_win002.wav,normal
122_2b3_Al_mc_LittC2SE_win003.wav,normal
122_2b3_Al_mc_LittC2SE_win004.wav,normal
122_2b3_Ar_mc_LittC2SE_win000.wav,normal
122_2b3_Ar_mc_LittC2SE_win001.wav,wheeze
122_2b3_Ar_mc_LittC2SE_win002.wav,normal
122_2b3_Ar_mc_LittC2SE_win003.wav,normal
122_2b3_Ar_mc_LittC2SE_win004.wav,normal
122_2b3_Tc_mc_LittC2SE_win000.wav,normal
122_2b3_Tc_mc_LittC2SE_win001.wav,normal
122_2b3_Tc_mc_LittC2SE_win002.wav,normal
122_2b3_Tc_mc_LittC2SE_win003.wav,normal
122_2b3_Tc_mc_LittC2SE_win004.wav,normal
123_1b1_Al_sc_Meditron_win000.wav,normal
123_1b1_Al_sc_Meditron_win001.wav,normal
123_1b1_Al_sc_Meditron_win002.wav,normal
123_1b1_Al_sc_Meditron_win003.wav,normal
123_1b1_Al_sc_Meditron_win004.wav,normal
124_1b1_Al_sc_Litt3200_win000.wav,both
124_1b1_Al_sc_Litt3200_win001.wav,wheeze
124_1b1_Al_sc_Litt3200_win002.wav,wheeze
124_1b1_Al_sc_Litt3200_win003.wav,normal
124_1b1_Ar_sc_Litt3200_win000.wav,wheeze
124_1b1_Ar_sc_Litt3200_win001.wav,wheeze
124_1b1_Ar_sc_Litt3200_win002.wav,normal
124_1b1_Ll_sc_Litt3200_win000.wav,normal
124_1b1_Ll_sc_Litt3200_win001.wav,normal
124_1b1_Ll_sc_Litt3200_win002.wav,normal
124_1b1_Ll_sc_Litt3200_win003.wav,normal
124_1b1_Ll_sc_Litt3200_win004.wav,normal
124_1b1_Lr_sc_Litt3200_win000.wav,normal
124_1b1_Lr_sc_Litt3200_win001.wav,normal
124_1b1_Lr_sc_Litt3200_win002.wav,normal
124_1b1_Lr_sc_Litt3200_win003.wav,normal
124_1b1_Lr_sc_Litt3200_win004.wav,normal
124_1b1_Pl_sc_Litt3200_win000.wav,both
124_1b1_Pl_sc_Litt3200_win001.wav,wheeze
124_1b1_Pl_sc_Litt3200_win002.wav,normal
124_1b1_Pr_sc_Litt3200_win000.wav,normal
124_1b1_Pr_sc_Litt3200_win001.wav,normal
125_1b1_Tc_sc_Meditron_win000.wav,normal
125_1b1_Tc_sc_Meditron_win001.wav,crackle
125_1b1_Tc_sc_Meditron_win002.wav,normal
125_1b1_Tc_sc_Meditron_win003.wav,crackle
125_1b1_Tc_sc_Meditron_win004.wav,normal
126_1b1_Al_sc_Meditron_win000.wav,normal
126_1b1_Al_sc_Meditron_win001.wav,normal
126_1b1_Al_sc_Meditron_win002.wav,normal
126_1b1_Al_sc_Meditron_win003.wav,normal
126_1b1_Al_sc_Meditron_win004.wav,normal
127_1b1_Ar_sc_Meditron_win000.wav,normal
127_1b1_Ar_sc_Meditron_win001.wav,normal
127_1b1_Ar_sc_Meditron_win002.wav,crackle
127_1b1_Ar_sc_Meditron_win003.wav,crackle
127_1b1_Ar_sc_Meditron_win004.wav,crackle
128_1b3_Tc_mc_LittC2SE_win000.wav,crackle
128_1b3_Tc_mc_LittC2SE_win001.wav,normal
128_1b3_Tc_mc_LittC2SE_win002.wav,crackle
128_1b3_Tc_mc_LittC2SE_win003.wav,crackle
128_1b3_Tc_mc_LittC2SE_win004.wav,normal
129_1b1_Ar_sc_Meditron_win000.wav,crackle
129_1b1_Ar_sc_Meditron_win001.wav,normal
129_1b1_Ar_sc_Meditron_win002.wav,crackle
129_1b1_Ar_sc_Meditron_win003.wav,crackle
129_1b1_Ar_sc_Meditron_win004.wav,normal
130_1p2_Al_mc_AKGC417L_win000.wav,normal
130_1p2_Al_mc_AKGC417L_win001.wav,both
130_1p2_Al_mc_AKGC417L_win002.wav,both
130_1p2_Al_mc_AKGC417L_win003.wav,both
130_1p2_Al_mc_AKGC417L_win004.wav,wheeze
130_1p2_Ar_mc_AKGC417L_win000.wav,crackle
130_1p2_Ar_mc_AKGC417L_win001.wav,both
130_1p2_Ar_mc_AKGC417L_win002.wav,both
130_1p2_Ar_mc_AKGC417L_win003.wav,both
130_1p2_Ar_mc_AKGC417L_win004.wav,both
130_1p2_Ll_mc_AKGC417L_win000.wav,both
130_1p2_Ll_mc_AKGC417L_win001.wav,both
130_1p2_Ll_mc_AKGC417L_win002.wav,both
130_1p2_Ll_mc_AKGC417L_win003.wav,both
130_1p2_Ll_mc_AKGC417L_win004.wav,both
130_1p2_Lr_mc_AKGC417L_win000.wav,crackle
130_1p2_Lr_mc_AKGC417L_win001.wav,crackle
130_1p2_Lr_mc_AKGC417L_win002.wav,crackle
130_1p2_Lr_mc_AKGC417L_win003.wav,both
130_1p2_Lr_mc_AKGC417L_win004.wav,both
130_1p2_Pl_mc_AKGC417L_win000.wav,crackle
130_1p2_Pl_mc_AKGC417L_win001.wav,both
130_1p2_Pl_mc_AKGC417L_win002.wav,both
130_1p2_Pl_mc_AKGC417L_win003.wav,both
130_1p2_Pl_mc_AKGC417L_win004.wav,both
130_1p2_Pr_mc_AKGC417L_win000.wav,crackle
130_1p2_Pr_mc_AKGC417L_win001.wav,both
130_1p2_Pr_mc_AKGC417L_win002.wav,both
130_1p2_Pr_mc_AKGC417L_win003.wav,both
130_1p2_Pr_mc_AKGC417L_win004.wav,crackle
130_1p2_Tc_mc_AKGC417L_win000.wav,both
130_1p2_Tc_mc_AKGC417L_win001.wav,both
130_1p2_Tc_mc_AKGC417L_win002.wav,both
130_1p2_Tc_mc_AKGC417L_win003.wav,both
130_1p2_Tc_mc_AKGC417L_win004.wav,both
130_1p3_Al_mc_AKGC417L_win000.wav,wheeze
130_1p3_Al_mc_AKGC417L_win001.wav,both
130_1p3_Al_mc_AKGC417L_win002.wav,both
130_1p3_Al_mc_AKGC417L_win003.wav,both
130_1p3_Al_mc_AKGC417L_win004.wav,wheeze
130_1p3_Ar_mc_AKGC417L_win000.wav,normal
130_1p3_Ar_mc_AKGC417L_win001.wav,both
130_1p3_Ar_mc_AKGC417L_win002.wav,both
130_1p3_Ar_mc_AKGC417L_win003.wav,both
130_1p3_Ar_mc_AKGC417L_win004.wav,both
130_1p3_Ll_mc_AKGC417L_win000.wav,normal
130_1p3_Ll_mc_AKGC417L_win001.wav,wheeze
130_1p3_Ll_mc_AKGC417L_win002.wav,both
130_1p3_Ll_mc_AKGC417L_win003.wav,wheeze
130_1p3_Ll_mc_AKGC417L_win004.wav,wheeze
130_1p3_Lr_mc_AKGC417L_win000.wav,wheeze
130_1p3_Lr_mc_AKGC417L_win001.wav,wheeze
130_1p3_Lr_mc_AKGC417L_win002.wav,wheeze
130_1p3_Lr_mc_AKGC417L_win003.wav,normal
130_1p3_Lr_mc_AKGC417L_win004.wav,wheeze
130_1p3_Pl_mc_AKGC417L_win000.wav,wheeze
130_1p3_Pl_mc_AKGC417L_win001.wav,wheeze
130_1p3_Pl_mc_AKGC417L_win002.wav,wheeze
130_1p3_Pl_mc_AKGC417L_win003.wav,wheeze
130_1p3_Pl_mc_AKGC417L_win004.wav,wheeze
130_1p3_Pr_mc_AKGC417L_win000.wav,wheeze
130_1p3_Pr_mc_AKGC417L_win001.wav,wheeze
130_1p3_Pr_mc_AKGC417L_win002.wav,wheeze
130_1p3_Pr_mc_AKGC417L_win003.wav,normal
130_1p3_Pr_mc_AKGC417L_win004.wav,normal
130_1p3_Tc_mc_AKGC417L_win000.wav,wheeze
130_1p3_Tc_mc_AKGC417L_win001.wav,wheeze
130_1p3_Tc_mc_AKGC417L_win002.wav,wheeze
130_1p3_Tc_mc_AKGC417L_win003.wav,wheeze
130_1p3_Tc_mc_AKGC417L_win004.wav,wheeze
130_1p4_Al_mc_AKGC417L_win000.wav,wheeze
130_1p4_Al_mc_AKGC417L_win001.wav,wheeze
130_1p4_Al_mc_AKGC417L_win002.wav,wheeze
130_1p4_Al_mc_AKGC417L_win003.wav,wheeze
130_1p4_Al_mc_AKGC417L_win004.wav,wheeze
130_1p4_Ar_mc_AKGC417L_win000.wav,wheeze
130_1p4_Ar_mc_AKGC417L_win001.wav,wheeze
130_1p4_Ar_mc_AKGC417L_win002.wav,wheeze
130_1p4_Ar_mc_AKGC417L_win003.wav,wheeze
130_1p4_Ar_mc_AKGC417L_win004.wav,normal
130_1p4_Ll_mc_AKGC417L_win000.wav,wheeze
130_1p4_Ll_mc_AKGC417L_win001.wav,wheeze
130_1p4_Ll_mc_AKGC417L_win002.wav,wheeze
130_1p4_Ll_mc_AKGC417L_win003.wav,wheeze
130_1p4_Ll_mc_AKGC417L_win004.wav,wheeze
130_1p4_Lr_mc_AKGC417L_win000.wav,normal
130_1p4_Lr_mc_AKGC417L_win001.wav,wheeze
130_1p4_Lr_mc_AKGC417L_win002.wav,wheeze
130_1p4_Lr_mc_AKGC417L_win003.wav,wheeze
130_1p4_Lr_mc_AKGC417L_win004.wav,wheeze
130_1p4_Pl_mc_AKGC417L_win000.wav,wheeze
130_1p4_Pl_mc_AKGC417L_win001.wav,wheeze
130_1p4_Pl_mc_AKGC417L_win002.wav,wheeze
130_1p4_Pl_mc_AKGC417L_win003.wav,wheeze
130_1p4_Pl_mc_AKGC417L_win004.wav,wheeze
130_1p4_Pr_mc_AKGC417L_win000.wav,normal
130_1p4_Pr_mc_AKGC417L_win001.wav,normal
130_1p4_Pr_mc_AKGC417L_win002.wav,normal
130_1p4_Pr_mc_AKGC417L_win003.wav,normal
130_1p4_Pr_mc_AKGC417L_win004.wav,normal
130_1p4_Tc_mc_AKGC417L_win000.wav,wheeze
130_1p4_Tc_mc_AKGC417L_win001.wav,wheeze
130_1p4_Tc_mc_AKGC417L_win002.wav,wheeze
130_1p4_Tc_mc_AKGC417L_win003.wav,wheeze
130_1p4_Tc_mc_AKGC417L_win004.wav,wheeze
130_2b2_Al_mc_AKGC417L_win000.wav,crackle
130_2b2_Al_mc_AKGC417L_win001.wav,crackle
130_2b2_Al_mc_AKGC417L_win002.wav,crackle
130_2b2_Al_mc_AKGC417L_win003.wav,crackle
130_2b2_Al_mc_AKGC417L_win004.wav,crackle
130_2b2_Ar_mc_AKGC417L_win000.wav,crackle
130_2b2_Ar_mc_AKGC417L_win001.wav,crackle
130_2b2_Ar_mc_AKGC417L_win002.wav,normal
130_2b2_Ar_mc_AKGC417L_win003.wav,crackle
130_2b2_Ar_mc_AKGC417L_win004.wav,crackle
130_2b2_Ll_mc_AKGC417L_win000.wav,crackle
130_2b2_Ll_mc_AKGC417L_win001.wav,crackle
130_2b2_Ll_mc_AKGC417L_win002.wav,crackle
130_2b2_Ll_mc_AKGC417L_win003.wav,crackle
130_2b2_Ll_mc_AKGC417L_win004.wav,crackle
130_2b2_Lr_mc_AKGC417L_win000.wav,crackle
130_2b2_Lr_mc_AKGC417L_win001.wav,crackle
130_2b2_Lr_mc_AKGC417L_win002.wav,crackle
130_2b2_Lr_mc_AKGC417L_win003.wav,crackle
130_2b2_Lr_mc_AKGC417L_win004.wav,crackle
130_2b2_Pl_mc_AKGC417L_win000.wav,crackle
130_2b2_Pl_mc_AKGC417L_win001.wav,crackle
130_2b2_Pl_mc_AKGC417L_win002.wav,crackle
130_2b2_Pl_mc_AKGC417L_win003.wav,crackle
130_2b2_Pl_mc_AKGC417L_win004.wav,crackle
130_2b2_Pr_mc_AKGC417L_win000.wav,crackle
130_2b2_Pr_mc_AKGC417L_win001.wav,crackle
130_2b2_Pr_mc_AKGC417L_win002.wav,crackle
130_2b2_Pr_mc_AKGC417L_win003.wav,crackle
130_2b2_Pr_mc_AKGC417L_win004.wav,crackle
130_2b2_Tc_mc_AKGC417L_win000.wav,normal
130_2b2_Tc_mc_AKGC417L_win001.wav,normal
130_2b2_Tc_mc_AKGC417L_win002.wav,normal
130_2b2_Tc_mc_AKGC417L_win003.wav,normal
130_2b2_Tc_mc_AKGC417L_win004.wav,normal
130_2b3_Al_mc_AKGC417L_win000.wav,crackle
130_2b3_Al_mc_AKGC417L_win001.wav,crackle
130_2b3_Al_mc_AKGC417L_win002.wav,crackle
130_2b3_Al_mc_AKGC417L_win003.wav,crackle
130_2b3_Al_mc_AKGC417L_win004.wav,crackle
130_2b3_Ar_mc_AKGC417L_win000.wav,crackle
130_2b3_Ar_mc_AKGC417L_win001.wav,crackle
130_2b3_Ar_mc_AKGC417L_win002.wav,crackle
130_2b3_Ar_mc_AKGC417L_win003.wav,crackle
130_2b3_Ar_mc_AKGC417L_win004.wav,crackle
130_2b3_Ll_mc_AKGC417L_win000.wav,crackle
130_2b3_Ll_mc_AKGC417L_win001.wav,crackle
130_2b3_Ll_mc_AKGC417L_win002.wav,crackle
130_2b3_Ll_mc_AKGC417L_win003.wav,crackle
130_2b3_Ll_mc_AKGC417L_win004.wav,crackle
130_2b3_Lr_mc_AKGC417L_win000.wav,crackle
130_2b3_Lr_mc_AKGC417L_win001.wav,crackle
130_2b3_Lr_mc_AKGC417L_win002.wav,crackle
130_2b3_Lr_mc_AKGC417L_win003.wav,crackle
130_2b3_Lr_mc_AKGC417L_win004.wav,crackle
130_2b3_Pl_mc_AKGC417L_win000.wav,crackle
130_2b3_Pl_mc_AKGC417L_win001.wav,crackle
130_2b3_Pl_mc_AKGC417L_win002.wav,crackle
130_2b3_Pl_mc_AKGC417L_win003.wav,crackle
130_2b3_Pl_mc_AKGC417L_win004.wav,crackle
130_2b3_Pr_mc_AKGC417L_win000.wav,crackle
130_2b3_Pr_mc_AKGC417L_win001.wav,crackle
130_2b3_Pr_mc_AKGC417L_win002.wav,crackle
130_2b3_Pr_mc_AKGC417L_win003.wav,crackle
130_2b3_Pr_mc_AKGC417L_win004.wav,crackle
130_2b3_Tc_mc_AKGC417L_win000.wav,normal
130_2b3_Tc_mc_AKGC417L_win001.wav,normal
130_2b3_Tc_mc_AKGC417L_win002.wav,normal
130_2b3_Tc_mc_AKGC417L_win003.wav,normal
130_2b3_Tc_mc_AKGC417L_win004.wav,normal
130_2b4_Al_mc_AKGC417L_win000.wav,crackle
130_2b4_Al_mc_AKGC417L_win001.wav,crackle
130_2b4_Al_mc_AKGC417L_win002.wav,crackle
130_2b4_Al_mc_AKGC417L_win003.wav,crackle
130_2b4_Al_mc_AKGC417L_win004.wav,crackle
130_2b4_Ar_mc_AKGC417L_win000.wav,crackle
130_2b4_Ar_mc_AKGC417L_win001.wav,crackle
130_2b4_Ar_mc_AKGC417L_win002.wav,crackle
130_2b4_Ar_mc_AKGC417L_win003.wav,crackle
130_2b4_Ar_mc_AKGC417L_win004.wav,crackle
130_2b4_Ll_mc_AKGC417L_win000.wav,crackle
130_2b4_Ll_mc_AKGC417L_win001.wav,crackle
130_2b4_Ll_mc_AKGC417L_win002.wav,crackle
130_2b4_Ll_mc_AKGC417L_win003.wav,crackle
130_2b4_Ll_mc_AKGC417L_win004.wav,crackle
130_2b4_Lr_mc_AKGC417L_win000.wav,crackle
130_2b4_Lr_mc_AKGC417L_win001.wav,crackle
130_2b4_Lr_mc_AKGC417L_win002.wav,crackle
130_2b4_Lr_mc_AKGC417L_win003.wav,crackle
130_2b4_Lr_mc_AKGC417L_win004.wav,crackle
130_2b4_Pl_mc_AKGC417L_win000.wav,crackle
130_2b4_Pl_mc_AKGC417L_win001.wav,crackle
130_2b4_Pl_mc_AKGC417L_win002.wav,crackle
130_2b4_Pl_mc_AKGC417L_win003.wav,both
130_2b4_Pl_mc_AKGC417L_win004.wav,crackle
130_2p3_Pl_mc_AKGC417L_win000.wav,crackle
130_2p3_Pl_mc_AKGC417L_win001.wav,crackle
130_2p3_Pl_mc_AKGC417L_win002.wav,crackle
130_2p3_Pl_mc_AKGC417L_win003.wav,crackle
130_2p3_Pl_mc_AKGC417L_win004.wav,crackle
130_2p5_Al_mc_AKGC417L_win000.wav,crackle
130_2p5_Al_mc_AKGC417L_win001.wav,crackle
130_2p5_Al_mc_AKGC417L_win002.wav,crackle
130_2p5_Al_mc_AKGC417L_win003.wav,crackle
130_2p5_Al_mc_AKGC417L_win004.wav,both
130_2p5_Ar_mc_AKGC417L_win000.wav,crackle
130_2p5_Ar_mc_AKGC417L_win001.wav,crackle
130_2p5_Ar_mc_AKGC417L_win002.wav,crackle
130_2p5_Ar_mc_AKGC417L_win003.wav,crackle
130_2p5_Ar_mc_AKGC417L_win004.wav,crackle
130_2p5_Lr_mc_AKGC417L_win000.wav,crackle
130_2p5_Lr_mc_AKGC417L_win001.wav,crackle
130_2p5_Lr_mc_AKGC417L_win002.wav,crackle
130_2p5_Lr_mc_AKGC417L_win003.wav,crackle
130_2p5_Lr_mc_AKGC417L_win004.wav,crackle
130_2p5_Pl_mc_AKGC417L_win000.wav,crackle
130_2p5_Pl_mc_AKGC417L_win001.wav,crackle
130_2p5_Pl_mc_AKGC417L_win002.wav,both
130_2p5_Pl_mc_AKGC417L_win003.wav,both
130_2p5_Pl_mc_AKGC417L_win004.wav,crackle
130_2p5_Pr_mc_AKGC417L_win000.wav,both
130_2p5_Pr_mc_AKGC417L_win001.wav,crackle
130_2p5_Pr_mc_AKGC417L_win002.wav,crackle
130_2p5_Pr_mc_AKGC417L_win003.wav,crackle
130_2p5_Pr_mc_AKGC417L_win004.wav,crackle
130_2p5_Tc_mc_AKGC417L_win000.wav,crackle
130_2p5_Tc_mc_AKGC417L_win001.wav,crackle
130_2p5_Tc_mc_AKGC417L_win002.wav,crackle
130_2p5_Tc_mc_AKGC417L_win003.wav,both
130_2p5_Tc_mc_AKGC417L_win004.wav,crackle
130_3b3_Ll_mc_AKGC417L_win000.wav,crackle
130_3b3_Ll_mc_AKGC417L_win001.wav,crackle
130_3b3_Ll_mc_AKGC417L_win002.wav,crackle
130_3b3_Ll_mc_AKGC417L_win003.wav,crackle
130_3b3_Ll_mc_AKGC417L_win004.wav,crackle
130_3b4_Al_mc_AKGC417L_win000.wav,normal
130_3b4_Al_mc_AKGC417L_win001.wav,normal
130_3b4_Al_mc_AKGC417L_win002.wav,normal
130_3b4_Al_mc_AKGC417L_win003.wav,normal
130_3b4_Al_mc_AKGC417L_win004.wav,normal
130_3b4_Ar_mc_AKGC417L_win000.wav,normal
130_3b4_Ar_mc_AKGC417L_win001.wav,normal
130_3b4_Ar_mc_AKGC417L_win002.wav,normal
130_3b4_Ar_mc_AKGC417L_win003.wav,normal
130_3b4_Ar_mc_AKGC417L_win004.wav,normal
130_3b4_Lr_mc_AKGC417L_win000.wav,crackle
130_3b4_Lr_mc_AKGC417L_win001.wav,crackle
130_3b4_Lr_mc_AKGC417L_win002.wav,crackle
130_3b4_Lr_mc_AKGC417L_win003.wav,crackle
130_3b4_Lr_mc_AKGC417L_win004.wav,crackle
130_3b4_Pl_mc_AKGC417L_win000.wav,crackle
130_3b4_Pl_mc_AKGC417L_win001.wav,crackle
130_3b4_Pl_mc_AKGC417L_win002.wav,crackle
130_3b4_Pl_mc_AKGC417L_win003.wav,crackle
130_3b4_Pl_mc_AKGC417L_win004.wav,crackle
130_3b4_Pr_mc_AKGC417L_win000.wav,crackle
130_3b4_Pr_mc_AKGC417L_win001.wav,crackle
130_3b4_Pr_mc_AKGC417L_win002.wav,crackle
130_3b4_Pr_mc_AKGC417L_win003.wav,crackle
130_3b4_Pr_mc_AKGC417L_win004.wav,crackle
130_3p2_Al_mc_AKGC417L_win000.wav,crackle
130_3p2_Al_mc_AKGC417L_win001.wav,crackle
130_3p2_Al_mc_AKGC417L_win002.wav,crackle
130_3p2_Al_mc_AKGC417L_win003.wav,crackle
130_3p2_Al_mc_AKGC417L_win004.wav,crackle
130_3p2_Ar_mc_AKGC417L_win000.wav,crackle
130_3p2_Ar_mc_AKGC417L_win001.wav,normal
130_3p2_Ar_mc_AKGC417L_win002.wav,crackle
130_3p2_Ar_mc_AKGC417L_win003.wav,crackle
130_3p2_Ar_mc_AKGC417L_win004.wav,normal
130_3p2_Pl_mc_AKGC417L_win000.wav,crackle
130_3p2_Pl_mc_AKGC417L_win001.wav,crackle
130_3p2_Pl_mc_AKGC417L_win002.wav,crackle
130_3p2_Pl_mc_AKGC417L_win003.wav,crackle
130_3p2_Pl_mc_AKGC417L_win004.wav,crackle
130_3p2_Pr_mc_AKGC417L_win000.wav,crackle
130_3p2_Pr_mc_AKGC417L_win001.wav,crackle
130_3p2_Pr_mc_AKGC417L_win002.wav,crackle
130_3p2_Pr_mc_AKGC417L_win003.wav,crackle
130_3p2_Pr_mc_AKGC417L_win004.wav,crackle
130_3p2_Tc_mc_AKGC417L_win000.wav,crackle
130_3p2_Tc_mc_AKGC417L_win001.wav,crackle
130_3p2_Tc_mc_AKGC417L_win002.wav,crackle
130_3p2_Tc_mc_AKGC417L_win003.wav,crackle
130_3p2_Tc_mc_AKGC417L_win004.wav,crackle
130_3p3_Al_mc_AKGC417L_win000.wav,crackle
130_3p3_Al_mc_AKGC417L_win001.wav,crackle
130_3p3_Al_mc_AKGC417L_win002.wav,crackle
130_3p3_Al_mc_AKGC417L_win003.wav,crackle
130_3p3_Al_mc_AKGC417L_win004.wav,both
130_3p3_Pl_mc_AKGC417L_win000.wav,crackle
130_3p3_Pl_mc_AKGC417L_win001.wav,crackle
130_3p3_Pl_mc_AKGC417L_win002.wav,crackle
130_3p3_Pl_mc_AKGC417L_win003.wav,crackle
130_3p3_Pl_mc_AKGC417L_win004.wav,both
130_3p3_Pr_mc_AKGC417L_win000.wav,crackle
130_3p3_Pr_mc_AKGC417L_win001.wav,crackle
130_3p3_Pr_mc_AKGC417L_win002.wav,both
130_3p3_Pr_mc_AKGC417L_win003.wav,crackle
130_3p3_Pr_mc_AKGC417L_win004.wav,crackle
130_3p3_Tc_mc_AKGC417L_win000.wav,crackle
130_3p3_Tc_mc_AKGC417L_win001.wav,crackle
130_3p3_Tc_mc_AKGC417L_win002.wav,crackle
130_3p3_Tc_mc_AKGC417L_win003.wav,crackle
130_3p3_Tc_mc_AKGC417L_win004.wav,both
130_3p4_Al_mc_AKGC417L_win000.wav,both
130_3p4_Al_mc_AKGC417L_win001.wav,both
130_3p4_Al_mc_AKGC417L_win002.wav,crackle
130_3p4_Al_mc_AKGC417L_win003.wav,crackle
130_3p4_Al_mc_AKGC417L_win004.wav,crackle
130_3p4_Pl_mc_AKGC417L_win000.wav,both
130_3p4_Pl_mc_AKGC417L_win001.wav,both
130_3p4_Pl_mc_AKGC417L_win002.wav,both
130_3p4_Pl_mc_AKGC417L_win003.wav,both
130_3p4_Pl_mc_AKGC417L_win004.wav,crackle
130_3p4_Pr_mc_AKGC417L_win000.wav,both
130_3p4_Pr_mc_AKGC417L_win001.wav,both
130_3p4_Pr_mc_AKGC417L_win002.wav,crackle
130_3p4_Pr_mc_AKGC417L_win003.wav,crackle
130_3p4_Pr_mc_AKGC417L_win004.wav,crackle
130_3p4_Tc_mc_AKGC417L_win000.wav,both
130_3p4_Tc_mc_AKGC417L_win001.wav,both
130_3p4_Tc_mc_AKGC417L_win002.wav,both
130_3p4_Tc_mc_AKGC417L_win003.wav,both
130_3p4_Tc_mc_AKGC417L_win004.wav,crackle
131_1b1_Al_sc_Meditron_win000.wav,normal
131_1b1_Al_sc_Meditron_win001.wav,wheeze
131_1b1_Al_sc_Meditron_win002.wav,normal
131_1b1_Al_sc_Meditron_win003.wav,normal
131_1b1_Al_sc_Meditron_win004.wav,wheeze
132_2b1_Lr_mc_LittC2SE_win000.wav,crackle
132_2b1_Lr_mc_LittC2SE_win001.wav,crackle
132_2b1_Lr_mc_LittC2SE_win002.wav,crackle
132_2b1_Lr_mc_LittC2SE_win003.wav,crackle
132_2b1_Lr_mc_LittC2SE_win004.wav,crackle
132_2b2_Lr_mc_LittC2SE_win000.wav,crackle
132_2b2_Lr_mc_LittC2SE_win001.wav,crackle
132_2b2_Lr_mc_LittC2SE_win002.wav,crackle
132_2b2_Lr_mc_LittC2SE_win003.wav,crackle
132_2b2_Lr_mc_LittC2SE_win004.wav,crackle
133_2p2_Al_mc_AKGC417L_win000.wav,normal
133_2p2_Al_mc_AKGC417L_win001.wav,normal
133_2p2_Al_mc_AKGC417L_win002.wav,crackle
133_2p2_Al_mc_AKGC417L_win003.wav,crackle
133_2p2_Al_mc_AKGC417L_win004.wav,normal
133_2p2_Ar_mc_AKGC417L_win000.wav,normal
133_2p2_Ar_mc_AKGC417L_win001.wav,normal
133_2p2_Ar_mc_AKGC417L_win002.wav,normal
133_2p2_Ar_mc_AKGC417L_win003.wav,normal
133_2p2_Ar_mc_AKGC417L_win004.wav,normal
133_2p2_Pl_mc_AKGC417L_win000.wav,crackle
133_2p2_Pl_mc_AKGC417L_win001.wav,crackle
133_2p2_Pl_mc_AKGC417L_win002.wav,crackle
133_2p2_Pl_mc_AKGC417L_win003.wav,crackle
133_2p2_Pl_mc_AKGC417L_win004.wav,crackle
133_2p2_Tc_mc_AKGC417L_win000.wav,normal
133_2p2_Tc_mc_AKGC417L_win001.wav,crackle
133_2p2_Tc_mc_AKGC417L_win002.wav,normal
133_2p2_Tc_mc_AKGC417L_win003.wav,crackle
133_2p2_Tc_mc_AKGC417L_win004.wav,normal
133_2p3_Al_mc_AKGC417L_win000.wav,normal
133_2p3_Al_mc_AKGC417L_win001.wav,normal
133_2p3_Al_mc_AKGC417L_win002.wav,normal
133_2p3_Al_mc_AKGC417L_win003.wav,normal
133_2p3_Al_mc_AKGC417L_win004.wav,normal
133_2p3_Ar_mc_AKGC417L_win000.wav,normal
133_2p3_Ar_mc_AKGC417L_win001.wav,normal
133_2p3_Ar_mc_AKGC417L_win002.wav,normal
133_2p3_Ar_mc_AKGC417L_win003.wav,normal
133_2p3_Ar_mc_AKGC417L_win004.wav,normal
133_2p3_Pl_mc_AKGC417L_win000.wav,crackle
133_2p3_Pl_mc_AKGC417L_win001.wav,crackle
133_2p3_Pl_mc_AKGC417L_win002.wav,crackle
133_2p3_Pl_mc_AKGC417L_win003.wav,crackle
133_2p3_Pl_mc_AKGC417L_win004.wav,crackle
133_2p3_Pr_mc_AKGC417L_win000.wav,normal
133_2p3_Pr_mc_AKGC417L_win001.wav,normal
133_2p3_Pr_mc_AKGC417L_win002.wav,normal
133_2p3_Pr_mc_AKGC417L_win003.wav,normal
133_2p3_Pr_mc_AKGC417L_win004.wav,normal
133_2p3_Tc_mc_AKGC417L_win000.wav,normal
133_2p3_Tc_mc_AKGC417L_win001.wav,normal
133_2p3_Tc_mc_AKGC417L_win002.wav,normal
133_2p3_Tc_mc_AKGC417L_win003.wav,crackle
133_2p3_Tc_mc_AKGC417L_win004.wav,crackle
133_2p4_Al_mc_AKGC417L_win000.wav,normal
133_2p4_Al_mc_AKGC417L_win001.wav,normal
133_2p4_Al_mc_AKGC417L_win002.wav,normal
133_2p4_Al_mc_AKGC417L_win003.wav,wheeze
133_2p4_Al_mc_AKGC417L_win004.wav,wheeze
133_2p4_Ar_mc_AKGC417L_win000.wav,crackle
133_2p4_Ar_mc_AKGC417L_win001.wav,normal
133_2p4_Ar_mc_AKGC417L_win002.wav,normal
133_2p4_Ar_mc_AKGC417L_win003.wav,normal
133_2p4_Ar_mc_AKGC417L_win004.wav,normal
133_2p4_Pl_mc_AKGC417L_win000.wav,crackle
133_2p4_Pl_mc_AKGC417L_win001.wav,crackle
133_2p4_Pl_mc_AKGC417L_win002.wav,crackle
133_2p4_Pl_mc_AKGC417L_win003.wav,crackle
133_2p4_Pl_mc_AKGC417L_win004.wav,crackle
133_2p4_Pr_mc_AKGC417L_win000.wav,normal
133_2p4_Pr_mc_AKGC417L_win001.wav,normal
133_2p4_Pr_mc_AKGC417L_win002.wav,crackle
133_2p4_Pr_mc_AKGC417L_win003.wav,normal
133_2p4_Pr_mc_AKGC417L_win004.wav,normal
133_2p4_Tc_mc_AKGC417L_win000.wav,normal
133_2p4_Tc_mc_AKGC417L_win001.wav,crackle
133_2p4_Tc_mc_AKGC417L_win002.wav,normal
133_2p4_Tc_mc_AKGC417L_win003.wav,wheeze
133_2p4_Tc_mc_AKGC417L_win004.wav,wheeze
133_3p2_Al_mc_AKGC417L_win000.wav,wheeze
133_3p2_Al_mc_AKGC417L_win001.wav,wheeze
133_3p2_Al_mc_AKGC417L_win002.wav,wheeze
133_3p2_Al_mc_AKGC417L_win003.wav,wheeze
133_3p2_Al_mc_AKGC417L_win004.wav,wheeze
133_3p2_Ar_mc_AKGC417L_win000.wav,normal
133_3p2_Ar_mc_AKGC417L_win001.wav,wheeze
133_3p2_Ar_mc_AKGC417L_win002.wav,wheeze
133_3p2_Ar_mc_AKGC417L_win003.wav,wheeze
133_3p2_Ar_mc_AKGC417L_win004.wav,wheeze
133_3p2_Pl_mc_AKGC417L_win000.wav,both
133_3p2_Pl_mc_AKGC417L_win001.wav,wheeze
133_3p2_Pl_mc_AKGC417L_win002.wav,wheeze
133_3p2_Pl_mc_AKGC417L_win003.wav,wheeze
133_3p2_Pl_mc_AKGC417L_win004.wav,wheeze
133_3p2_Pr_mc_AKGC417L_win000.wav,wheeze
133_3p2_Pr_mc_AKGC417L_win001.wav,both
133_3p2_Pr_mc_AKGC417L_win002.wav,wheeze
133_3p2_Pr_mc_AKGC417L_win003.wav,both
133_3p2_Pr_mc_AKGC417L_win004.wav,wheeze
133_3p4_Tc_mc_AKGC417L_win000.wav,wheeze
133_3p4_Tc_mc_AKGC417L_win001.wav,wheeze
133_3p4_Tc_mc_AKGC417L_win002.wav,wheeze
133_3p4_Tc_mc_AKGC417L_win003.wav,wheeze
133_3p4_Tc_mc_AKGC417L_win004.wav,wheeze
134_2b1_Al_mc_LittC2SE_win000.wav,normal
134_2b1_Al_mc_LittC2SE_win001.wav,normal
134_2b1_Al_mc_LittC2SE_win002.wav,normal
134_2b1_Al_mc_LittC2SE_win003.wav,normal
134_2b1_Al_mc_LittC2SE_win004.wav,normal
134_2b1_Ar_mc_LittC2SE_win000.wav,normal
134_2b1_Ar_mc_LittC2SE_win001.wav,normal
134_2b1_Ar_mc_LittC2SE_win002.wav,normal
134_2b1_Ar_mc_LittC2SE_win003.wav,normal
134_2b1_Ar_mc_LittC2SE_win004.wav,normal
134_2b2_Al_mc_LittC2SE_win000.wav,normal
134_2b2_Al_mc_LittC2SE_win001.wav,normal
134_2b2_Al_mc_LittC2SE_win002.wav,normal
134_2b2_Al_mc_LittC2SE_win003.wav,normal
134_2b2_Al_mc_LittC2SE_win004.wav,normal
134_2b2_Ar_mc_LittC2SE_win000.wav,normal
134_2b2_Ar_mc_LittC2SE_win001.wav,normal
134_2b2_Ar_mc_LittC2SE_win002.wav,normal
134_2b2_Ar_mc_LittC2SE_win003.wav,normal
134_2b2_Ar_mc_LittC2SE_win004.wav,normal
134_2b3_Ar_mc_LittC2SE_win000.wav,normal
134_2b3_Ar_mc_LittC2SE_win001.wav,normal
134_2b3_Ar_mc_LittC2SE_win002.wav,normal
134_2b3_Ar_mc_LittC2SE_win003.wav,wheeze
134_2b3_Ar_mc_LittC2SE_win004.wav,normal
135_2b1_Al_mc_LittC2SE_win000.wav,normal
135_2b1_Al_mc_LittC2SE_win001.wav,normal
135_2b1_Al_mc_LittC2SE_win002.wav,normal
135_2b1_Al_mc_LittC2SE_win003.wav,normal
135_2b1_Al_mc_LittC2SE_win004.wav,normal
135_2b1_Ar_mc_LittC2SE_win000.wav,normal
135_2b1_Ar_mc_LittC2SE_win001.wav,normal
135_2b1_Ar_mc_LittC2SE_win002.wav,normal
135_2b1_Ar_mc_LittC2SE_win003.wav,normal
135_2b1_Ar_mc_LittC2SE_win004.wav,normal
135_2b1_Pl_mc_LittC2SE_win000.wav,crackle
135_2b1_Pl_mc_LittC2SE_win001.wav,crackle
135_2b1_Pl_mc_LittC2SE_win002.wav,crackle
135_2b1_Pl_mc_LittC2SE_win003.wav,normal
135_2b1_Pl_mc_LittC2SE_win004.wav,normal
135_2b1_Tc_mc_LittC2SE_win000.wav,normal
135_2b1_Tc_mc_LittC2SE_win001.wav,normal
135_2b1_Tc_mc_LittC2SE_win002.wav,normal
135_2b1_Tc_mc_LittC2SE_win003.wav,normal
135_2b1_Tc_mc_LittC2SE_win004.wav,normal
135_2b2_Al_mc_LittC2SE_win000.wav,normal
135_2b2_Al_mc_LittC2SE_win001.wav,normal
135_2b2_Al_mc_LittC2SE_win002.wav,normal
135_2b2_Al_mc_LittC2SE_win003.wav,normal
135_2b2_Al_mc_LittC2SE_win004.wav,normal
135_2b2_Ar_mc_LittC2SE_win000.wav,normal
135_2b2_Ar_mc_LittC2SE_win001.wav,normal
135_2b2_Ar_mc_LittC2SE_win002.wav,normal
135_2b2_Ar_mc_LittC2SE_win003.wav,normal
135_2b2_Ar_mc_LittC2SE_win004.wav,normal
135_2b2_Pl_mc_LittC2SE_win000.wav,normal
135_2b2_Pl_mc_LittC2SE_win001.wav,normal
135_2b2_Pl_mc_LittC2SE_win002.wav,normal
135_2b2_Pl_mc_LittC2SE_win003.wav,normal
135_2b2_Pl_mc_LittC2SE_win004.wav,normal
135_2b2_Tc_mc_LittC2SE_win000.wav,normal
135_2b2_Tc_mc_LittC2SE_win001.wav,normal
135_2b2_Tc_mc_LittC2SE_win002.wav,normal
135_2b2_Tc_mc_LittC2SE_win003.wav,normal
135_2b2_Tc_mc_LittC2SE_win004.wav,normal
135_2b3_Al_mc_LittC2SE_win000.wav,normal
135_2b3_Al_mc_LittC2SE_win001.wav,normal
135_2b3_Al_mc_LittC2SE_win002.wav,normal
135_2b3_Al_mc_LittC2SE_win003.wav,normal
135_2b3_Al_mc_LittC2SE_win004.wav,normal
135_2b3_Ar_mc_LittC2SE_win000.wav,normal
135_2b3_Ar_mc_LittC2SE_win001.wav,normal
135_2b3_Ar_mc_LittC2SE_win002.wav,normal
135_2b3_Ar_mc_LittC2SE_win003.wav,normal
135_2b3_Ar_mc_LittC2SE_win004.wav,normal
135_2b3_Pl_mc_LittC2SE_win000.wav,normal
135_2b3_Pl_mc_LittC2SE_win001.wav,normal
135_2b3_Pl_mc_LittC2SE_win002.wav,normal
135_2b3_Pl_mc_LittC2SE_win003.wav,normal
135_2b3_Pl_mc_LittC2SE_win004.wav,normal
135_2b3_Pr_mc_LittC2SE_win000.wav,normal
135_2b3_Pr_mc_LittC2SE_win001.wav,normal
135_2b3_Pr_mc_LittC2SE_win002.wav,normal
135_2b3_Pr_mc_LittC2SE_win003.wav,normal
135_2b3_Pr_mc_LittC2SE_win004.wav,normal
135_2b3_Tc_mc_LittC2SE_win000.wav,normal
135_2b3_Tc_mc_LittC2SE_win001.wav,normal
135_2b3_Tc_mc_LittC2SE_win002.wav,normal
135_2b3_Tc_mc_LittC2SE_win003.wav,normal
135_2b3_Tc_mc_LittC2SE_win004.wav,normal
136_1b1_Ar_sc_Meditron_win000.wav,normal
136_1b1_Ar_sc_Meditron_win001.wav,normal
136_1b1_Ar_sc_Meditron_win002.wav,normal
136_1b1_Ar_sc_Meditron_win003.wav,normal
136_1b1_Ar_sc_Meditron_win004.wav,normal
137_1b1_Ar_sc_Meditron_win000.wav,normal
137_1b1_Ar_sc_Meditron_win001.wav,normal
137_1b1_Ar_sc_Meditron_win002.wav,normal
137_1b1_Ar_sc_Meditron_win003.wav,normal
137_1b1_Ar_sc_Meditron_win004.wav,normal
137_1b1_Ll_sc_Meditron_win000.wav,normal
137_1b1_Ll_sc_Meditron_win001.wav,normal
137_1b1_Ll_sc_Meditron_win002.wav,normal
137_1b1_Ll_sc_Meditron_win003.wav,normal
137_1b1_Ll_sc_Meditron_win004.wav,normal
138_1p2_Al_mc_AKGC417L_win000.wav,wheeze
138_1p2_Al_mc_AKGC417L_win001.wav,crackle
138_1p2_Al_mc_AKGC417L_win002.wav,crackle
138_1p2_Al_mc_AKGC417L_win003.wav,crackle
138_1p2_Al_mc_AKGC417L_win004.wav,crackle
138_1p2_Ar_mc_AKGC417L_win000.wav,normal
138_1p2_Ar_mc_AKGC417L_win001.wav,crackle
138_1p2_Ar_mc_AKGC417L_win002.wav,normal
138_1p2_Ar_mc_AKGC417L_win003.wav,normal
138_1p2_Ar_mc_AKGC417L_win004.wav,crackle
138_1p2_Ll_mc_AKGC417L_win000.wav,crackle
138_1p2_Ll_mc_AKGC417L_win001.wav,crackle
138_1p2_Ll_mc_AKGC417L_win002.wav,crackle
138_1p2_Ll_mc_AKGC417L_win003.wav,crackle
138_1p2_Ll_mc_AKGC417L_win004.wav,normal
138_1p2_Lr_mc_AKGC417L_win000.wav,crackle
138_1p2_Lr_mc_AKGC417L_win001.wav,crackle
138_1p2_Lr_mc_AKGC417L_win002.wav,crackle
138_1p2_Lr_mc_AKGC417L_win003.wav,normal
138_1p2_Lr_mc_AKGC417L_win004.wav,crackle
138_1p2_Pl_mc_AKGC417L_win000.wav,crackle
138_1p2_Pl_mc_AKGC417L_win001.wav,crackle
138_1p2_Pl_mc_AKGC417L_win002.wav,crackle
138_1p2_Pl_mc_AKGC417L_win003.wav,crackle
138_1p2_Pl_mc_AKGC417L_win004.wav,crackle
138_1p2_Pr_mc_AKGC417L_win000.wav,both
138_1p2_Pr_mc_AKGC417L_win001.wav,crackle
138_1p2_Pr_mc_AKGC417L_win002.wav,crackle
138_1p2_Pr_mc_AKGC417L_win003.wav,crackle
138_1p2_Pr_mc_AKGC417L_win004.wav,normal
138_1p2_Tc_mc_AKGC417L_win000.wav,crackle
138_1p2_Tc_mc_AKGC417L_win001.wav,crackle
138_1p2_Tc_mc_AKGC417L_win002.wav,crackle
138_1p2_Tc_mc_AKGC417L_win003.wav,crackle
138_1p2_Tc_mc_AKGC417L_win004.wav,crackle
138_1p3_Al_mc_AKGC417L_win000.wav,normal
138_1p3_Al_mc_AKGC417L_win001.wav,normal
138_1p3_Al_mc_AKGC417L_win002.wav,normal
138_1p3_Al_mc_AKGC417L_win003.wav,normal
138_1p3_Al_mc_AKGC417L_win004.wav,normal
138_1p3_Ar_mc_AKGC417L_win000.wav,crackle
138_1p3_Ar_mc_AKGC417L_win001.wav,normal
138_1p3_Ar_mc_AKGC417L_win002.wav,normal
138_1p3_Ar_mc_AKGC417L_win003.wav,normal
138_1p3_Ar_mc_AKGC417L_win004.wav,normal
138_1p3_Ll_mc_AKGC417L_win000.wav,crackle
138_1p3_Ll_mc_AKGC417L_win001.wav,crackle
138_1p3_Ll_mc_AKGC417L_win002.wav,crackle
138_1p3_Ll_mc_AKGC417L_win003.wav,crackle
138_1p3_Ll_mc_AKGC417L_win004.wav,crackle
138_1p3_Lr_mc_AKGC417L_win000.wav,both
138_1p3_Lr_mc_AKGC417L_win001.wav,crackle
138_1p3_Lr_mc_AKGC417L_win002.wav,crackle
138_1p3_Lr_mc_AKGC417L_win003.wav,crackle
138_1p3_Lr_mc_AKGC417L_win004.wav,crackle
138_1p3_Pl_mc_AKGC417L_win000.wav,both
138_1p3_Pl_mc_AKGC417L_win001.wav,crackle
138_1p3_Pl_mc_AKGC417L_win002.wav,crackle
138_1p3_Pl_mc_AKGC417L_win003.wav,crackle
138_1p3_Pl_mc_AKGC417L_win004.wav,crackle
138_1p3_Pr_mc_AKGC417L_win000.wav,both
138_1p3_Pr_mc_AKGC417L_win001.wav,both
138_1p3_Pr_mc_AKGC417L_win002.wav,crackle
138_1p3_Pr_mc_AKGC417L_win003.wav,crackle
138_1p3_Pr_mc_AKGC417L_win004.wav,crackle
138_1p3_Tc_mc_AKGC417L_win000.wav,normal
138_1p3_Tc_mc_AKGC417L_win001.wav,normal
138_1p3_Tc_mc_AKGC417L_win002.wav,wheeze
138_1p3_Tc_mc_AKGC417L_win003.wav,normal
138_1p3_Tc_mc_AKGC417L_win004.wav,normal
138_1p4_Ar_mc_AKGC417L_win000.wav,crackle
138_1p4_Ar_mc_AKGC417L_win001.wav,crackle
138_1p4_Ar_mc_AKGC417L_win002.wav,crackle
138_1p4_Ar_mc_AKGC417L_win003.wav,crackle
138_1p4_Ar_mc_AKGC417L_win004.wav,crackle
138_1p4_Ll_mc_AKGC417L_win000.wav,crackle
138_1p4_Ll_mc_AKGC417L_win001.wav,crackle
138_1p4_Ll_mc_AKGC417L_win002.wav,crackle
138_1p4_Ll_mc_AKGC417L_win003.wav,crackle
138_1p4_Ll_mc_AKGC417L_win004.wav,crackle
138_1p4_Lr_mc_AKGC417L_win000.wav,crackle
138_1p4_Lr_mc_AKGC417L_win001.wav,crackle
138_1p4_Lr_mc_AKGC417L_win002.wav,crackle
138_1p4_Lr_mc_AKGC417L_win003.wav,crackle
138_1p4_Lr_mc_AKGC417L_win004.wav,crackle
138_1p4_Pl_mc_AKGC417L_win000.wav,both
138_1p4_Pl_mc_AKGC417L_win001.wav,normal
138_1p4_Pl_mc_AKGC417L_win002.wav,crackle
138_1p4_Pl_mc_AKGC417L_win003.wav,crackle
138_1p4_Pl_mc_AKGC417L_win004.wav,crackle
138_1p4_Pr_mc_AKGC417L_win000.wav,crackle
138_1p4_Pr_mc_AKGC417L_win001.wav,crackle
138_1p4_Pr_mc_AKGC417L_win002.wav,crackle
138_1p4_Pr_mc_AKGC417L_win003.wav,crackle
138_1p4_Pr_mc_AKGC417L_win004.wav,crackle
138_1p4_Tc_mc_AKGC417L_win000.wav,both
138_1p4_Tc_mc_AKGC417L_win001.wav,normal
138_1p4_Tc_mc_AKGC417L_win002.wav,crackle
138_1p4_Tc_mc_AKGC417L_win003.wav,normal
138_1p4_Tc_mc_AKGC417L_win004.wav,normal
138_2p2_Al_mc_AKGC417L_win000.wav,normal
138_2p2_Al_mc_AKGC417L_win001.wav,normal
138_2p2_Al_mc_AKGC417L_win002.wav,normal
138_2p2_Al_mc_AKGC417L_win003.wav,normal
138_2p2_Al_mc_AKGC417L_win004.wav,normal
138_2p2_Ar_mc_AKGC417L_win000.wav,crackle
138_2p2_Ar_mc_AKGC417L_win001.wav,crackle
138_2p2_Ar_mc_AKGC417L_win002.wav,crackle
138_2p2_Ar_mc_AKGC417L_win003.wav,crackle
138_2p2_Ar_mc_AKGC417L_win004.wav,crackle
138_2p2_Ll_mc_AKGC417L_win000.wav,normal
138_2p2_Ll_mc_AKGC417L_win001.wav,both
138_2p2_Ll_mc_AKGC417L_win002.wav,crackle
138_2p2_Ll_mc_AKGC417L_win003.wav,crackle
138_2p2_Ll_mc_AKGC417L_win004.wav,both
138_2p2_Lr_mc_AKGC417L_win000.wav,normal
138_2p2_Lr_mc_AKGC417L_win001.wav,crackle
138_2p2_Lr_mc_AKGC417L_win002.wav,crackle
138_2p2_Lr_mc_AKGC417L_win003.wav,normal
138_2p2_Lr_mc_AKGC417L_win004.wav,normal
138_2p2_Pl_mc_AKGC417L_win000.wav,crackle
138_2p2_Pl_mc_AKGC417L_win001.wav,crackle
138_2p2_Pl_mc_AKGC417L_win002.wav,crackle
138_2p2_Pl_mc_AKGC417L_win003.wav,crackle
138_2p2_Pl_mc_AKGC417L_win004.wav,crackle
138_2p2_Pr_mc_AKGC417L_win000.wav,crackle
138_2p2_Pr_mc_AKGC417L_win001.wav,crackle
138_2p2_Pr_mc_AKGC417L_win002.wav,crackle
138_2p2_Pr_mc_AKGC417L_win003.wav,crackle
138_2p2_Pr_mc_AKGC417L_win004.wav,crackle
138_2p2_Tc_mc_AKGC417L_win000.wav,crackle
138_2p2_Tc_mc_AKGC417L_win001.wav,both
138_2p2_Tc_mc_AKGC417L_win002.wav,crackle
138_2p2_Tc_mc_AKGC417L_win003.wav,crackle
138_2p2_Tc_mc_AKGC417L_win004.wav,both
139_1b1_Al_sc_Litt3200_win000.wav,normal
139_1b1_Al_sc_Litt3200_win001.wav,normal
139_1b1_Al_sc_Litt3200_win002.wav,normal
139_1b1_Al_sc_Litt3200_win003.wav,normal
139_1b1_Al_sc_Litt3200_win004.wav,normal
139_1b1_Ar_sc_Litt3200_win000.wav,normal
139_1b1_Ar_sc_Litt3200_win001.wav,normal
139_1b1_Ar_sc_Litt3200_win002.wav,normal
139_1b1_Ar_sc_Litt3200_win003.wav,normal
139_1b1_Ar_sc_Litt3200_win004.wav,normal
139_1b1_Ll_sc_Litt3200_win000.wav,both
139_1b1_Ll_sc_Litt3200_win001.wav,normal
139_1b1_Ll_sc_Litt3200_win002.wav,normal
139_1b1_Ll_sc_Litt3200_win003.wav,normal
139_1b1_Ll_sc_Litt3200_win004.wav,normal
139_1b1_Ll_sc_Litt3200_win005.wav,normal
139_1b1_Lr_sc_Litt3200_win000.wav,crackle
139_1b1_Lr_sc_Litt3200_win001.wav,crackle
139_1b1_Lr_sc_Litt3200_win002.wav,normal
139_1b1_Lr_sc_Litt3200_win003.wav,normal
139_1b1_Pl_sc_Litt3200_win000.wav,wheeze
139_1b1_Pl_sc_Litt3200_win001.wav,wheeze
139_1b1_Pl_sc_Litt3200_win002.wav,normal
139_1b1_Pl_sc_Litt3200_win003.wav,normal
139_1b1_Pr_sc_Litt3200_win000.wav,normal
139_1b1_Pr_sc_Litt3200_win001.wav,wheeze
139_1b1_Pr_sc_Litt3200_win002.wav,wheeze
139_1b1_Pr_sc_Litt3200_win003.wav,normal
139_1b1_Pr_sc_Litt3200_win004.wav,normal
140_2b2_Ll_mc_LittC2SE_win000.wav,normal
140_2b2_Ll_mc_LittC2SE_win001.wav,normal
140_2b2_Ll_mc_LittC2SE_win002.wav,normal
140_2b2_Ll_mc_LittC2SE_win003.wav,crackle
140_2b2_Ll_mc_LittC2SE_win004.wav,normal
140_2b2_Tc_mc_LittC2SE_win000.wav,crackle
140_2b2_Tc_mc_LittC2SE_win001.wav,normal
140_2b2_Tc_mc_LittC2SE_win002.wav,normal
140_2b2_Tc_mc_LittC2SE_win003.wav,normal
140_2b2_Tc_mc_LittC2SE_win004.wav,normal
140_2b3_Ll_mc_LittC2SE_win000.wav,normal
140_2b3_Ll_mc_LittC2SE_win001.wav,wheeze
140_2b3_Ll_mc_LittC2SE_win002.wav,wheeze
140_2b3_Ll_mc_LittC2SE_win003.wav,normal
140_2b3_Ll_mc_LittC2SE_win004.wav,normal
140_2b3_Tc_mc_LittC2SE_win000.wav,wheeze
140_2b3_Tc_mc_LittC2SE_win001.wav,wheeze
140_2b3_Tc_mc_LittC2SE_win002.wav,wheeze
140_2b3_Tc_mc_LittC2SE_win003.wav,wheeze
140_2b3_Tc_mc_LittC2SE_win004.wav,wheeze
141_1b1_Pr_mc_LittC2SE_win000.wav,wheeze
141_1b1_Pr_mc_LittC2SE_win001.wav,wheeze
141_1b1_Pr_mc_LittC2SE_win002.wav,wheeze
141_1b1_Pr_mc_LittC2SE_win003.wav,both
141_1b1_Pr_mc_LittC2SE_win004.wav,wheeze
141_1b2_Ar_mc_LittC2SE_win000.wav,normal
141_1b2_Ar_mc_LittC2SE_win001.wav,wheeze
141_1b2_Ar_mc_LittC2SE_win002.wav,both
141_1b2_Ar_mc_LittC2SE_win003.wav,wheeze
141_1b2_Ar_mc_LittC2SE_win004.wav,wheeze
141_1b2_Lr_mc_LittC2SE_win000.wav,wheeze
141_1b2_Lr_mc_LittC2SE_win001.wav,wheeze
141_1b2_Lr_mc_LittC2SE_win002.wav,wheeze
141_1b2_Lr_mc_LittC2SE_win003.wav,wheeze
141_1b2_Lr_mc_LittC2SE_win004.wav,wheeze
141_1b2_Pr_mc_LittC2SE_win000.wav,both
141_1b2_Pr_mc_LittC2SE_win001.wav,both
141_1b2_Pr_mc_LittC2SE_win002.wav,wheeze
141_1b2_Pr_mc_LittC2SE_win003.wav,both
141_1b2_Pr_mc_LittC2SE_win004.wav,wheeze
141_1b2_Tc_mc_LittC2SE_win000.wav,normal
141_1b2_Tc_mc_LittC2SE_win001.wav,normal
141_1b2_Tc_mc_LittC2SE_win002.wav,normal
141_1b2_Tc_mc_LittC2SE_win003.wav,normal
141_1b2_Tc_mc_LittC2SE_win004.wav,normal
141_1b3_Al_mc_LittC2SE_win000.wav,wheeze
141_1b3_Al_mc_LittC2SE_win001.wav,wheeze
141_1b3_Al_mc_LittC2SE_win002.wav,wheeze
141_1b3_Al_mc_LittC2SE_win003.wav,wheeze
141_1b3_Al_mc_LittC2SE_win004.wav,wheeze
141_1b3_Ar_mc_LittC2SE_win000.wav,normal
141_1b3_Ar_mc_LittC2SE_win001.wav,wheeze
141_1b3_Ar_mc_LittC2SE_win002.wav,normal
141_1b3_Ar_mc_LittC2SE_win003.wav,wheeze
141_1b3_Ar_mc_LittC2SE_win004.wav,wheeze
141_1b3_Pr_mc_LittC2SE_win000.wav,both
141_1b3_Pr_mc_LittC2SE_win001.wav,both
141_1b3_Pr_mc_LittC2SE_win002.wav,both
141_1b3_Pr_mc_LittC2SE_win003.wav,both
141_1b3_Pr_mc_LittC2SE_win004.wav,both
142_1b1_Pl_mc_LittC2SE_win000.wav,crackle
142_1b1_Pl_mc_LittC2SE_win001.wav,crackle
142_1b1_Pl_mc_LittC2SE_win002.wav,crackle
142_1b1_Pl_mc_LittC2SE_win003.wav,crackle
142_1b1_Pl_mc_LittC2SE_win004.wav,crackle
143_1b1_Al_sc_Meditron_win000.wav,normal
143_1b1_Al_sc_Meditron_win001.wav,normal
143_1b1_Al_sc_Meditron_win002.wav,normal
143_1b1_Al_sc_Meditron_win003.wav,normal
143_1b1_Al_sc_Meditron_win004.wav,normal
144_1b1_Al_sc_Meditron_win000.wav,normal
144_1b1_Al_sc_Meditron_win001.wav,normal
144_1b1_Al_sc_Meditron_win002.wav,normal
144_1b1_Al_sc_Meditron_win003.wav,normal
144_1b1_Al_sc_Meditron_win004.wav,normal
144_1b1_Tc_sc_Meditron_win000.wav,normal
144_1b1_Tc_sc_Meditron_win001.wav,normal
144_1b1_Tc_sc_Meditron_win002.wav,normal
144_1b1_Tc_sc_Meditron_win003.wav,normal
144_1b1_Tc_sc_Meditron_win004.wav,normal
145_2b2_Al_mc_AKGC417L_win000.wav,normal
145_2b2_Al_mc_AKGC417L_win001.wav,normal
145_2b2_Al_mc_AKGC417L_win002.wav,normal
145_2b2_Al_mc_AKGC417L_win003.wav,normal
145_2b2_Al_mc_AKGC417L_win004.wav,normal
145_2b2_Ar_mc_AKGC417L_win000.wav,normal
145_2b2_Ar_mc_AKGC417L_win001.wav,crackle
145_2b2_Ar_mc_AKGC417L_win002.wav,crackle
145_2b2_Ar_mc_AKGC417L_win003.wav,crackle
145_2b2_Ar_mc_AKGC417L_win004.wav,crackle
145_2b2_Lr_mc_AKGC417L_win000.wav,normal
145_2b2_Lr_mc_AKGC417L_win001.wav,normal
145_2b2_Lr_mc_AKGC417L_win002.wav,normal
145_2b2_Lr_mc_AKGC417L_win003.wav,normal
145_2b2_Lr_mc_AKGC417L_win004.wav,normal
145_2b2_Pr_mc_AKGC417L_win000.wav,normal
145_2b2_Pr_mc_AKGC417L_win001.wav,normal
145_2b2_Pr_mc_AKGC417L_win002.wav,normal
145_2b2_Pr_mc_AKGC417L_win003.wav,normal
145_2b2_Pr_mc_AKGC417L_win004.wav,normal
145_3b2_Ar_mc_AKGC417L_win000.wav,normal
145_3b2_Ar_mc_AKGC417L_win001.wav,normal
145_3b2_Ar_mc_AKGC417L_win002.wav,normal
145_3b2_Ar_mc_AKGC417L_win003.wav,normal
145_3b2_Ar_mc_AKGC417L_win004.wav,normal
145_3b2_Lr_mc_AKGC417L_win000.wav,crackle
145_3b2_Lr_mc_AKGC417L_win001.wav,crackle
145_3b2_Lr_mc_AKGC417L_win002.wav,crackle
145_3b2_Lr_mc_AKGC417L_win003.wav,crackle
145_3b2_Lr_mc_AKGC417L_win004.wav,crackle
145_3b4_Pl_mc_AKGC417L_win000.wav,normal
145_3b4_Pl_mc_AKGC417L_win001.wav,normal
145_3b4_Pl_mc_AKGC417L_win002.wav,normal
145_3b4_Pl_mc_AKGC417L_win003.wav,normal
145_3b4_Pl_mc_AKGC417L_win004.wav,normal
146_2b2_Pl_mc_AKGC417L_win000.wav,normal
146_2b2_Pl_mc_AKGC417L_win001.wav,normal
146_2b2_Pl_mc_AKGC417L_win002.wav,both
146_2b2_Pl_mc_AKGC417L_win003.wav,both
146_2b2_Pl_mc_AKGC417L_win004.wav,both
146_2b4_Al_mc_AKGC417L_win000.wav,normal
146_2b4_Al_mc_AKGC417L_win001.wav,normal
146_2b4_Al_mc_AKGC417L_win002.wav,normal
146_2b4_Al_mc_AKGC417L_win003.wav,normal
146_2b4_Al_mc_AKGC417L_win004.wav,normal
146_2b4_Ar_mc_AKGC417L_win000.wav,normal
146_2b4_Ar_mc_AKGC417L_win001.wav,normal
146_2b4_Ar_mc_AKGC417L_win002.wav,normal
146_2b4_Ar_mc_AKGC417L_win003.wav,normal
146_2b4_Ar_mc_AKGC417L_win004.wav,normal
146_2b4_Ll_mc_AKGC417L_win000.wav,normal
146_2b4_Ll_mc_AKGC417L_win001.wav,normal
146_2b4_Ll_mc_AKGC417L_win002.wav,normal
146_2b4_Ll_mc_AKGC417L_win003.wav,normal
146_2b4_Ll_mc_AKGC417L_win004.wav,normal
146_2b4_Lr_mc_AKGC417L_win000.wav,normal
146_2b4_Lr_mc_AKGC417L_win001.wav,normal
146_2b4_Lr_mc_AKGC417L_win002.wav,normal
146_2b4_Lr_mc_AKGC417L_win003.wav,normal
146_2b4_Lr_mc_AKGC417L_win004.wav,normal
146_2b4_Pr_mc_AKGC417L_win000.wav,normal
146_2b4_Pr_mc_AKGC417L_win001.wav,normal
146_2b4_Pr_mc_AKGC417L_win002.wav,normal
146_2b4_Pr_mc_AKGC417L_win003.wav,normal
146_2b4_Pr_mc_AKGC417L_win004.wav,normal
146_8p3_Al_mc_AKGC417L_win000.wav,normal
146_8p3_Al_mc_AKGC417L_win001.wav,normal
146_8p3_Al_mc_AKGC417L_win002.wav,normal
146_8p3_Al_mc_AKGC417L_win003.wav,normal
146_8p3_Al_mc_AKGC417L_win004.wav,normal
146_8p3_Ar_mc_AKGC417L_win000.wav,crackle
146_8p3_Ar_mc_AKGC417L_win001.wav,crackle
146_8p3_Ar_mc_AKGC417L_win002.wav,crackle
146_8p3_Ar_mc_AKGC417L_win003.wav,crackle
146_8p3_Ar_mc_AKGC417L_win004.wav,normal
146_8p3_Lr_mc_AKGC417L_win000.wav,wheeze
146_8p3_Lr_mc_AKGC417L_win001.wav,wheeze
146_8p3_Lr_mc_AKGC417L_win002.wav,wheeze
146_8p3_Lr_mc_AKGC417L_win003.wav,wheeze
146_8p3_Lr_mc_AKGC417L_win004.wav,wheeze
146_8p3_Pl_mc_AKGC417L_win000.wav,normal
146_8p3_Pl_mc_AKGC417L_win001.wav,normal
146_8p3_Pl_mc_AKGC417L_win002.wav,normal
146_8p3_Pl_mc_AKGC417L_win003.wav,normal
146_8p3_Pl_mc_AKGC417L_win004.wav,normal
146_8p3_Pr_mc_AKGC417L_win000.wav,normal
146_8p3_Pr_mc_AKGC417L_win001.wav,normal
146_8p3_Pr_mc_AKGC417L_win002.wav,normal
146_8p3_Pr_mc_AKGC417L_win003.wav,normal
146_8p3_Pr_mc_AKGC417L_win004.wav,normal
147_1b2_Tc_mc_AKGC417L_win000.wav,crackle
147_1b2_Tc_mc_AKGC417L_win001.wav,crackle
147_1b2_Tc_mc_AKGC417L_win002.wav,crackle
147_1b2_Tc_mc_AKGC417L_win003.wav,crackle
147_1b2_Tc_mc_AKGC417L_win004.wav,crackle
147_1b3_Tc_mc_AKGC417L_win000.wav,normal
147_1b3_Tc_mc_AKGC417L_win001.wav,normal
147_1b3_Tc_mc_AKGC417L_win002.wav,normal
147_1b3_Tc_mc_AKGC417L_win003.wav,wheeze
147_1b3_Tc_mc_AKGC417L_win004.wav,wheeze
147_1b4_Tc_mc_AKGC417L_win000.wav,crackle
147_1b4_Tc_mc_AKGC417L_win001.wav,crackle
147_1b4_Tc_mc_AKGC417L_win002.wav,normal
147_1b4_Tc_mc_AKGC417L_win003.wav,normal
147_1b4_Tc_mc_AKGC417L_win004.wav,normal
147_2b2_Al_mc_AKGC417L_win000.wav,wheeze
147_2b2_Al_mc_AKGC417L_win001.wav,wheeze
147_2b2_Al_mc_AKGC417L_win002.wav,wheeze
147_2b2_Al_mc_AKGC417L_win003.wav,wheeze
147_2b2_Al_mc_AKGC417L_win004.wav,wheeze
147_2b2_Ar_mc_AKGC417L_win000.wav,normal
147_2b2_Ar_mc_AKGC417L_win001.wav,normal
147_2b2_Ar_mc_AKGC417L_win002.wav,normal
147_2b2_Ar_mc_AKGC417L_win003.wav,normal
147_2b2_Ar_mc_AKGC417L_win004.wav,normal
147_2b2_Pl_mc_AKGC417L_win000.wav,normal
147_2b2_Pl_mc_AKGC417L_win001.wav,normal
147_2b2_Pl_mc_AKGC417L_win002.wav,normal
147_2b2_Pl_mc_AKGC417L_win003.wav,normal
147_2b2_Pl_mc_AKGC417L_win004.wav,normal
147_2b3_Al_mc_AKGC417L_win000.wav,wheeze
147_2b3_Al_mc_AKGC417L_win001.wav,wheeze
147_2b3_Al_mc_AKGC417L_win002.wav,wheeze
147_2b3_Al_mc_AKGC417L_win003.wav,wheeze
147_2b3_Al_mc_AKGC417L_win004.wav,normal
147_2b3_Ar_mc_AKGC417L_win000.wav,wheeze
147_2b3_Ar_mc_AKGC417L_win001.wav,wheeze
147_2b3_Ar_mc_AKGC417L_win002.wav,wheeze
147_2b3_Ar_mc_AKGC417L_win003.wav,normal
147_2b3_Ar_mc_AKGC417L_win004.wav,normal
147_2b3_Ll_mc_AKGC417L_win000.wav,both
147_2b3_Ll_mc_AKGC417L_win001.wav,both
147_2b3_Ll_mc_AKGC417L_win002.wav,both
147_2b3_Ll_mc_AKGC417L_win003.wav,both
147_2b3_Ll_mc_AKGC417L_win004.wav,both
147_2b3_Lr_mc_AKGC417L_win000.wav,normal
147_2b3_Lr_mc_AKGC417L_win001.wav,normal
147_2b3_Lr_mc_AKGC417L_win002.wav,normal
147_2b3_Lr_mc_AKGC417L_win003.wav,normal
147_2b3_Lr_mc_AKGC417L_win004.wav,normal
147_2b3_Pl_mc_AKGC417L_win000.wav,normal
147_2b3_Pl_mc_AKGC417L_win001.wav,normal
147_2b3_Pl_mc_AKGC417L_win002.wav,wheeze
147_2b3_Pl_mc_AKGC417L_win003.wav,wheeze
147_2b3_Pl_mc_AKGC417L_win004.wav,wheeze
147_2b4_Al_mc_AKGC417L_win000.wav,normal
147_2b4_Al_mc_AKGC417L_win001.wav,wheeze
147_2b4_Al_mc_AKGC417L_win002.wav,wheeze
147_2b4_Al_mc_AKGC417L_win003.wav,normal
147_2b4_Al_mc_AKGC417L_win004.wav,wheeze
147_2b4_Ar_mc_AKGC417L_win000.wav,normal
147_2b4_Ar_mc_AKGC417L_win001.wav,wheeze
147_2b4_Ar_mc_AKGC417L_win002.wav,normal
147_2b4_Ar_mc_AKGC417L_win003.wav,normal
147_2b4_Ar_mc_AKGC417L_win004.wav,normal
147_2b4_Ll_mc_AKGC417L_win000.wav,normal
147_2b4_Ll_mc_AKGC417L_win001.wav,normal
147_2b4_Ll_mc_AKGC417L_win002.wav,normal
147_2b4_Ll_mc_AKGC417L_win003.wav,normal
147_2b4_Ll_mc_AKGC417L_win004.wav,normal
147_2b4_Lr_mc_AKGC417L_win000.wav,normal
147_2b4_Lr_mc_AKGC417L_win001.wav,normal
147_2b4_Lr_mc_AKGC417L_win002.wav,normal
147_2b4_Lr_mc_AKGC417L_win003.wav,normal
147_2b4_Lr_mc_AKGC417L_win004.wav,normal
147_2b4_Pl_mc_AKGC417L_win000.wav,normal
147_2b4_Pl_mc_AKGC417L_win001.wav,wheeze
147_2b4_Pl_mc_AKGC417L_win002.wav,wheeze
147_2b4_Pl_mc_AKGC417L_win003.wav,wheeze
147_2b4_Pl_mc_AKGC417L_win004.wav,wheeze
148_1b1_Al_sc_Meditron_win000.wav,normal
148_1b1_Al_sc_Meditron_win001.wav,normal
148_1b1_Al_sc_Meditron_win002.wav,normal
148_1b1_Al_sc_Meditron_win003.wav,normal
148_1b1_Al_sc_Meditron_win004.wav,normal
149_1b1_Al_sc_Meditron_win000.wav,both
149_1b1_Al_sc_Meditron_win001.wav,both
149_1b1_Al_sc_Meditron_win002.wav,wheeze
149_1b1_Al_sc_Meditron_win003.wav,wheeze
149_1b1_Al_sc_Meditron_win004.wav,both
149_1b1_Lr_sc_Meditron_win000.wav,normal
149_1b1_Lr_sc_Meditron_win001.wav,normal
149_1b1_Lr_sc_Meditron_win002.wav,crackle
149_1b1_Lr_sc_Meditron_win003.wav,normal
149_1b1_Lr_sc_Meditron_win004.wav,normal
149_1b1_Pl_sc_Meditron_win000.wav,wheeze
149_1b1_Pl_sc_Meditron_win001.wav,wheeze
149_1b1_Pl_sc_Meditron_win002.wav,crackle
149_1b1_Pl_sc_Meditron_win003.wav,wheeze
149_1b1_Pl_sc_Meditron_win004.wav,normal
150_1b2_Al_sc_Meditron_win000.wav,crackle
150_1b2_Al_sc_Meditron_win001.wav,crackle
150_1b2_Al_sc_Meditron_win002.wav,crackle
150_1b2_Al_sc_Meditron_win003.wav,wheeze
150_1b2_Al_sc_Meditron_win004.wav,normal
151_2p2_Al_mc_AKGC417L_win000.wav,both
151_2p2_Al_mc_AKGC417L_win001.wav,both
151_2p2_Al_mc_AKGC417L_win002.wav,wheeze
151_2p2_Al_mc_AKGC417L_win003.wav,crackle
151_2p2_Al_mc_AKGC417L_win004.wav,wheeze
151_2p2_Ar_mc_AKGC417L_win000.wav,normal
151_2p2_Ar_mc_AKGC417L_win001.wav,normal
151_2p2_Ar_mc_AKGC417L_win002.wav,normal
151_2p2_Ar_mc_AKGC417L_win003.wav,normal
151_2p2_Ar_mc_AKGC417L_win004.wav,normal
151_2p2_Ll_mc_AKGC417L_win000.wav,wheeze
151_2p2_Ll_mc_AKGC417L_win001.wav,both
151_2p2_Ll_mc_AKGC417L_win002.wav,both
151_2p2_Ll_mc_AKGC417L_win003.wav,crackle
151_2p2_Ll_mc_AKGC417L_win004.wav,wheeze
151_2p2_Lr_mc_AKGC417L_win000.wav,wheeze
151_2p2_Lr_mc_AKGC417L_win001.wav,normal
151_2p2_Lr_mc_AKGC417L_win002.wav,crackle
151_2p2_Lr_mc_AKGC417L_win003.wav,crackle
151_2p2_Lr_mc_AKGC417L_win004.wav,normal
151_2p2_Pl_mc_AKGC417L_win000.wav,wheeze
151_2p2_Pl_mc_AKGC417L_win001.wav,wheeze
151_2p2_Pl_mc_AKGC417L_win002.wav,wheeze
151_2p2_Pl_mc_AKGC417L_win003.wav,normal
151_2p2_Pl_mc_AKGC417L_win004.wav,wheeze
151_2p2_Pr_mc_AKGC417L_win000.wav,wheeze
151_2p2_Pr_mc_AKGC417L_win001.wav,normal
151_2p2_Pr_mc_AKGC417L_win002.wav,normal
151_2p2_Pr_mc_AKGC417L_win003.wav,normal
151_2p2_Pr_mc_AKGC417L_win004.wav,normal
151_2p2_Tc_mc_AKGC417L_win000.wav,wheeze
151_2p2_Tc_mc_AKGC417L_win001.wav,normal
151_2p2_Tc_mc_AKGC417L_win002.wav,normal
151_2p2_Tc_mc_AKGC417L_win003.wav,normal
151_2p2_Tc_mc_AKGC417L_win004.wav,wheeze
151_2p3_Al_mc_AKGC417L_win000.wav,both
151_2p3_Al_mc_AKGC417L_win001.wav,both
151_2p3_Al_mc_AKGC417L_win002.wav,wheeze
151_2p3_Al_mc_AKGC417L_win003.wav,normal
151_2p3_Al_mc_AKGC417L_win004.wav,normal
151_2p3_Ar_mc_AKGC417L_win000.wav,both
151_2p3_Ar_mc_AKGC417L_win001.wav,normal
151_2p3_Ar_mc_AKGC417L_win002.wav,both
151_2p3_Ar_mc_AKGC417L_win003.wav,crackle
151_2p3_Ar_mc_AKGC417L_win004.wav,crackle
151_2p3_Ll_mc_AKGC417L_win000.wav,wheeze
151_2p3_Ll_mc_AKGC417L_win001.wav,wheeze
151_2p3_Ll_mc_AKGC417L_win002.wav,wheeze
151_2p3_Ll_mc_AKGC417L_win003.wav,both
151_2p3_Ll_mc_AKGC417L_win004.wav,both
151_2p3_Lr_mc_AKGC417L_win000.wav,normal
151_2p3_Lr_mc_AKGC417L_win001.wav,normal
151_2p3_Lr_mc_AKGC417L_win002.wav,normal
151_2p3_Lr_mc_AKGC417L_win003.wav,normal
151_2p3_Lr_mc_AKGC417L_win004.wav,normal
151_2p3_Pl_mc_AKGC417L_win000.wav,wheeze
151_2p3_Pl_mc_AKGC417L_win001.wav,wheeze
151_2p3_Pl_mc_AKGC417L_win002.wav,wheeze
151_2p3_Pl_mc_AKGC417L_win003.wav,normal
151_2p3_Pl_mc_AKGC417L_win004.wav,wheeze
151_2p3_Pr_mc_AKGC417L_win000.wav,normal
151_2p3_Pr_mc_AKGC417L_win001.wav,normal
151_2p3_Pr_mc_AKGC417L_win002.wav,normal
151_2p3_Pr_mc_AKGC417L_win003.wav,normal
151_2p3_Pr_mc_AKGC417L_win004.wav,normal
151_2p3_Tc_mc_AKGC417L_win000.wav,normal
151_2p3_Tc_mc_AKGC417L_win001.wav,normal
151_2p3_Tc_mc_AKGC417L_win002.wav,wheeze
151_2p3_Tc_mc_AKGC417L_win003.wav,normal
151_2p3_Tc_mc_AKGC417L_win004.wav,wheeze
151_2p4_Al_mc_AKGC417L_win000.wav,normal
151_2p4_Al_mc_AKGC417L_win001.wav,normal
151_2p4_Al_mc_AKGC417L_win002.wav,crackle
151_2p4_Al_mc_AKGC417L_win003.wav,wheeze
151_2p4_Al_mc_AKGC417L_win004.wav,normal
151_2p4_Ar_mc_AKGC417L_win000.wav,both
151_2p4_Ar_mc_AKGC417L_win001.wav,wheeze
151_2p4_Ar_mc_AKGC417L_win002.wav,normal
151_2p4_Ar_mc_AKGC417L_win003.wav,normal
151_2p4_Ar_mc_AKGC417L_win004.wav,normal
151_2p4_Ll_mc_AKGC417L_win000.wav,both
151_2p4_Ll_mc_AKGC417L_win001.wav,both
151_2p4_Ll_mc_AKGC417L_win002.wav,both
151_2p4_Ll_mc_AKGC417L_win003.wav,wheeze
151_2p4_Ll_mc_AKGC417L_win004.wav,crackle
151_2p4_Lr_mc_AKGC417L_win000.wav,wheeze
151_2p4_Lr_mc_AKGC417L_win001.wav,wheeze
151_2p4_Lr_mc_AKGC417L_win002.wav,normal
151_2p4_Lr_mc_AKGC417L_win003.wav,normal
151_2p4_Lr_mc_AKGC417L_win004.wav,normal
151_2p4_Pl_mc_AKGC417L_win000.wav,both
151_2p4_Pl_mc_AKGC417L_win001.wav,both
151_2p4_Pl_mc_AKGC417L_win002.wav,both
151_2p4_Pl_mc_AKGC417L_win003.wav,wheeze
151_2p4_Pl_mc_AKGC417L_win004.wav,normal
151_2p4_Pr_mc_AKGC417L_win000.wav,wheeze
151_2p4_Pr_mc_AKGC417L_win001.wav,wheeze
151_2p4_Pr_mc_AKGC417L_win002.wav,normal
151_2p4_Pr_mc_AKGC417L_win003.wav,normal
151_2p4_Pr_mc_AKGC417L_win004.wav,normal
151_2p4_Tc_mc_AKGC417L_win000.wav,wheeze
151_2p4_Tc_mc_AKGC417L_win001.wav,wheeze
151_2p4_Tc_mc_AKGC417L_win002.wav,normal
151_2p4_Tc_mc_AKGC417L_win003.wav,wheeze
151_2p4_Tc_mc_AKGC417L_win004.wav,normal
151_3p2_Al_mc_AKGC417L_win000.wav,crackle
151_3p2_Al_mc_AKGC417L_win001.wav,both
151_3p2_Al_mc_AKGC417L_win002.wav,crackle
151_3p2_Al_mc_AKGC417L_win003.wav,crackle
151_3p2_Al_mc_AKGC417L_win004.wav,crackle
151_3p2_Ar_mc_AKGC417L_win000.wav,crackle
151_3p2_Ar_mc_AKGC417L_win001.wav,both
151_3p2_Ar_mc_AKGC417L_win002.wav,crackle
151_3p2_Ar_mc_AKGC417L_win003.wav,crackle
151_3p2_Ar_mc_AKGC417L_win004.wav,crackle
151_3p2_Lr_mc_AKGC417L_win000.wav,wheeze
151_3p2_Lr_mc_AKGC417L_win001.wav,both
151_3p2_Lr_mc_AKGC417L_win002.wav,normal
151_3p2_Lr_mc_AKGC417L_win003.wav,normal
151_3p2_Lr_mc_AKGC417L_win004.wav,wheeze
151_3p2_Pl_mc_AKGC417L_win000.wav,crackle
151_3p2_Pl_mc_AKGC417L_win001.wav,both
151_3p2_Pl_mc_AKGC417L_win002.wav,crackle
151_3p2_Pl_mc_AKGC417L_win003.wav,crackle
151_3p2_Pl_mc_AKGC417L_win004.wav,crackle
151_3p2_Pr_mc_AKGC417L_win000.wav,both
151_3p2_Pr_mc_AKGC417L_win001.wav,both
151_3p2_Pr_mc_AKGC417L_win002.wav,normal
151_3p2_Pr_mc_AKGC417L_win003.wav,normal
151_3p2_Pr_mc_AKGC417L_win004.wav,normal
151_3p2_Tc_mc_AKGC417L_win000.wav,normal
151_3p2_Tc_mc_AKGC417L_win001.wav,wheeze
151_3p2_Tc_mc_AKGC417L_win002.wav,normal
151_3p2_Tc_mc_AKGC417L_win003.wav,normal
151_3p2_Tc_mc_AKGC417L_win004.wav,normal
151_3p3_Ll_mc_AKGC417L_win000.wav,crackle
151_3p3_Ll_mc_AKGC417L_win001.wav,both
151_3p3_Ll_mc_AKGC417L_win002.wav,crackle
151_3p3_Ll_mc_AKGC417L_win003.wav,crackle
151_3p3_Ll_mc_AKGC417L_win004.wav,crackle
152_1b1_Al_sc_Meditron_win000.wav,normal
152_1b1_Al_sc_Meditron_win001.wav,normal
152_1b1_Al_sc_Meditron_win002.wav,normal
152_1b1_Al_sc_Meditron_win003.wav,normal
152_1b1_Al_sc_Meditron_win004.wav,normal
153_1b1_Al_sc_Meditron_win000.wav,normal
153_1b1_Al_sc_Meditron_win001.wav,normal
153_1b1_Al_sc_Meditron_win002.wav,normal
153_1b1_Al_sc_Meditron_win003.wav,normal
153_1b1_Al_sc_Meditron_win004.wav,normal
154_1b3_Al_mc_AKGC417L_win000.wav,crackle
154_1b3_Al_mc_AKGC417L_win001.wav,crackle
154_1b3_Al_mc_AKGC417L_win002.wav,crackle
154_1b3_Al_mc_AKGC417L_win003.wav,crackle
154_1b3_Al_mc_AKGC417L_win004.wav,crackle
154_1b3_Ar_mc_AKGC417L_win000.wav,normal
154_1b3_Ar_mc_AKGC417L_win001.wav,normal
154_1b3_Ar_mc_AKGC417L_win002.wav,crackle
154_1b3_Ar_mc_AKGC417L_win003.wav,normal
154_1b3_Ar_mc_AKGC417L_win004.wav,normal
154_1b3_Ll_mc_AKGC417L_win000.wav,crackle
154_1b3_Ll_mc_AKGC417L_win001.wav,crackle
154_1b3_Ll_mc_AKGC417L_win002.wav,crackle
154_1b3_Ll_mc_AKGC417L_win003.wav,crackle
154_1b3_Ll_mc_AKGC417L_win004.wav,crackle
154_1b3_Lr_mc_AKGC417L_win000.wav,crackle
154_1b3_Lr_mc_AKGC417L_win001.wav,normal
154_1b3_Lr_mc_AKGC417L_win002.wav,crackle
154_1b3_Lr_mc_AKGC417L_win003.wav,normal
154_1b3_Lr_mc_AKGC417L_win004.wav,normal
154_1b3_Pl_mc_AKGC417L_win000.wav,crackle
154_1b3_Pl_mc_AKGC417L_win001.wav,crackle
154_1b3_Pl_mc_AKGC417L_win002.wav,crackle
154_1b3_Pl_mc_AKGC417L_win003.wav,crackle
154_1b3_Pl_mc_AKGC417L_win004.wav,crackle
154_1b3_Pr_mc_AKGC417L_win000.wav,crackle
154_1b3_Pr_mc_AKGC417L_win001.wav,crackle
154_1b3_Pr_mc_AKGC417L_win002.wav,crackle
154_1b3_Pr_mc_AKGC417L_win003.wav,normal
154_1b3_Pr_mc_AKGC417L_win004.wav,crackle
154_1b3_Tc_mc_AKGC417L_win000.wav,normal
154_1b3_Tc_mc_AKGC417L_win001.wav,normal
154_1b3_Tc_mc_AKGC417L_win002.wav,normal
154_1b3_Tc_mc_AKGC417L_win003.wav,normal
154_1b3_Tc_mc_AKGC417L_win004.wav,normal
154_2b4_Al_mc_AKGC417L_win000.wav,normal
154_2b4_Al_mc_AKGC417L_win001.wav,normal
154_2b4_Al_mc_AKGC417L_win002.wav,crackle
154_2b4_Al_mc_AKGC417L_win003.wav,crackle
154_2b4_Al_mc_AKGC417L_win004.wav,crackle
154_2b4_Ar_mc_AKGC417L_win000.wav,normal
154_2b4_Ar_mc_AKGC417L_win001.wav,normal
154_2b4_Ar_mc_AKGC417L_win002.wav,normal
154_2b4_Ar_mc_AKGC417L_win003.wav,crackle
154_2b4_Ar_mc_AKGC417L_win004.wav,normal
154_2b4_Ll_mc_AKGC417L_win000.wav,crackle
154_2b4_Ll_mc_AKGC417L_win001.wav,crackle
154_2b4_Ll_mc_AKGC417L_win002.wav,crackle
154_2b4_Ll_mc_AKGC417L_win003.wav,crackle
154_2b4_Ll_mc_AKGC417L_win004.wav,crackle
154_2b4_Lr_mc_AKGC417L_win000.wav,crackle
154_2b4_Lr_mc_AKGC417L_win001.wav,crackle
154_2b4_Lr_mc_AKGC417L_win002.wav,crackle
154_2b4_Lr_mc_AKGC417L_win003.wav,crackle
154_2b4_Lr_mc_AKGC417L_win004.wav,crackle
154_2b4_Pl_mc_AKGC417L_win000.wav,crackle
154_2b4_Pl_mc_AKGC417L_win001.wav,crackle
154_2b4_Pl_mc_AKGC417L_win002.wav,crackle
154_2b4_Pl_mc_AKGC417L_win003.wav,crackle
154_2b4_Pl_mc_AKGC417L_win004.wav,crackle
154_2b4_Pr_mc_AKGC417L_win000.wav,normal
154_2b4_Pr_mc_AKGC417L_win001.wav,normal
154_2b4_Pr_mc_AKGC417L_win002.wav,crackle
154_2b4_Pr_mc_AKGC417L_win003.wav,crackle
154_2b4_Pr_mc_AKGC417L_win004.wav,normal
154_2b4_Tc_mc_AKGC417L_win000.wav,normal
154_2b4_Tc_mc_AKGC417L_win001.wav,normal
154_2b4_Tc_mc_AKGC417L_win002.wav,normal
154_2b4_Tc_mc_AKGC417L_win003.wav,normal
154_2b4_Tc_mc_AKGC417L_win004.wav,normal
154_3b3_Al_mc_AKGC417L_win000.wav,normal
154_3b3_Al_mc_AKGC417L_win001.wav,normal
154_3b3_Al_mc_AKGC417L_win002.wav,crackle
154_3b3_Al_mc_AKGC417L_win003.wav,normal
154_3b3_Al_mc_AKGC417L_win004.wav,crackle
154_3b3_Ar_mc_AKGC417L_win000.wav,crackle
154_3b3_Ar_mc_AKGC417L_win001.wav,crackle
154_3b3_Ar_mc_AKGC417L_win002.wav,normal
154_3b3_Ar_mc_AKGC417L_win003.wav,crackle
154_3b3_Ar_mc_AKGC417L_win004.wav,crackle
154_3b3_Ll_mc_AKGC417L_win000.wav,crackle
154_3b3_Ll_mc_AKGC417L_win001.wav,crackle
154_3b3_Ll_mc_AKGC417L_win002.wav,crackle
154_3b3_Ll_mc_AKGC417L_win003.wav,crackle
154_3b3_Ll_mc_AKGC417L_win004.wav,crackle
154_4b4_Al_mc_AKGC417L_win000.wav,both
154_4b4_Al_mc_AKGC417L_win001.wav,crackle
154_4b4_Al_mc_AKGC417L_win002.wav,crackle
154_4b4_Al_mc_AKGC417L_win003.wav,crackle
154_4b4_Al_mc_AKGC417L_win004.wav,crackle
154_4b4_Ar_mc_AKGC417L_win000.wav,crackle
154_4b4_Ar_mc_AKGC417L_win001.wav,crackle
154_4b4_Ar_mc_AKGC417L_win002.wav,crackle
154_4b4_Ar_mc_AKGC417L_win003.wav,crackle
154_4b4_Ar_mc_AKGC417L_win004.wav,crackle
154_4b4_Ll_mc_AKGC417L_win000.wav,normal
154_4b4_Ll_mc_AKGC417L_win001.wav,normal
154_4b4_Ll_mc_AKGC417L_win002.wav,normal
154_4b4_Ll_mc_AKGC417L_win003.wav,normal
154_4b4_Ll_mc_AKGC417L_win004.wav,normal
154_4b4_Lr_mc_AKGC417L_win000.wav,crackle
154_4b4_Lr_mc_AKGC417L_win001.wav,crackle
154_4b4_Lr_mc_AKGC417L_win002.wav,crackle
154_4b4_Lr_mc_AKGC417L_win003.wav,crackle
154_4b4_Lr_mc_AKGC417L_win004.wav,crackle
154_4b4_Pl_mc_AKGC417L_win000.wav,crackle
154_4b4_Pl_mc_AKGC417L_win001.wav,crackle
154_4b4_Pl_mc_AKGC417L_win002.wav,normal
154_4b4_Pl_mc_AKGC417L_win003.wav,crackle
154_4b4_Pl_mc_AKGC417L_win004.wav,crackle
154_4b4_Pr_mc_AKGC417L_win000.wav,crackle
154_4b4_Pr_mc_AKGC417L_win001.wav,normal
154_4b4_Pr_mc_AKGC417L_win002.wav,normal
154_4b4_Pr_mc_AKGC417L_win003.wav,crackle
154_4b4_Pr_mc_AKGC417L_win004.wav,normal
155_2b1_Al_mc_LittC2SE_win000.wav,normal
155_2b1_Al_mc_LittC2SE_win001.wav,normal
155_2b1_Al_mc_LittC2SE_win002.wav,normal
155_2b1_Al_mc_LittC2SE_win003.wav,normal
155_2b1_Al_mc_LittC2SE_win004.wav,normal
156_2b3_Al_mc_AKGC417L_win000.wav,both
156_2b3_Al_mc_AKGC417L_win001.wav,both
156_2b3_Al_mc_AKGC417L_win002.wav,crackle
156_2b3_Al_mc_AKGC417L_win003.wav,both
156_2b3_Al_mc_AKGC417L_win004.wav,both
156_2b3_Ar_mc_AKGC417L_win000.wav,wheeze
156_2b3_Ar_mc_AKGC417L_win001.wav,wheeze
156_2b3_Ar_mc_AKGC417L_win002.wav,crackle
156_2b3_Ar_mc_AKGC417L_win003.wav,crackle
156_2b3_Ar_mc_AKGC417L_win004.wav,crackle
156_2b3_Ll_mc_AKGC417L_win000.wav,both
156_2b3_Ll_mc_AKGC417L_win001.wav,both
156_2b3_Ll_mc_AKGC417L_win002.wav,both
156_2b3_Ll_mc_AKGC417L_win003.wav,both
156_2b3_Ll_mc_AKGC417L_win004.wav,both
156_2b3_Lr_mc_AKGC417L_win000.wav,both
156_2b3_Lr_mc_AKGC417L_win001.wav,both
156_2b3_Lr_mc_AKGC417L_win002.wav,crackle
156_2b3_Lr_mc_AKGC417L_win003.wav,crackle
156_2b3_Lr_mc_AKGC417L_win004.wav,both
156_2b3_Pl_mc_AKGC417L_win000.wav,both
156_2b3_Pl_mc_AKGC417L_win001.wav,both
156_2b3_Pl_mc_AKGC417L_win002.wav,both
156_2b3_Pl_mc_AKGC417L_win003.wav,both
156_2b3_Pl_mc_AKGC417L_win004.wav,both
156_2b3_Pr_mc_AKGC417L_win000.wav,crackle
156_2b3_Pr_mc_AKGC417L_win001.wav,crackle
156_2b3_Pr_mc_AKGC417L_win002.wav,crackle
156_2b3_Pr_mc_AKGC417L_win003.wav,crackle
156_2b3_Pr_mc_AKGC417L_win004.wav,crackle
156_5b3_Al_mc_AKGC417L_win000.wav,both
156_5b3_Al_mc_AKGC417L_win001.wav,both
156_5b3_Al_mc_AKGC417L_win002.wav,both
156_5b3_Al_mc_AKGC417L_win003.wav,both
156_5b3_Al_mc_AKGC417L_win004.wav,both
156_5b3_Ar_mc_AKGC417L_win000.wav,both
156_5b3_Ar_mc_AKGC417L_win001.wav,both
156_5b3_Ar_mc_AKGC417L_win002.wav,both
156_5b3_Ar_mc_AKGC417L_win003.wav,both
156_5b3_Ar_mc_AKGC417L_win004.wav,both
156_5b3_Ll_mc_AKGC417L_win000.wav,both
156_5b3_Ll_mc_AKGC417L_win001.wav,crackle
156_5b3_Ll_mc_AKGC417L_win002.wav,crackle
156_5b3_Ll_mc_AKGC417L_win003.wav,crackle
156_5b3_Ll_mc_AKGC417L_win004.wav,crackle
156_5b3_Lr_mc_AKGC417L_win000.wav,both
156_5b3_Lr_mc_AKGC417L_win001.wav,both
156_5b3_Lr_mc_AKGC417L_win002.wav,both
156_5b3_Lr_mc_AKGC417L_win003.wav,both
156_5b3_Lr_mc_AKGC417L_win004.wav,both
156_5b3_Pl_mc_AKGC417L_win000.wav,both
156_5b3_Pl_mc_AKGC417L_win001.wav,both
156_5b3_Pl_mc_AKGC417L_win002.wav,both
156_5b3_Pl_mc_AKGC417L_win003.wav,both
156_5b3_Pl_mc_AKGC417L_win004.wav,both
156_5b3_Pr_mc_AKGC417L_win000.wav,both
156_5b3_Pr_mc_AKGC417L_win001.wav,both
156_5b3_Pr_mc_AKGC417L_win002.wav,both
156_5b3_Pr_mc_AKGC417L_win003.wav,both
156_5b3_Pr_mc_AKGC417L_win004.wav,both
156_8b3_Al_mc_AKGC417L_win000.wav,normal
156_8b3_Al_mc_AKGC417L_win001.wav,both
156_8b3_Al_mc_AKGC417L_win002.wav,both
156_8b3_Al_mc_AKGC417L_win003.wav,both
156_8b3_Al_mc_AKGC417L_win004.wav,wheeze
156_8b3_Ar_mc_AKGC417L_win000.wav,crackle
156_8b3_Ar_mc_AKGC417L_win001.wav,wheeze
156_8b3_Ar_mc_AKGC417L_win002.wav,wheeze
156_8b3_Ar_mc_AKGC417L_win003.wav,wheeze
156_8b3_Ar_mc_AKGC417L_win004.wav,wheeze
156_8b3_Ll_mc_AKGC417L_win000.wav,crackle
156_8b3_Ll_mc_AKGC417L_win001.wav,both
156_8b3_Ll_mc_AKGC417L_win002.wav,both
156_8b3_Ll_mc_AKGC417L_win003.wav,both
156_8b3_Ll_mc_AKGC417L_win004.wav,both
156_8b3_Lr_mc_AKGC417L_win000.wav,normal
156_8b3_Lr_mc_AKGC417L_win001.wav,normal
156_8b3_Lr_mc_AKGC417L_win002.wav,normal
156_8b3_Lr_mc_AKGC417L_win003.wav,normal
156_8b3_Lr_mc_AKGC417L_win004.wav,wheeze
156_8b3_Pl_mc_AKGC417L_win000.wav,crackle
156_8b3_Pl_mc_AKGC417L_win001.wav,both
156_8b3_Pl_mc_AKGC417L_win002.wav,both
156_8b3_Pl_mc_AKGC417L_win003.wav,both
156_8b3_Pl_mc_AKGC417L_win004.wav,both
157_1b1_Al_sc_Meditron_win000.wav,normal
157_1b1_Al_sc_Meditron_win001.wav,normal
157_1b1_Al_sc_Meditron_win002.wav,normal
157_1b1_Al_sc_Meditron_win003.wav,normal
157_1b1_Al_sc_Meditron_win004.wav,normal
157_1b1_Al_sc_Meditron_win005.wav,normal
157_1b1_Al_sc_Meditron_win006.wav,normal
157_1b1_Al_sc_Meditron_win007.wav,normal
157_1b1_Al_sc_Meditron_win008.wav,normal
157_1b1_Al_sc_Meditron_win009.wav,crackle
157_1b1_Al_sc_Meditron_win010.wav,normal
157_1b1_Al_sc_Meditron_win011.wav,normal
157_1b1_Al_sc_Meditron_win012.wav,crackle
157_1b1_Al_sc_Meditron_win013.wav,normal
157_1b1_Al_sc_Meditron_win014.wav,normal
157_1b1_Al_sc_Meditron_win015.wav,normal
157_1b1_Al_sc_Meditron_win016.wav,normal
157_1b1_Ar_sc_Meditron_win000.wav,normal
157_1b1_Ar_sc_Meditron_win001.wav,normal
157_1b1_Ar_sc_Meditron_win002.wav,normal
157_1b1_Ar_sc_Meditron_win003.wav,normal
157_1b1_Ar_sc_Meditron_win004.wav,normal
157_1b1_Ar_sc_Meditron_win005.wav,normal
157_1b1_Ar_sc_Meditron_win006.wav,normal
157_1b1_Ar_sc_Meditron_win007.wav,normal
157_1b1_Ar_sc_Meditron_win008.wav,normal
157_1b1_Ar_sc_Meditron_win009.wav,normal
157_1b1_Ar_sc_Meditron_win010.wav,normal
157_1b1_Ar_sc_Meditron_win011.wav,normal
157_1b1_Ar_sc_Meditron_win012.wav,normal
157_1b1_Ar_sc_Meditron_win013.wav,normal
157_1b1_Ar_sc_Meditron_win014.wav,normal
157_1b1_Ar_sc_Meditron_win015.wav,normal
157_1b1_Ar_sc_Meditron_win016.wav,normal
157_1b1_Lr_sc_Meditron_win000.wav,normal
157_1b1_Lr_sc_Meditron_win001.wav,normal
157_1b1_Lr_sc_Meditron_win002.wav,normal
157_1b1_Lr_sc_Meditron_win003.wav,normal
157_1b1_Lr_sc_Meditron_win004.wav,normal
157_1b1_Lr_sc_Meditron_win005.wav,normal
157_1b1_Lr_sc_Meditron_win006.wav,normal
157_1b1_Lr_sc_Meditron_win007.wav,crackle
157_1b1_Lr_sc_Meditron_win008.wav,crackle
157_1b1_Lr_sc_Meditron_win009.wav,crackle
157_1b1_Lr_sc_Meditron_win010.wav,normal
157_1b1_Lr_sc_Meditron_win011.wav,crackle
157_1b1_Lr_sc_Meditron_win012.wav,crackle
157_1b1_Lr_sc_Meditron_win013.wav,crackle
157_1b1_Lr_sc_Meditron_win014.wav,crackle
157_1b1_Lr_sc_Meditron_win015.wav,crackle
157_1b1_Lr_sc_Meditron_win016.wav,normal
157_1b1_Pl_sc_Meditron_win000.wav,normal
157_1b1_Pl_sc_Meditron_win001.wav,normal
157_1b1_Pl_sc_Meditron_win002.wav,normal
157_1b1_Pl_sc_Meditron_win003.wav,normal
157_1b1_Pl_sc_Meditron_win004.wav,normal
157_1b1_Pl_sc_Meditron_win005.wav,normal
157_1b1_Pl_sc_Meditron_win006.wav,normal
157_1b1_Pl_sc_Meditron_win007.wav,crackle
157_1b1_Pl_sc_Meditron_win008.wav,crackle
157_1b1_Pl_sc_Meditron_win009.wav,crackle
157_1b1_Pl_sc_Meditron_win010.wav,normal
157_1b1_Pl_sc_Meditron_win011.wav,normal
157_1b1_Pl_sc_Meditron_win012.wav,crackle
157_1b1_Pl_sc_Meditron_win013.wav,crackle
157_1b1_Pl_sc_Meditron_win014.wav,normal
157_1b1_Pl_sc_Meditron_win015.wav,normal
157_1b1_Pr_sc_Meditron_win000.wav,crackle
157_1b1_Pr_sc_Meditron_win001.wav,crackle
157_1b1_Pr_sc_Meditron_win002.wav,crackle
157_1b1_Pr_sc_Meditron_win003.wav,crackle
157_1b1_Pr_sc_Meditron_win004.wav,crackle
157_1b1_Pr_sc_Meditron_win005.wav,normal
157_1b1_Pr_sc_Meditron_win006.wav,crackle
157_1b1_Pr_sc_Meditron_win007.wav,normal
157_1b1_Pr_sc_Meditron_win008.wav,normal
157_1b1_Pr_sc_Meditron_win009.wav,normal
157_1b1_Pr_sc_Meditron_win010.wav,normal
157_1b1_Pr_sc_Meditron_win011.wav,crackle
157_1b1_Pr_sc_Meditron_win012.wav,crackle
157_1b1_Pr_sc_Meditron_win013.wav,crackle
157_1b1_Pr_sc_Meditron_win014.wav,crackle
157_1b1_Pr_sc_Meditron_win015.wav,crackle
158_1b3_Ar_mc_LittC2SE_win000.wav,normal
158_1b3_Ar_mc_LittC2SE_win001.wav,crackle
158_1b3_Ar_mc_LittC2SE_win002.wav,crackle
158_1b3_Ar_mc_LittC2SE_win003.wav,crackle
158_1b3_Ar_mc_LittC2SE_win004.wav,crackle
158_1p2_Al_mc_AKGC417L_win000.wav,normal
158_1p2_Al_mc_AKGC417L_win001.wav,crackle
158_1p2_Al_mc_AKGC417L_win002.wav,normal
158_1p2_Al_mc_AKGC417L_win003.wav,normal
158_1p2_Al_mc_AKGC417L_win004.wav,normal
158_1p2_Ar_mc_AKGC417L_win000.wav,both
158_1p2_Ar_mc_AKGC417L_win001.wav,both
158_1p2_Ar_mc_AKGC417L_win002.wav,crackle
158_1p2_Ar_mc_AKGC417L_win003.wav,crackle
158_1p2_Ar_mc_AKGC417L_win004.wav,both
158_1p2_Ll_mc_AKGC417L_win000.wav,both
158_1p2_Ll_mc_AKGC417L_win001.wav,crackle
158_1p2_Ll_mc_AKGC417L_win002.wav,crackle
158_1p2_Ll_mc_AKGC417L_win003.wav,crackle
158_1p2_Ll_mc_AKGC417L_win004.wav,crackle
158_1p2_Lr_mc_AKGC417L_win000.wav,wheeze
158_1p2_Lr_mc_AKGC417L_win001.wav,wheeze
158_1p2_Lr_mc_AKGC417L_win002.wav,both
158_1p2_Lr_mc_AKGC417L_win003.wav,both
158_1p2_Lr_mc_AKGC417L_win004.wav,wheeze
158_1p2_Pl_mc_AKGC417L_win000.wav,both
158_1p2_Pl_mc_AKGC417L_win001.wav,both
158_1p2_Pl_mc_AKGC417L_win002.wav,wheeze
158_1p2_Pl_mc_AKGC417L_win003.wav,wheeze
158_1p2_Pl_mc_AKGC417L_win004.wav,both
158_1p2_Pr_mc_AKGC417L_win000.wav,both
158_1p2_Pr_mc_AKGC417L_win001.wav,both
158_1p2_Pr_mc_AKGC417L_win002.wav,crackle
158_1p2_Pr_mc_AKGC417L_win003.wav,both
158_1p2_Pr_mc_AKGC417L_win004.wav,both
158_1p2_Tc_mc_AKGC417L_win000.wav,both
158_1p2_Tc_mc_AKGC417L_win001.wav,both
158_1p2_Tc_mc_AKGC417L_win002.wav,both
158_1p2_Tc_mc_AKGC417L_win003.wav,both
158_1p2_Tc_mc_AKGC417L_win004.wav,both
158_1p3_Al_mc_AKGC417L_win000.wav,both
158_1p3_Al_mc_AKGC417L_win001.wav,both
158_1p3_Al_mc_AKGC417L_win002.wav,both
158_1p3_Al_mc_AKGC417L_win003.wav,normal
158_1p3_Al_mc_AKGC417L_win004.wav,normal
158_1p3_Ar_mc_AKGC417L_win000.wav,both
158_1p3_Ar_mc_AKGC417L_win001.wav,both
158_1p3_Ar_mc_AKGC417L_win002.wav,both
158_1p3_Ar_mc_AKGC417L_win003.wav,normal
158_1p3_Ar_mc_AKGC417L_win004.wav,normal
158_1p3_Ll_mc_AKGC417L_win000.wav,crackle
158_1p3_Ll_mc_AKGC417L_win001.wav,crackle
158_1p3_Ll_mc_AKGC417L_win002.wav,both
158_1p3_Ll_mc_AKGC417L_win003.wav,crackle
158_1p3_Ll_mc_AKGC417L_win004.wav,normal
158_1p3_Lr_mc_AKGC417L_win000.wav,both
158_1p3_Lr_mc_AKGC417L_win001.wav,both
158_1p3_Lr_mc_AKGC417L_win002.wav,both
158_1p3_Lr_mc_AKGC417L_win003.wav,normal
158_1p3_Lr_mc_AKGC417L_win004.wav,wheeze
158_1p3_Pl_mc_AKGC417L_win000.wav,both
158_1p3_Pl_mc_AKGC417L_win001.wav,both
158_1p3_Pl_mc_AKGC417L_win002.wav,both
158_1p3_Pl_mc_AKGC417L_win003.wav,wheeze
158_1p3_Pl_mc_AKGC417L_win004.wav,normal
158_1p3_Pr_mc_AKGC417L_win000.wav,both
158_1p3_Pr_mc_AKGC417L_win001.wav,both
158_1p3_Pr_mc_AKGC417L_win002.wav,both
158_1p3_Pr_mc_AKGC417L_win003.wav,normal
158_1p3_Pr_mc_AKGC417L_win004.wav,both
158_1p3_Tc_mc_AKGC417L_win000.wav,crackle
158_1p3_Tc_mc_AKGC417L_win001.wav,crackle
158_1p3_Tc_mc_AKGC417L_win002.wav,normal
158_1p3_Tc_mc_AKGC417L_win003.wav,normal
158_1p3_Tc_mc_AKGC417L_win004.wav,normal
158_1p4_Al_mc_AKGC417L_win000.wav,both
158_1p4_Al_mc_AKGC417L_win001.wav,both
158_1p4_Al_mc_AKGC417L_win002.wav,both
158_1p4_Al_mc_AKGC417L_win003.wav,both
158_1p4_Al_mc_AKGC417L_win004.wav,wheeze
158_1p4_Ar_mc_AKGC417L_win000.wav,both
158_1p4_Ar_mc_AKGC417L_win001.wav,wheeze
158_1p4_Ar_mc_AKGC417L_win002.wav,both
158_1p4_Ar_mc_AKGC417L_win003.wav,both
158_1p4_Ar_mc_AKGC417L_win004.wav,wheeze
158_1p4_Lr_mc_AKGC417L_win000.wav,both
158_1p4_Lr_mc_AKGC417L_win001.wav,wheeze
158_1p4_Lr_mc_AKGC417L_win002.wav,both
158_1p4_Lr_mc_AKGC417L_win003.wav,both
158_1p4_Lr_mc_AKGC417L_win004.wav,both
158_1p4_Pl_mc_AKGC417L_win000.wav,wheeze
158_1p4_Pl_mc_AKGC417L_win001.wav,wheeze
158_1p4_Pl_mc_AKGC417L_win002.wav,both
158_1p4_Pl_mc_AKGC417L_win003.wav,both
158_1p4_Pl_mc_AKGC417L_win004.wav,both
158_1p4_Pr_mc_AKGC417L_win000.wav,wheeze
158_1p4_Pr_mc_AKGC417L_win001.wav,wheeze
158_1p4_Pr_mc_AKGC417L_win002.wav,both
158_1p4_Pr_mc_AKGC417L_win003.wav,both
158_1p4_Pr_mc_AKGC417L_win004.wav,both
158_1p4_Tc_mc_AKGC417L_win000.wav,wheeze
158_1p4_Tc_mc_AKGC417L_win001.wav,wheeze
158_1p4_Tc_mc_AKGC417L_win002.wav,wheeze
158_1p4_Tc_mc_AKGC417L_win003.wav,wheeze
158_1p4_Tc_mc_AKGC417L_win004.wav,wheeze
158_2p2_Ar_mc_AKGC417L_win000.wav,crackle
158_2p2_Ar_mc_AKGC417L_win001.wav,crackle
158_2p2_Ar_mc_AKGC417L_win002.wav,crackle
158_2p2_Ar_mc_AKGC417L_win003.wav,normal
158_2p2_Ar_mc_AKGC417L_win004.wav,crackle
158_2p3_Lr_mc_AKGC417L_win000.wav,crackle
158_2p3_Lr_mc_AKGC417L_win001.wav,both
158_2p3_Lr_mc_AKGC417L_win002.wav,both
158_2p3_Lr_mc_AKGC417L_win003.wav,crackle
158_2p3_Lr_mc_AKGC417L_win004.wav,crackle
158_2p3_Tc_mc_AKGC417L_win000.wav,crackle
158_2p3_Tc_mc_AKGC417L_win001.wav,both
158_2p3_Tc_mc_AKGC417L_win002.wav,crackle
158_2p3_Tc_mc_AKGC417L_win003.wav,both
158_2p3_Tc_mc_AKGC417L_win004.wav,both
159_1b1_Al_sc_Meditron_win000.wav,wheeze
159_1b1_Al_sc_Meditron_win001.wav,normal
159_1b1_Al_sc_Meditron_win002.wav,normal
159_1b1_Al_sc_Meditron_win003.wav,normal
159_1b1_Al_sc_Meditron_win004.wav,normal
159_1b1_Ar_sc_Meditron_win000.wav,normal
159_1b1_Ar_sc_Meditron_win001.wav,normal
159_1b1_Ar_sc_Meditron_win002.wav,normal
159_1b1_Ar_sc_Meditron_win003.wav,normal
159_1b1_Ar_sc_Meditron_win004.wav,normal
159_1b1_Ll_sc_Meditron_win000.wav,normal
159_1b1_Ll_sc_Meditron_win001.wav,normal
159_1b1_Ll_sc_Meditron_win002.wav,normal
159_1b1_Ll_sc_Meditron_win003.wav,normal
159_1b1_Ll_sc_Meditron_win004.wav,normal
159_1b1_Pr_sc_Meditron_win000.wav,normal
159_1b1_Pr_sc_Meditron_win001.wav,normal
159_1b1_Pr_sc_Meditron_win002.wav,normal
159_1b1_Pr_sc_Meditron_win003.wav,normal
159_1b1_Pr_sc_Meditron_win004.wav,normal
160_1b2_Al_mc_AKGC417L_win000.wav,both
160_1b2_Al_mc_AKGC417L_win001.wav,both
160_1b2_Al_mc_AKGC417L_win002.wav,wheeze
160_1b2_Al_mc_AKGC417L_win003.wav,normal
160_1b2_Al_mc_AKGC417L_win004.wav,normal
160_1b2_Ar_mc_AKGC417L_win000.wav,wheeze
160_1b2_Ar_mc_AKGC417L_win001.wav,wheeze
160_1b2_Ar_mc_AKGC417L_win002.wav,wheeze
160_1b2_Ar_mc_AKGC417L_win003.wav,normal
160_1b2_Ar_mc_AKGC417L_win004.wav,normal
160_1b2_Lr_mc_AKGC417L_win000.wav,crackle
160_1b2_Lr_mc_AKGC417L_win001.wav,normal
160_1b2_Lr_mc_AKGC417L_win002.wav,wheeze
160_1b2_Lr_mc_AKGC417L_win003.wav,normal
160_1b2_Lr_mc_AKGC417L_win004.wav,normal
160_1b2_Pl_mc_AKGC417L_win000.wav,wheeze
160_1b2_Pl_mc_AKGC417L_win001.wav,wheeze
160_1b2_Pl_mc_AKGC417L_win002.wav,wheeze
160_1b2_Pl_mc_AKGC417L_win003.wav,normal
160_1b2_Pl_mc_AKGC417L_win004.wav,normal
160_1b2_Pr_mc_AKGC417L_win000.wav,both
160_1b2_Pr_mc_AKGC417L_win001.wav,wheeze
160_1b2_Pr_mc_AKGC417L_win002.wav,wheeze
160_1b2_Pr_mc_AKGC417L_win003.wav,normal
160_1b2_Pr_mc_AKGC417L_win004.wav,normal
160_1b2_Tc_mc_AKGC417L_win000.wav,normal
160_1b2_Tc_mc_AKGC417L_win001.wav,normal
160_1b2_Tc_mc_AKGC417L_win002.wav,wheeze
160_1b2_Tc_mc_AKGC417L_win003.wav,normal
160_1b2_Tc_mc_AKGC417L_win004.wav,normal
160_1b3_Al_mc_AKGC417L_win000.wav,normal
160_1b3_Al_mc_AKGC417L_win001.wav,both
160_1b3_Al_mc_AKGC417L_win002.wav,both
160_1b3_Al_mc_AKGC417L_win003.wav,wheeze
160_1b3_Al_mc_AKGC417L_win004.wav,wheeze
160_1b3_Ar_mc_AKGC417L_win000.wav,normal
160_1b3_Ar_mc_AKGC417L_win001.wav,wheeze
160_1b3_Ar_mc_AKGC417L_win002.wav,wheeze
160_1b3_Ar_mc_AKGC417L_win003.wav,wheeze
160_1b3_Ar_mc_AKGC417L_win004.wav,wheeze
160_1b3_Lr_mc_AKGC417L_win000.wav,normal
160_1b3_Lr_mc_AKGC417L_win001.wav,wheeze
160_1b3_Lr_mc_AKGC417L_win002.wav,wheeze
160_1b3_Lr_mc_AKGC417L_win003.wav,wheeze
160_1b3_Lr_mc_AKGC417L_win004.wav,wheeze
160_1b3_Pl_mc_AKGC417L_win000.wav,normal
160_1b3_Pl_mc_AKGC417L_win001.wav,wheeze
160_1b3_Pl_mc_AKGC417L_win002.wav,both
160_1b3_Pl_mc_AKGC417L_win003.wav,wheeze
160_1b3_Pl_mc_AKGC417L_win004.wav,wheeze
160_1b3_Pr_mc_AKGC417L_win000.wav,crackle
160_1b3_Pr_mc_AKGC417L_win001.wav,wheeze
160_1b3_Pr_mc_AKGC417L_win002.wav,both
160_1b3_Pr_mc_AKGC417L_win003.wav,both
160_1b3_Pr_mc_AKGC417L_win004.wav,both
160_1b3_Tc_mc_AKGC417L_win000.wav,normal
160_1b3_Tc_mc_AKGC417L_win001.wav,normal
160_1b3_Tc_mc_AKGC417L_win002.wav,wheeze
160_1b3_Tc_mc_AKGC417L_win003.wav,wheeze
160_1b3_Tc_mc_AKGC417L_win004.wav,wheeze
160_1b4_Al_mc_AKGC417L_win000.wav,crackle
160_1b4_Al_mc_AKGC417L_win001.wav,both
160_1b4_Al_mc_AKGC417L_win002.wav,wheeze
160_1b4_Al_mc_AKGC417L_win003.wav,both
160_1b4_Al_mc_AKGC417L_win004.wav,both
160_1b4_Ar_mc_AKGC417L_win000.wav,normal
160_1b4_Ar_mc_AKGC417L_win001.wav,wheeze
160_1b4_Ar_mc_AKGC417L_win002.wav,both
160_1b4_Ar_mc_AKGC417L_win003.wav,both
160_1b4_Ar_mc_AKGC417L_win004.wav,both
160_1b4_Lr_mc_AKGC417L_win000.wav,normal
160_1b4_Lr_mc_AKGC417L_win001.wav,wheeze
160_1b4_Lr_mc_AKGC417L_win002.wav,wheeze
160_1b4_Lr_mc_AKGC417L_win003.wav,wheeze
160_1b4_Lr_mc_AKGC417L_win004.wav,wheeze
160_1b4_Pl_mc_AKGC417L_win000.wav,normal
160_1b4_Pl_mc_AKGC417L_win001.wav,both
160_1b4_Pl_mc_AKGC417L_win002.wav,both
160_1b4_Pl_mc_AKGC417L_win003.wav,wheeze
160_1b4_Pl_mc_AKGC417L_win004.wav,wheeze
160_1b4_Pr_mc_AKGC417L_win000.wav,crackle
160_1b4_Pr_mc_AKGC417L_win001.wav,both
160_1b4_Pr_mc_AKGC417L_win002.wav,both
160_1b4_Pr_mc_AKGC417L_win003.wav,crackle
160_1b4_Pr_mc_AKGC417L_win004.wav,crackle
160_1b4_Tc_mc_AKGC417L_win000.wav,normal
160_1b4_Tc_mc_AKGC417L_win001.wav,wheeze
160_1b4_Tc_mc_AKGC417L_win002.wav,wheeze
160_1b4_Tc_mc_AKGC417L_win003.wav,wheeze
160_1b4_Tc_mc_AKGC417L_win004.wav,wheeze
160_2b3_Lr_mc_AKGC417L_win000.wav,normal
160_2b3_Lr_mc_AKGC417L_win001.wav,normal
160_2b3_Lr_mc_AKGC417L_win002.wav,crackle
160_2b3_Lr_mc_AKGC417L_win003.wav,normal
160_2b3_Lr_mc_AKGC417L_win004.wav,normal
160_2b4_Ar_mc_AKGC417L_win000.wav,crackle
160_2b4_Ar_mc_AKGC417L_win001.wav,crackle
160_2b4_Ar_mc_AKGC417L_win002.wav,crackle
160_2b4_Ar_mc_AKGC417L_win003.wav,crackle
160_2b4_Ar_mc_AKGC417L_win004.wav,crackle
160_2b4_Pl_mc_AKGC417L_win000.wav,crackle
160_2b4_Pl_mc_AKGC417L_win001.wav,crackle
160_2b4_Pl_mc_AKGC417L_win002.wav,crackle
160_2b4_Pl_mc_AKGC417L_win003.wav,crackle
160_2b4_Pl_mc_AKGC417L_win004.wav,crackle
160_2b4_Pr_mc_AKGC417L_win000.wav,crackle
160_2b4_Pr_mc_AKGC417L_win001.wav,crackle
160_2b4_Pr_mc_AKGC417L_win002.wav,crackle
160_2b4_Pr_mc_AKGC417L_win003.wav,crackle
160_2b4_Pr_mc_AKGC417L_win004.wav,crackle
160_2b4_Tc_mc_AKGC417L_win000.wav,normal
160_2b4_Tc_mc_AKGC417L_win001.wav,normal
160_2b4_Tc_mc_AKGC417L_win002.wav,normal
160_2b4_Tc_mc_AKGC417L_win003.wav,normal
160_2b4_Tc_mc_AKGC417L_win004.wav,normal
161_1b1_Al_sc_Meditron_win000.wav,both
161_1b1_Al_sc_Meditron_win001.wav,wheeze
161_1b1_Al_sc_Meditron_win002.wav,wheeze
161_1b1_Al_sc_Meditron_win003.wav,crackle
161_1b1_Al_sc_Meditron_win004.wav,crackle
161_1b1_Pl_sc_Meditron_win000.wav,normal
161_1b1_Pl_sc_Meditron_win001.wav,wheeze
161_1b1_Pl_sc_Meditron_win002.wav,wheeze
161_1b1_Pl_sc_Meditron_win003.wav,wheeze
161_1b1_Pl_sc_Meditron_win004.wav,wheeze
162_1b2_Al_mc_AKGC417L_win000.wav,normal
162_1b2_Al_mc_AKGC417L_win001.wav,normal
162_1b2_Al_mc_AKGC417L_win002.wav,normal
162_1b2_Al_mc_AKGC417L_win003.wav,normal
162_1b2_Al_mc_AKGC417L_win004.wav,normal
162_1b2_Ar_mc_AKGC417L_win000.wav,normal
162_1b2_Ar_mc_AKGC417L_win001.wav,both
162_1b2_Ar_mc_AKGC417L_win002.wav,normal
162_1b2_Ar_mc_AKGC417L_win003.wav,normal
162_1b2_Ar_mc_AKGC417L_win004.wav,normal
162_1b2_Ll_mc_AKGC417L_win000.wav,normal
162_1b2_Ll_mc_AKGC417L_win001.wav,normal
162_1b2_Ll_mc_AKGC417L_win002.wav,normal
162_1b2_Ll_mc_AKGC417L_win003.wav,normal
162_1b2_Ll_mc_AKGC417L_win004.wav,normal
162_1b2_Lr_mc_AKGC417L_win000.wav,normal
162_1b2_Lr_mc_AKGC417L_win001.wav,normal
162_1b2_Lr_mc_AKGC417L_win002.wav,normal
162_1b2_Lr_mc_AKGC417L_win003.wav,normal
162_1b2_Lr_mc_AKGC417L_win004.wav,normal
162_1b2_Pl_mc_AKGC417L_win000.wav,normal
162_1b2_Pl_mc_AKGC417L_win001.wav,normal
162_1b2_Pl_mc_AKGC417L_win002.wav,normal
162_1b2_Pl_mc_AKGC417L_win003.wav,normal
162_1b2_Pl_mc_AKGC417L_win004.wav,normal
162_1b2_Pr_mc_AKGC417L_win000.wav,normal
162_1b2_Pr_mc_AKGC417L_win001.wav,normal
162_1b2_Pr_mc_AKGC417L_win002.wav,normal
162_1b2_Pr_mc_AKGC417L_win003.wav,normal
162_1b2_Pr_mc_AKGC417L_win004.wav,normal
162_1b2_Tc_mc_AKGC417L_win000.wav,crackle
162_1b2_Tc_mc_AKGC417L_win001.wav,normal
162_1b2_Tc_mc_AKGC417L_win002.wav,crackle
162_1b2_Tc_mc_AKGC417L_win003.wav,crackle
162_1b2_Tc_mc_AKGC417L_win004.wav,normal
162_2b2_Al_mc_AKGC417L_win000.wav,normal
162_2b2_Al_mc_AKGC417L_win001.wav,normal
162_2b2_Al_mc_AKGC417L_win002.wav,normal
162_2b2_Al_mc_AKGC417L_win003.wav,normal
162_2b2_Al_mc_AKGC417L_win004.wav,normal
162_2b2_Ar_mc_AKGC417L_win000.wav,normal
162_2b2_Ar_mc_AKGC417L_win001.wav,normal
162_2b2_Ar_mc_AKGC417L_win002.wav,normal
162_2b2_Ar_mc_AKGC417L_win003.wav,normal
162_2b2_Ar_mc_AKGC417L_win004.wav,normal
162_2b2_Pl_mc_AKGC417L_win000.wav,normal
162_2b2_Pl_mc_AKGC417L_win001.wav,normal
162_2b2_Pl_mc_AKGC417L_win002.wav,normal
162_2b2_Pl_mc_AKGC417L_win003.wav,normal
162_2b2_Pl_mc_AKGC417L_win004.wav,normal
162_2b2_Pr_mc_AKGC417L_win000.wav,normal
162_2b2_Pr_mc_AKGC417L_win001.wav,normal
162_2b2_Pr_mc_AKGC417L_win002.wav,normal
162_2b2_Pr_mc_AKGC417L_win003.wav,normal
162_2b2_Pr_mc_AKGC417L_win004.wav,normal
162_2b2_Tc_mc_AKGC417L_win000.wav,normal
162_2b2_Tc_mc_AKGC417L_win001.wav,normal
162_2b2_Tc_mc_AKGC417L_win002.wav,normal
162_2b2_Tc_mc_AKGC417L_win003.wav,normal
162_2b2_Tc_mc_AKGC417L_win004.wav,normal
162_2b3_Al_mc_AKGC417L_win000.wav,normal
162_2b3_Al_mc_AKGC417L_win001.wav,normal
162_2b3_Al_mc_AKGC417L_win002.wav,normal
162_2b3_Al_mc_AKGC417L_win003.wav,normal
162_2b3_Al_mc_AKGC417L_win004.wav,normal
162_2b3_Ar_mc_AKGC417L_win000.wav,normal
162_2b3_Ar_mc_AKGC417L_win001.wav,normal
162_2b3_Ar_mc_AKGC417L_win002.wav,normal
162_2b3_Ar_mc_AKGC417L_win003.wav,normal
162_2b3_Ar_mc_AKGC417L_win004.wav,normal
162_2b3_Lr_mc_AKGC417L_win000.wav,normal
162_2b3_Lr_mc_AKGC417L_win001.wav,normal
162_2b3_Lr_mc_AKGC417L_win002.wav,normal
162_2b3_Lr_mc_AKGC417L_win003.wav,normal
162_2b3_Lr_mc_AKGC417L_win004.wav,normal
162_2b3_Pl_mc_AKGC417L_win000.wav,normal
162_2b3_Pl_mc_AKGC417L_win001.wav,normal
162_2b3_Pl_mc_AKGC417L_win002.wav,normal
162_2b3_Pl_mc_AKGC417L_win003.wav,normal
162_2b3_Pl_mc_AKGC417L_win004.wav,normal
162_2b3_Pr_mc_AKGC417L_win000.wav,normal
162_2b3_Pr_mc_AKGC417L_win001.wav,normal
162_2b3_Pr_mc_AKGC417L_win002.wav,normal
162_2b3_Pr_mc_AKGC417L_win003.wav,normal
162_2b3_Pr_mc_AKGC417L_win004.wav,normal
162_2b3_Tc_mc_AKGC417L_win000.wav,normal
162_2b3_Tc_mc_AKGC417L_win001.wav,normal
162_2b3_Tc_mc_AKGC417L_win002.wav,normal
162_2b3_Tc_mc_AKGC417L_win003.wav,normal
162_2b3_Tc_mc_AKGC417L_win004.wav,normal
162_2b4_Al_mc_AKGC417L_win000.wav,normal
162_2b4_Al_mc_AKGC417L_win001.wav,normal
162_2b4_Al_mc_AKGC417L_win002.wav,normal
162_2b4_Al_mc_AKGC417L_win003.wav,normal
162_2b4_Al_mc_AKGC417L_win004.wav,normal
162_2b4_Ar_mc_AKGC417L_win000.wav,normal
162_2b4_Ar_mc_AKGC417L_win001.wav,normal
162_2b4_Ar_mc_AKGC417L_win002.wav,normal
162_2b4_Ar_mc_AKGC417L_win003.wav,normal
162_2b4_Ar_mc_AKGC417L_win004.wav,normal
162_2b4_Lr_mc_AKGC417L_win000.wav,normal
162_2b4_Lr_mc_AKGC417L_win001.wav,normal
162_2b4_Lr_mc_AKGC417L_win002.wav,normal
162_2b4_Lr_mc_AKGC417L_win003.wav,normal
162_2b4_Lr_mc_AKGC417L_win004.wav,normal
162_2b4_Pl_mc_AKGC417L_win000.wav,normal
162_2b4_Pl_mc_AKGC417L_win001.wav,normal
162_2b4_Pl_mc_AKGC417L_win002.wav,normal
162_2b4_Pl_mc_AKGC417L_win003.wav,normal
162_2b4_Pl_mc_AKGC417L_win004.wav,normal
162_2b4_Pr_mc_AKGC417L_win000.wav,normal
162_2b4_Pr_mc_AKGC417L_win001.wav,wheeze
162_2b4_Pr_mc_AKGC417L_win002.wav,normal
162_2b4_Pr_mc_AKGC417L_win003.wav,normal
162_2b4_Pr_mc_AKGC417L_win004.wav,normal
162_2b4_Tc_mc_AKGC417L_win000.wav,normal
162_2b4_Tc_mc_AKGC417L_win001.wav,crackle
162_2b4_Tc_mc_AKGC417L_win002.wav,crackle
162_2b4_Tc_mc_AKGC417L_win003.wav,crackle
162_2b4_Tc_mc_AKGC417L_win004.wav,normal
163_2b2_Al_mc_AKGC417L_win000.wav,normal
163_2b2_Al_mc_AKGC417L_win001.wav,normal
163_2b2_Al_mc_AKGC417L_win002.wav,normal
163_2b2_Al_mc_AKGC417L_win003.wav,normal
163_2b2_Al_mc_AKGC417L_win004.wav,normal
163_2b2_Ar_mc_AKGC417L_win000.wav,normal
163_2b2_Ar_mc_AKGC417L_win001.wav,normal
163_2b2_Ar_mc_AKGC417L_win002.wav,normal
163_2b2_Ar_mc_AKGC417L_win003.wav,normal
163_2b2_Ar_mc_AKGC417L_win004.wav,normal
163_2b2_Ll_mc_AKGC417L_win000.wav,normal
163_2b2_Ll_mc_AKGC417L_win001.wav,crackle
163_2b2_Ll_mc_AKGC417L_win002.wav,normal
163_2b2_Ll_mc_AKGC417L_win003.wav,crackle
163_2b2_Ll_mc_AKGC417L_win004.wav,normal
163_2b2_Lr_mc_AKGC417L_win000.wav,crackle
163_2b2_Lr_mc_AKGC417L_win001.wav,normal
163_2b2_Lr_mc_AKGC417L_win002.wav,crackle
163_2b2_Lr_mc_AKGC417L_win003.wav,normal
163_2b2_Lr_mc_AKGC417L_win004.wav,crackle
163_2b2_Pl_mc_AKGC417L_win000.wav,crackle
163_2b2_Pl_mc_AKGC417L_win001.wav,crackle
163_2b2_Pl_mc_AKGC417L_win002.wav,normal
163_2b2_Pl_mc_AKGC417L_win003.wav,normal
163_2b2_Pl_mc_AKGC417L_win004.wav,normal
163_2b2_Pr_mc_AKGC417L_win000.wav,normal
163_2b2_Pr_mc_AKGC417L_win001.wav,normal
163_2b2_Pr_mc_AKGC417L_win002.wav,normal
163_2b2_Pr_mc_AKGC417L_win003.wav,normal
163_2b2_Pr_mc_AKGC417L_win004.wav,normal
163_2b2_Tc_mc_AKGC417L_win000.wav,normal
163_2b2_Tc_mc_AKGC417L_win001.wav,normal
163_2b2_Tc_mc_AKGC417L_win002.wav,normal
163_2b2_Tc_mc_AKGC417L_win003.wav,normal
163_2b2_Tc_mc_AKGC417L_win004.wav,normal
163_8b3_Al_mc_AKGC417L_win000.wav,normal
163_8b3_Al_mc_AKGC417L_win001.wav,normal
163_8b3_Al_mc_AKGC417L_win002.wav,normal
163_8b3_Al_mc_AKGC417L_win003.wav,normal
163_8b3_Al_mc_AKGC417L_win004.wav,normal
163_8b3_Ar_mc_AKGC417L_win000.wav,normal
163_8b3_Ar_mc_AKGC417L_win001.wav,normal
163_8b3_Ar_mc_AKGC417L_win002.wav,normal
163_8b3_Ar_mc_AKGC417L_win003.wav,normal
163_8b3_Ar_mc_AKGC417L_win004.wav,normal
163_8b3_Ll_mc_AKGC417L_win000.wav,normal
163_8b3_Ll_mc_AKGC417L_win001.wav,normal
163_8b3_Ll_mc_AKGC417L_win002.wav,normal
163_8b3_Ll_mc_AKGC417L_win003.wav,normal
163_8b3_Ll_mc_AKGC417L_win004.wav,normal
163_8b3_Lr_mc_AKGC417L_win000.wav,normal
163_8b3_Lr_mc_AKGC417L_win001.wav,normal
163_8b3_Lr_mc_AKGC417L_win002.wav,normal
163_8b3_Lr_mc_AKGC417L_win003.wav,normal
163_8b3_Lr_mc_AKGC417L_win004.wav,normal
163_8b3_Pl_mc_AKGC417L_win000.wav,normal
163_8b3_Pl_mc_AKGC417L_win001.wav,normal
163_8b3_Pl_mc_AKGC417L_win002.wav,normal
163_8b3_Pl_mc_AKGC417L_win003.wav,normal
163_8b3_Pl_mc_AKGC417L_win004.wav,normal
163_8b3_Pr_mc_AKGC417L_win000.wav,normal
163_8b3_Pr_mc_AKGC417L_win001.wav,normal
163_8b3_Pr_mc_AKGC417L_win002.wav,normal
163_8b3_Pr_mc_AKGC417L_win003.wav,normal
163_8b3_Pr_mc_AKGC417L_win004.wav,normal
164_1b1_Ll_sc_Meditron_win000.wav,wheeze
164_1b1_Ll_sc_Meditron_win001.wav,crackle
164_1b1_Ll_sc_Meditron_win002.wav,normal
164_1b1_Ll_sc_Meditron_win003.wav,wheeze
164_1b1_Ll_sc_Meditron_win004.wav,normal
165_1b1_Ar_sc_Meditron_win000.wav,normal
165_1b1_Ar_sc_Meditron_win001.wav,crackle
165_1b1_Ar_sc_Meditron_win002.wav,crackle
165_1b1_Ar_sc_Meditron_win003.wav,normal
165_1b1_Ar_sc_Meditron_win004.wav,normal
165_1b1_Pl_sc_Meditron_win000.wav,normal
165_1b1_Pl_sc_Meditron_win001.wav,normal
165_1b1_Pl_sc_Meditron_win002.wav,normal
165_1b1_Pl_sc_Meditron_win003.wav,normal
165_1b1_Pl_sc_Meditron_win004.wav,normal
165_1b1_Pr_sc_Meditron_win000.wav,crackle
165_1b1_Pr_sc_Meditron_win001.wav,normal
165_1b1_Pr_sc_Meditron_win002.wav,normal
165_1b1_Pr_sc_Meditron_win003.wav,wheeze
165_1b1_Pr_sc_Meditron_win004.wav,normal
166_1p1_Al_sc_Meditron_win000.wav,normal
166_1p1_Al_sc_Meditron_win001.wav,normal
166_1p1_Al_sc_Meditron_win002.wav,normal
166_1p1_Al_sc_Meditron_win003.wav,normal
166_1p1_Al_sc_Meditron_win004.wav,normal
166_1p1_Al_sc_Meditron_win005.wav,normal
166_1p1_Al_sc_Meditron_win006.wav,normal
166_1p1_Al_sc_Meditron_win007.wav,normal
166_1p1_Al_sc_Meditron_win008.wav,normal
166_1p1_Al_sc_Meditron_win009.wav,normal
166_1p1_Al_sc_Meditron_win010.wav,crackle
166_1p1_Al_sc_Meditron_win011.wav,crackle
166_1p1_Al_sc_Meditron_win012.wav,crackle
166_1p1_Al_sc_Meditron_win013.wav,crackle
166_1p1_Al_sc_Meditron_win014.wav,crackle
166_1p1_Al_sc_Meditron_win015.wav,normal
166_1p1_Ar_sc_Meditron_win000.wav,normal
166_1p1_Ar_sc_Meditron_win001.wav,normal
166_1p1_Ar_sc_Meditron_win002.wav,normal
166_1p1_Ar_sc_Meditron_win003.wav,normal
166_1p1_Ar_sc_Meditron_win004.wav,normal
166_1p1_Ar_sc_Meditron_win005.wav,normal
166_1p1_Ar_sc_Meditron_win006.wav,normal
166_1p1_Ar_sc_Meditron_win007.wav,normal
166_1p1_Ar_sc_Meditron_win008.wav,normal
166_1p1_Ar_sc_Meditron_win009.wav,normal
166_1p1_Ar_sc_Meditron_win010.wav,normal
166_1p1_Ar_sc_Meditron_win011.wav,normal
166_1p1_Ar_sc_Meditron_win012.wav,normal
166_1p1_Ar_sc_Meditron_win013.wav,normal
166_1p1_Ar_sc_Meditron_win014.wav,normal
166_1p1_Ar_sc_Meditron_win015.wav,normal
166_1p1_Ll_sc_Meditron_win000.wav,crackle
166_1p1_Ll_sc_Meditron_win001.wav,crackle
166_1p1_Ll_sc_Meditron_win002.wav,crackle
166_1p1_Ll_sc_Meditron_win003.wav,crackle
166_1p1_Ll_sc_Meditron_win004.wav,crackle
166_1p1_Ll_sc_Meditron_win005.wav,crackle
166_1p1_Ll_sc_Meditron_win006.wav,crackle
166_1p1_Ll_sc_Meditron_win007.wav,crackle
166_1p1_Ll_sc_Meditron_win008.wav,normal
166_1p1_Ll_sc_Meditron_win009.wav,crackle
166_1p1_Ll_sc_Meditron_win010.wav,normal
166_1p1_Ll_sc_Meditron_win011.wav,normal
166_1p1_Ll_sc_Meditron_win012.wav,normal
166_1p1_Ll_sc_Meditron_win013.wav,normal
166_1p1_Ll_sc_Meditron_win014.wav,normal
166_1p1_Pl_sc_Meditron_win000.wav,normal
166_1p1_Pl_sc_Meditron_win001.wav,normal
166_1p1_Pl_sc_Meditron_win002.wav,normal
166_1p1_Pl_sc_Meditron_win003.wav,normal
166_1p1_Pl_sc_Meditron_win004.wav,normal
166_1p1_Pl_sc_Meditron_win005.wav,normal
166_1p1_Pl_sc_Meditron_win006.wav,normal
166_1p1_Pl_sc_Meditron_win007.wav,normal
166_1p1_Pl_sc_Meditron_win008.wav,normal
166_1p1_Pl_sc_Meditron_win009.wav,crackle
166_1p1_Pl_sc_Meditron_win010.wav,crackle
166_1p1_Pl_sc_Meditron_win011.wav,crackle
166_1p1_Pl_sc_Meditron_win012.wav,crackle
166_1p1_Pl_sc_Meditron_win013.wav,crackle
166_1p1_Pl_sc_Meditron_win014.wav,normal
166_1p1_Pl_sc_Meditron_win015.wav,crackle
166_1p1_Pr_sc_Meditron_win000.wav,normal
166_1p1_Pr_sc_Meditron_win001.wav,normal
166_1p1_Pr_sc_Meditron_win002.wav,wheeze
166_1p1_Pr_sc_Meditron_win003.wav,normal
166_1p1_Pr_sc_Meditron_win004.wav,normal
166_1p1_Pr_sc_Meditron_win005.wav,normal
166_1p1_Pr_sc_Meditron_win006.wav,normal
166_1p1_Pr_sc_Meditron_win007.wav,normal
166_1p1_Pr_sc_Meditron_win008.wav,wheeze
166_1p1_Pr_sc_Meditron_win009.wav,normal
166_1p1_Pr_sc_Meditron_win010.wav,normal
166_1p1_Pr_sc_Meditron_win011.wav,normal
166_1p1_Pr_sc_Meditron_win012.wav,normal
166_1p1_Pr_sc_Meditron_win013.wav,normal
166_1p1_Pr_sc_Meditron_win014.wav,normal
166_1p1_Pr_sc_Meditron_win015.wav,normal
167_1b1_Al_sc_Meditron_win000.wav,normal
167_1b1_Al_sc_Meditron_win001.wav,normal
167_1b1_Al_sc_Meditron_win002.wav,normal
167_1b1_Al_sc_Meditron_win003.wav,normal
167_1b1_Al_sc_Meditron_win004.wav,normal
167_1b1_Pr_sc_Meditron_win000.wav,wheeze
167_1b1_Pr_sc_Meditron_win001.wav,wheeze
167_1b1_Pr_sc_Meditron_win002.wav,wheeze
167_1b1_Pr_sc_Meditron_win003.wav,wheeze
167_1b1_Pr_sc_Meditron_win004.wav,wheeze
168_1b1_Al_sc_Meditron_win000.wav,normal
168_1b1_Al_sc_Meditron_win001.wav,normal
168_1b1_Al_sc_Meditron_win002.wav,normal
168_1b1_Al_sc_Meditron_win003.wav,normal
168_1b1_Al_sc_Meditron_win004.wav,normal
168_1b1_Al_sc_Meditron_win005.wav,normal
169_1b1_Lr_sc_Meditron_win000.wav,crackle
169_1b1_Lr_sc_Meditron_win001.wav,normal
169_1b1_Lr_sc_Meditron_win002.wav,crackle
169_1b1_Lr_sc_Meditron_win003.wav,crackle
169_1b1_Lr_sc_Meditron_win004.wav,crackle
169_1b1_Lr_sc_Meditron_win005.wav,normal
169_1b2_Ll_sc_Meditron_win000.wav,crackle
169_1b2_Ll_sc_Meditron_win001.wav,crackle
169_1b2_Ll_sc_Meditron_win002.wav,crackle
169_1b2_Ll_sc_Meditron_win003.wav,crackle
169_1b2_Ll_sc_Meditron_win004.wav,crackle
169_1b2_Ll_sc_Meditron_win005.wav,normal
170_1b2_Al_mc_AKGC417L_win000.wav,normal
170_1b2_Al_mc_AKGC417L_win001.wav,normal
170_1b2_Al_mc_AKGC417L_win002.wav,normal
170_1b2_Al_mc_AKGC417L_win003.wav,normal
170_1b2_Al_mc_AKGC417L_win004.wav,normal
170_1b2_Ar_mc_AKGC417L_win000.wav,wheeze
170_1b2_Ar_mc_AKGC417L_win001.wav,normal
170_1b2_Ar_mc_AKGC417L_win002.wav,normal
170_1b2_Ar_mc_AKGC417L_win003.wav,normal
170_1b2_Ar_mc_AKGC417L_win004.wav,normal
170_1b2_Lr_mc_AKGC417L_win000.wav,wheeze
170_1b2_Lr_mc_AKGC417L_win001.wav,normal
170_1b2_Lr_mc_AKGC417L_win002.wav,normal
170_1b2_Lr_mc_AKGC417L_win003.wav,normal
170_1b2_Lr_mc_AKGC417L_win004.wav,normal
170_1b2_Pl_mc_AKGC417L_win000.wav,wheeze
170_1b2_Pl_mc_AKGC417L_win001.wav,crackle
170_1b2_Pl_mc_AKGC417L_win002.wav,crackle
170_1b2_Pl_mc_AKGC417L_win003.wav,crackle
170_1b2_Pl_mc_AKGC417L_win004.wav,normal
170_1b2_Pr_mc_AKGC417L_win000.wav,normal
170_1b2_Pr_mc_AKGC417L_win001.wav,normal
170_1b2_Pr_mc_AKGC417L_win002.wav,normal
170_1b2_Pr_mc_AKGC417L_win003.wav,normal
170_1b2_Pr_mc_AKGC417L_win004.wav,normal
170_1b2_Tc_mc_AKGC417L_win000.wav,normal
170_1b2_Tc_mc_AKGC417L_win001.wav,normal
170_1b2_Tc_mc_AKGC417L_win002.wav,normal
170_1b2_Tc_mc_AKGC417L_win003.wav,normal
170_1b2_Tc_mc_AKGC417L_win004.wav,normal
170_1b3_Al_mc_AKGC417L_win000.wav,normal
170_1b3_Al_mc_AKGC417L_win001.wav,normal
170_1b3_Al_mc_AKGC417L_win002.wav,normal
170_1b3_Al_mc_AKGC417L_win003.wav,normal
170_1b3_Al_mc_AKGC417L_win004.wav,normal
170_1b3_Ar_mc_AKGC417L_win000.wav,normal
170_1b3_Ar_mc_AKGC417L_win001.wav,normal
170_1b3_Ar_mc_AKGC417L_win002.wav,normal
170_1b3_Ar_mc_AKGC417L_win003.wav,normal
170_1b3_Ar_mc_AKGC417L_win004.wav,normal
170_1b3_Ll_mc_AKGC417L_win000.wav,normal
170_1b3_Ll_mc_AKGC417L_win001.wav,normal
170_1b3_Ll_mc_AKGC417L_win002.wav,normal
170_1b3_Ll_mc_AKGC417L_win003.wav,normal
170_1b3_Ll_mc_AKGC417L_win004.wav,normal
170_1b3_Lr_mc_AKGC417L_win000.wav,normal
170_1b3_Lr_mc_AKGC417L_win001.wav,normal
170_1b3_Lr_mc_AKGC417L_win002.wav,normal
170_1b3_Lr_mc_AKGC417L_win003.wav,crackle
170_1b3_Lr_mc_AKGC417L_win004.wav,normal
170_1b3_Pl_mc_AKGC417L_win000.wav,crackle
170_1b3_Pl_mc_AKGC417L_win001.wav,crackle
170_1b3_Pl_mc_AKGC417L_win002.wav,crackle
170_1b3_Pl_mc_AKGC417L_win003.wav,crackle
170_1b3_Pl_mc_AKGC417L_win004.wav,crackle
170_1b3_Pr_mc_AKGC417L_win000.wav,normal
170_1b3_Pr_mc_AKGC417L_win001.wav,crackle
170_1b3_Pr_mc_AKGC417L_win002.wav,normal
170_1b3_Pr_mc_AKGC417L_win003.wav,normal
170_1b3_Pr_mc_AKGC417L_win004.wav,normal
170_1b3_Tc_mc_AKGC417L_win000.wav,normal
170_1b3_Tc_mc_AKGC417L_win001.wav,normal
170_1b3_Tc_mc_AKGC417L_win002.wav,normal
170_1b3_Tc_mc_AKGC417L_win003.wav,normal
170_1b3_Tc_mc_AKGC417L_win004.wav,normal
170_1b4_Al_mc_AKGC417L_win000.wav,normal
170_1b4_Al_mc_AKGC417L_win001.wav,normal
170_1b4_Al_mc_AKGC417L_win002.wav,normal
170_1b4_Al_mc_AKGC417L_win003.wav,normal
170_1b4_Al_mc_AKGC417L_win004.wav,normal
170_1b4_Ar_mc_AKGC417L_win000.wav,crackle
170_1b4_Ar_mc_AKGC417L_win001.wav,both
170_1b4_Ar_mc_AKGC417L_win002.wav,both
170_1b4_Ar_mc_AKGC417L_win003.wav,both
170_1b4_Ar_mc_AKGC417L_win004.wav,both
170_1b4_Lr_mc_AKGC417L_win000.wav,normal
170_1b4_Lr_mc_AKGC417L_win001.wav,normal
170_1b4_Lr_mc_AKGC417L_win002.wav,normal
170_1b4_Lr_mc_AKGC417L_win003.wav,normal
170_1b4_Lr_mc_AKGC417L_win004.wav,normal
170_1b4_Pl_mc_AKGC417L_win000.wav,crackle
170_1b4_Pl_mc_AKGC417L_win001.wav,crackle
170_1b4_Pl_mc_AKGC417L_win002.wav,crackle
170_1b4_Pl_mc_AKGC417L_win003.wav,crackle
170_1b4_Pl_mc_AKGC417L_win004.wav,crackle
170_1b4_Pr_mc_AKGC417L_win000.wav,normal
170_1b4_Pr_mc_AKGC417L_win001.wav,crackle
170_1b4_Pr_mc_AKGC417L_win002.wav,normal
170_1b4_Pr_mc_AKGC417L_win003.wav,crackle
170_1b4_Pr_mc_AKGC417L_win004.wav,normal
170_1b4_Tc_mc_AKGC417L_win000.wav,normal
170_1b4_Tc_mc_AKGC417L_win001.wav,normal
170_1b4_Tc_mc_AKGC417L_win002.wav,normal
170_1b4_Tc_mc_AKGC417L_win003.wav,normal
170_1b4_Tc_mc_AKGC417L_win004.wav,normal
170_2b2_Al_mc_AKGC417L_win000.wav,normal
170_2b2_Al_mc_AKGC417L_win001.wav,normal
170_2b2_Al_mc_AKGC417L_win002.wav,normal
170_2b2_Al_mc_AKGC417L_win003.wav,normal
170_2b2_Al_mc_AKGC417L_win004.wav,normal
170_2b2_Ar_mc_AKGC417L_win000.wav,normal
170_2b2_Ar_mc_AKGC417L_win001.wav,crackle
170_2b2_Ar_mc_AKGC417L_win002.wav,crackle
170_2b2_Ar_mc_AKGC417L_win003.wav,normal
170_2b2_Ar_mc_AKGC417L_win004.wav,normal
170_2b2_Lr_mc_AKGC417L_win000.wav,normal
170_2b2_Lr_mc_AKGC417L_win001.wav,normal
170_2b2_Lr_mc_AKGC417L_win002.wav,normal
170_2b2_Lr_mc_AKGC417L_win003.wav,normal
170_2b2_Lr_mc_AKGC417L_win004.wav,normal
170_2b2_Pl_mc_AKGC417L_win000.wav,normal
170_2b2_Pl_mc_AKGC417L_win001.wav,normal
170_2b2_Pl_mc_AKGC417L_win002.wav,normal
170_2b2_Pl_mc_AKGC417L_win003.wav,normal
170_2b2_Pl_mc_AKGC417L_win004.wav,normal
170_2b2_Pr_mc_AKGC417L_win000.wav,normal
170_2b2_Pr_mc_AKGC417L_win001.wav,normal
170_2b2_Pr_mc_AKGC417L_win002.wav,normal
170_2b2_Pr_mc_AKGC417L_win003.wav,normal
170_2b2_Pr_mc_AKGC417L_win004.wav,normal
170_2b2_Tc_mc_AKGC417L_win000.wav,normal
170_2b2_Tc_mc_AKGC417L_win001.wav,normal
170_2b2_Tc_mc_AKGC417L_win002.wav,normal
170_2b2_Tc_mc_AKGC417L_win003.wav,normal
170_2b2_Tc_mc_AKGC417L_win004.wav,wheeze
171_1b1_Al_sc_Meditron_win000.wav,normal
171_1b1_Al_sc_Meditron_win001.wav,normal
171_1b1_Al_sc_Meditron_win002.wav,normal
171_1b1_Al_sc_Meditron_win003.wav,normal
171_1b1_Al_sc_Meditron_win004.wav,normal
172_1b3_Al_mc_AKGC417L_win000.wav,normal
172_1b3_Al_mc_AKGC417L_win001.wav,normal
172_1b3_Al_mc_AKGC417L_win002.wav,normal
172_1b3_Al_mc_AKGC417L_win003.wav,normal
172_1b3_Al_mc_AKGC417L_win004.wav,crackle
172_1b3_Ar_mc_AKGC417L_win000.wav,normal
172_1b3_Ar_mc_AKGC417L_win001.wav,normal
172_1b3_Ar_mc_AKGC417L_win002.wav,normal
172_1b3_Ar_mc_AKGC417L_win003.wav,normal
172_1b3_Ar_mc_AKGC417L_win004.wav,normal
172_1b3_Ll_mc_AKGC417L_win000.wav,crackle
172_1b3_Ll_mc_AKGC417L_win001.wav,normal
172_1b3_Ll_mc_AKGC417L_win002.wav,crackle
172_1b3_Ll_mc_AKGC417L_win003.wav,crackle
172_1b3_Ll_mc_AKGC417L_win004.wav,crackle
172_1b3_Lr_mc_AKGC417L_win000.wav,normal
172_1b3_Lr_mc_AKGC417L_win001.wav,normal
172_1b3_Lr_mc_AKGC417L_win002.wav,normal
172_1b3_Lr_mc_AKGC417L_win003.wav,normal
172_1b3_Lr_mc_AKGC417L_win004.wav,normal
172_1b3_Pl_mc_AKGC417L_win000.wav,crackle
172_1b3_Pl_mc_AKGC417L_win001.wav,normal
172_1b3_Pl_mc_AKGC417L_win002.wav,crackle
172_1b3_Pl_mc_AKGC417L_win003.wav,crackle
172_1b3_Pl_mc_AKGC417L_win004.wav,normal
172_1b3_Pr_mc_AKGC417L_win000.wav,crackle
172_1b3_Pr_mc_AKGC417L_win001.wav,crackle
172_1b3_Pr_mc_AKGC417L_win002.wav,crackle
172_1b3_Pr_mc_AKGC417L_win003.wav,crackle
172_1b3_Pr_mc_AKGC417L_win004.wav,crackle
172_1b3_Tc_mc_AKGC417L_win000.wav,normal
172_1b3_Tc_mc_AKGC417L_win001.wav,normal
172_1b3_Tc_mc_AKGC417L_win002.wav,normal
172_1b3_Tc_mc_AKGC417L_win003.wav,normal
172_1b3_Tc_mc_AKGC417L_win004.wav,crackle
172_1b4_Al_mc_AKGC417L_win000.wav,both
172_1b4_Al_mc_AKGC417L_win001.wav,wheeze
172_1b4_Al_mc_AKGC417L_win002.wav,wheeze
172_1b4_Al_mc_AKGC417L_win003.wav,wheeze
172_1b4_Al_mc_AKGC417L_win004.wav,both
172_1b4_Ar_mc_AKGC417L_win000.wav,normal
172_1b4_Ar_mc_AKGC417L_win001.wav,both
172_1b4_Ar_mc_AKGC417L_win002.wav,wheeze
172_1b4_Ar_mc_AKGC417L_win003.wav,wheeze
172_1b4_Ar_mc_AKGC417L_win004.wav,wheeze
172_1b4_Ll_mc_AKGC417L_win000.wav,normal
172_1b4_Ll_mc_AKGC417L_win001.wav,both
172_1b4_Ll_mc_AKGC417L_win002.wav,both
172_1b4_Ll_mc_AKGC417L_win003.wav,both
172_1b4_Ll_mc_AKGC417L_win004.wav,normal
172_1b4_Lr_mc_AKGC417L_win000.wav,normal
172_1b4_Lr_mc_AKGC417L_win001.wav,wheeze
172_1b4_Lr_mc_AKGC417L_win002.wav,wheeze
172_1b4_Lr_mc_AKGC417L_win003.wav,wheeze
172_1b4_Lr_mc_AKGC417L_win004.wav,normal
172_1b4_Pl_mc_AKGC417L_win000.wav,normal
172_1b4_Pl_mc_AKGC417L_win001.wav,both
172_1b4_Pl_mc_AKGC417L_win002.wav,wheeze
172_1b4_Pl_mc_AKGC417L_win003.wav,wheeze
172_1b4_Pl_mc_AKGC417L_win004.wav,both
172_1b4_Pr_mc_AKGC417L_win000.wav,normal
172_1b4_Pr_mc_AKGC417L_win001.wav,wheeze
172_1b4_Pr_mc_AKGC417L_win002.wav,wheeze
172_1b4_Pr_mc_AKGC417L_win003.wav,wheeze
172_1b4_Pr_mc_AKGC417L_win004.wav,wheeze
172_1b4_Tc_mc_AKGC417L_win000.wav,normal
172_1b4_Tc_mc_AKGC417L_win001.wav,both
172_1b4_Tc_mc_AKGC417L_win002.wav,wheeze
172_1b4_Tc_mc_AKGC417L_win003.wav,both
172_1b4_Tc_mc_AKGC417L_win004.wav,wheeze
172_1b5_Al_mc_AKGC417L_win000.wav,normal
172_1b5_Al_mc_AKGC417L_win001.wav,wheeze
172_1b5_Al_mc_AKGC417L_win002.wav,crackle
172_1b5_Al_mc_AKGC417L_win003.wav,normal
172_1b5_Al_mc_AKGC417L_win004.wav,normal
172_1b5_Ar_mc_AKGC417L_win000.wav,normal
172_1b5_Ar_mc_AKGC417L_win001.wav,wheeze
172_1b5_Ar_mc_AKGC417L_win002.wav,normal
172_1b5_Ar_mc_AKGC417L_win003.wav,normal
172_1b5_Ar_mc_AKGC417L_win004.wav,normal
172_1b5_Ll_mc_AKGC417L_win000.wav,crackle
172_1b5_Ll_mc_AKGC417L_win001.wav,both
172_1b5_Ll_mc_AKGC417L_win002.wav,crackle
172_1b5_Ll_mc_AKGC417L_win003.wav,crackle
172_1b5_Ll_mc_AKGC417L_win004.wav,normal
172_1b5_Lr_mc_AKGC417L_win000.wav,normal
172_1b5_Lr_mc_AKGC417L_win001.wav,wheeze
172_1b5_Lr_mc_AKGC417L_win002.wav,crackle
172_1b5_Lr_mc_AKGC417L_win003.wav,crackle
172_1b5_Lr_mc_AKGC417L_win004.wav,normal
172_1b5_Pl_mc_AKGC417L_win000.wav,crackle
172_1b5_Pl_mc_AKGC417L_win001.wav,wheeze
172_1b5_Pl_mc_AKGC417L_win002.wav,crackle
172_1b5_Pl_mc_AKGC417L_win003.wav,both
172_1b5_Pl_mc_AKGC417L_win004.wav,crackle
172_1b5_Pr_mc_AKGC417L_win000.wav,normal
172_1b5_Pr_mc_AKGC417L_win001.wav,both
172_1b5_Pr_mc_AKGC417L_win002.wav,crackle
172_1b5_Pr_mc_AKGC417L_win003.wav,wheeze
172_1b5_Pr_mc_AKGC417L_win004.wav,normal
172_1b5_Tc_mc_AKGC417L_win000.wav,crackle
172_1b5_Tc_mc_AKGC417L_win001.wav,wheeze
172_1b5_Tc_mc_AKGC417L_win002.wav,normal
172_1b5_Tc_mc_AKGC417L_win003.wav,normal
172_1b5_Tc_mc_AKGC417L_win004.wav,normal
172_2b5_Al_mc_AKGC417L_win000.wav,crackle
172_2b5_Al_mc_AKGC417L_win001.wav,crackle
172_2b5_Al_mc_AKGC417L_win002.wav,crackle
172_2b5_Al_mc_AKGC417L_win003.wav,crackle
172_2b5_Al_mc_AKGC417L_win004.wav,both
172_2b5_Ar_mc_AKGC417L_win000.wav,normal
172_2b5_Ar_mc_AKGC417L_win001.wav,normal
172_2b5_Ar_mc_AKGC417L_win002.wav,normal
172_2b5_Ar_mc_AKGC417L_win003.wav,wheeze
172_2b5_Ar_mc_AKGC417L_win004.wav,wheeze
172_2b5_Lr_mc_AKGC417L_win000.wav,normal
172_2b5_Lr_mc_AKGC417L_win001.wav,crackle
172_2b5_Lr_mc_AKGC417L_win002.wav,normal
172_2b5_Lr_mc_AKGC417L_win003.wav,wheeze
172_2b5_Lr_mc_AKGC417L_win004.wav,normal
172_2b5_Pl_mc_AKGC417L_win000.wav,crackle
172_2b5_Pl_mc_AKGC417L_win001.wav,crackle
172_2b5_Pl_mc_AKGC417L_win002.wav,normal
172_2b5_Pl_mc_AKGC417L_win003.wav,wheeze
172_2b5_Pl_mc_AKGC417L_win004.wav,normal
172_2b5_Pr_mc_AKGC417L_win000.wav,crackle
172_2b5_Pr_mc_AKGC417L_win001.wav,normal
172_2b5_Pr_mc_AKGC417L_win002.wav,normal
172_2b5_Pr_mc_AKGC417L_win003.wav,both
172_2b5_Pr_mc_AKGC417L_win004.wav,normal
172_2b5_Tc_mc_AKGC417L_win000.wav,normal
172_2b5_Tc_mc_AKGC417L_win001.wav,normal
172_2b5_Tc_mc_AKGC417L_win002.wav,normal
172_2b5_Tc_mc_AKGC417L_win003.wav,normal
172_2b5_Tc_mc_AKGC417L_win004.wav,wheeze
173_1b1_Al_sc_Meditron_win000.wav,crackle
173_1b1_Al_sc_Meditron_win001.wav,crackle
173_1b1_Al_sc_Meditron_win002.wav,normal
173_1b1_Al_sc_Meditron_win003.wav,crackle
173_1b1_Al_sc_Meditron_win004.wav,normal
174_1p2_Ar_mc_AKGC417L_win000.wav,wheeze
174_1p2_Ar_mc_AKGC417L_win001.wav,crackle
174_1p2_Ar_mc_AKGC417L_win002.wav,normal
174_1p2_Ar_mc_AKGC417L_win003.wav,normal
174_1p2_Ar_mc_AKGC417L_win004.wav,normal
174_1p2_Ll_mc_AKGC417L_win000.wav,both
174_1p2_Ll_mc_AKGC417L_win001.wav,crackle
174_1p2_Ll_mc_AKGC417L_win002.wav,crackle
174_1p2_Ll_mc_AKGC417L_win003.wav,crackle
174_1p2_Ll_mc_AKGC417L_win004.wav,normal
174_1p2_Lr_mc_AKGC417L_win000.wav,both
174_1p2_Lr_mc_AKGC417L_win001.wav,crackle
174_1p2_Lr_mc_AKGC417L_win002.wav,crackle
174_1p2_Lr_mc_AKGC417L_win003.wav,crackle
174_1p2_Lr_mc_AKGC417L_win004.wav,normal
174_1p2_Pl_mc_AKGC417L_win000.wav,both
174_1p2_Pl_mc_AKGC417L_win001.wav,crackle
174_1p2_Pl_mc_AKGC417L_win002.wav,crackle
174_1p2_Pl_mc_AKGC417L_win003.wav,crackle
174_1p2_Pl_mc_AKGC417L_win004.wav,crackle
174_1p2_Pr_mc_AKGC417L_win000.wav,both
174_1p2_Pr_mc_AKGC417L_win001.wav,crackle
174_1p2_Pr_mc_AKGC417L_win002.wav,crackle
174_1p2_Pr_mc_AKGC417L_win003.wav,crackle
174_1p2_Pr_mc_AKGC417L_win004.wav,normal
174_1p2_Tc_mc_AKGC417L_win000.wav,crackle
174_1p2_Tc_mc_AKGC417L_win001.wav,crackle
174_1p2_Tc_mc_AKGC417L_win002.wav,crackle
174_1p2_Tc_mc_AKGC417L_win003.wav,crackle
174_1p2_Tc_mc_AKGC417L_win004.wav,normal
174_1p3_Ar_mc_AKGC417L_win000.wav,crackle
174_1p3_Ar_mc_AKGC417L_win001.wav,crackle
174_1p3_Ar_mc_AKGC417L_win002.wav,crackle
174_1p3_Ar_mc_AKGC417L_win003.wav,crackle
174_1p3_Ar_mc_AKGC417L_win004.wav,normal
174_1p3_Ll_mc_AKGC417L_win000.wav,crackle
174_1p3_Ll_mc_AKGC417L_win001.wav,crackle
174_1p3_Ll_mc_AKGC417L_win002.wav,crackle
174_1p3_Ll_mc_AKGC417L_win003.wav,crackle
174_1p3_Ll_mc_AKGC417L_win004.wav,normal
174_1p3_Lr_mc_AKGC417L_win000.wav,crackle
174_1p3_Lr_mc_AKGC417L_win001.wav,crackle
174_1p3_Lr_mc_AKGC417L_win002.wav,crackle
174_1p3_Lr_mc_AKGC417L_win003.wav,crackle
174_1p3_Lr_mc_AKGC417L_win004.wav,normal
174_1p3_Pl_mc_AKGC417L_win000.wav,crackle
174_1p3_Pl_mc_AKGC417L_win001.wav,crackle
174_1p3_Pl_mc_AKGC417L_win002.wav,crackle
174_1p3_Pl_mc_AKGC417L_win003.wav,crackle
174_1p3_Pl_mc_AKGC417L_win004.wav,normal
174_1p3_Pr_mc_AKGC417L_win000.wav,both
174_1p3_Pr_mc_AKGC417L_win001.wav,crackle
174_1p3_Pr_mc_AKGC417L_win002.wav,both
174_1p3_Pr_mc_AKGC417L_win003.wav,crackle
174_1p3_Pr_mc_AKGC417L_win004.wav,normal
174_1p3_Tc_mc_AKGC417L_win000.wav,normal
174_1p3_Tc_mc_AKGC417L_win001.wav,crackle
174_1p3_Tc_mc_AKGC417L_win002.wav,crackle
174_1p3_Tc_mc_AKGC417L_win003.wav,crackle
174_1p3_Tc_mc_AKGC417L_win004.wav,normal
174_1p4_Ar_mc_AKGC417L_win000.wav,normal
174_1p4_Ar_mc_AKGC417L_win001.wav,normal
174_1p4_Ar_mc_AKGC417L_win002.wav,crackle
174_1p4_Ar_mc_AKGC417L_win003.wav,crackle
174_1p4_Ar_mc_AKGC417L_win004.wav,crackle
174_1p4_Ll_mc_AKGC417L_win000.wav,normal
174_1p4_Ll_mc_AKGC417L_win001.wav,crackle
174_1p4_Ll_mc_AKGC417L_win002.wav,crackle
174_1p4_Ll_mc_AKGC417L_win003.wav,crackle
174_1p4_Ll_mc_AKGC417L_win004.wav,crackle
174_1p4_Lr_mc_AKGC417L_win000.wav,normal
174_1p4_Lr_mc_AKGC417L_win001.wav,crackle
174_1p4_Lr_mc_AKGC417L_win002.wav,crackle
174_1p4_Lr_mc_AKGC417L_win003.wav,crackle
174_1p4_Lr_mc_AKGC417L_win004.wav,crackle
174_1p4_Pl_mc_AKGC417L_win000.wav,crackle
174_1p4_Pl_mc_AKGC417L_win001.wav,crackle
174_1p4_Pl_mc_AKGC417L_win002.wav,crackle
174_1p4_Pl_mc_AKGC417L_win003.wav,crackle
174_1p4_Pl_mc_AKGC417L_win004.wav,crackle
174_1p4_Pr_mc_AKGC417L_win000.wav,crackle
174_1p4_Pr_mc_AKGC417L_win001.wav,crackle
174_1p4_Pr_mc_AKGC417L_win002.wav,crackle
174_1p4_Pr_mc_AKGC417L_win003.wav,crackle
174_1p4_Pr_mc_AKGC417L_win004.wav,crackle
174_1p4_Tc_mc_AKGC417L_win000.wav,normal
174_1p4_Tc_mc_AKGC417L_win001.wav,crackle
174_1p4_Tc_mc_AKGC417L_win002.wav,crackle
174_1p4_Tc_mc_AKGC417L_win003.wav,crackle
174_1p4_Tc_mc_AKGC417L_win004.wav,normal
174_2p3_Al_mc_AKGC417L_win000.wav,crackle
174_2p3_Al_mc_AKGC417L_win001.wav,normal
174_2p3_Al_mc_AKGC417L_win002.wav,normal
174_2p3_Al_mc_AKGC417L_win003.wav,normal
174_2p3_Al_mc_AKGC417L_win004.wav,normal
174_2p3_Ar_mc_AKGC417L_win000.wav,normal
174_2p3_Ar_mc_AKGC417L_win001.wav,crackle
174_2p3_Ar_mc_AKGC417L_win002.wav,normal
174_2p3_Ar_mc_AKGC417L_win003.wav,crackle
174_2p3_Ar_mc_AKGC417L_win004.wav,crackle
174_2p3_Pl_mc_AKGC417L_win000.wav,crackle
174_2p3_Pl_mc_AKGC417L_win001.wav,crackle
174_2p3_Pl_mc_AKGC417L_win002.wav,crackle
174_2p3_Pl_mc_AKGC417L_win003.wav,normal
174_2p3_Pl_mc_AKGC417L_win004.wav,crackle
174_2p3_Pr_mc_AKGC417L_win000.wav,crackle
174_2p3_Pr_mc_AKGC417L_win001.wav,crackle
174_2p3_Pr_mc_AKGC417L_win002.wav,crackle
174_2p3_Pr_mc_AKGC417L_win003.wav,normal
174_2p3_Pr_mc_AKGC417L_win004.wav,crackle
174_2p3_Tc_mc_AKGC417L_win000.wav,crackle
174_2p3_Tc_mc_AKGC417L_win001.wav,normal
174_2p3_Tc_mc_AKGC417L_win002.wav,crackle
174_2p3_Tc_mc_AKGC417L_win003.wav,normal
174_2p3_Tc_mc_AKGC417L_win004.wav,crackle
175_1b1_Al_sc_Litt3200_win000.wav,both
175_1b1_Al_sc_Litt3200_win001.wav,both
175_1b1_Al_sc_Litt3200_win002.wav,both
175_1b1_Al_sc_Litt3200_win003.wav,wheeze
175_1b1_Al_sc_Litt3200_win004.wav,normal
175_1b1_Ar_sc_Litt3200_win000.wav,normal
175_1b1_Ar_sc_Litt3200_win001.wav,wheeze
175_1b1_Ar_sc_Litt3200_win002.wav,wheeze
175_1b1_Ar_sc_Litt3200_win003.wav,normal
175_1b1_Ar_sc_Litt3200_win004.wav,normal
175_1b1_Ll_sc_Litt3200_win000.wav,wheeze
175_1b1_Ll_sc_Litt3200_win001.wav,wheeze
175_1b1_Ll_sc_Litt3200_win002.wav,both
175_1b1_Ll_sc_Litt3200_win003.wav,crackle
175_1b1_Ll_sc_Litt3200_win004.wav,normal
175_1b1_Lr_sc_Litt3200_win000.wav,both
175_1b1_Lr_sc_Litt3200_win001.wav,wheeze
175_1b1_Lr_sc_Litt3200_win002.wav,wheeze
175_1b1_Lr_sc_Litt3200_win003.wav,normal
175_1b1_Lr_sc_Litt3200_win004.wav,normal
175_1b1_Pl_sc_Litt3200_win000.wav,wheeze
175_1b1_Pl_sc_Litt3200_win001.wav,wheeze
175_1b1_Pl_sc_Litt3200_win002.wav,wheeze
175_1b1_Pl_sc_Litt3200_win003.wav,wheeze
175_1b1_Pl_sc_Litt3200_win004.wav,normal
175_1b1_Pl_sc_Litt3200_win005.wav,normal
175_1b1_Pr_sc_Litt3200_win000.wav,wheeze
175_1b1_Pr_sc_Litt3200_win001.wav,wheeze
175_1b1_Pr_sc_Litt3200_win002.wav,wheeze
175_1b1_Pr_sc_Litt3200_win003.wav,wheeze
175_1b1_Pr_sc_Litt3200_win004.wav,normal
176_1b3_Al_mc_AKGC417L_win000.wav,both
176_1b3_Al_mc_AKGC417L_win001.wav,wheeze
176_1b3_Al_mc_AKGC417L_win002.wav,both
176_1b3_Al_mc_AKGC417L_win003.wav,wheeze
176_1b3_Al_mc_AKGC417L_win004.wav,wheeze
176_1b3_Ar_mc_AKGC417L_win000.wav,crackle
176_1b3_Ar_mc_AKGC417L_win001.wav,crackle
176_1b3_Ar_mc_AKGC417L_win002.wav,crackle
176_1b3_Ar_mc_AKGC417L_win003.wav,crackle
176_1b3_Ar_mc_AKGC417L_win004.wav,crackle
176_1b3_Ll_mc_AKGC417L_win000.wav,crackle
176_1b3_Ll_mc_AKGC417L_win001.wav,crackle
176_1b3_Ll_mc_AKGC417L_win002.wav,crackle
176_1b3_Ll_mc_AKGC417L_win003.wav,crackle
176_1b3_Ll_mc_AKGC417L_win004.wav,crackle
176_1b3_Lr_mc_AKGC417L_win000.wav,crackle
176_1b3_Lr_mc_AKGC417L_win001.wav,crackle
176_1b3_Lr_mc_AKGC417L_win002.wav,crackle
176_1b3_Lr_mc_AKGC417L_win003.wav,crackle
176_1b3_Lr_mc_AKGC417L_win004.wav,crackle
176_1b3_Pl_mc_AKGC417L_win000.wav,crackle
176_1b3_Pl_mc_AKGC417L_win001.wav,crackle
176_1b3_Pl_mc_AKGC417L_win002.wav,crackle
176_1b3_Pl_mc_AKGC417L_win003.wav,crackle
176_1b3_Pl_mc_AKGC417L_win004.wav,crackle
176_1b3_Pr_mc_AKGC417L_win000.wav,crackle
176_1b3_Pr_mc_AKGC417L_win001.wav,crackle
176_1b3_Pr_mc_AKGC417L_win002.wav,crackle
176_1b3_Pr_mc_AKGC417L_win003.wav,crackle
176_1b3_Pr_mc_AKGC417L_win004.wav,crackle
176_1b3_Tc_mc_AKGC417L_win000.wav,crackle
176_1b3_Tc_mc_AKGC417L_win001.wav,crackle
176_1b3_Tc_mc_AKGC417L_win002.wav,crackle
176_1b3_Tc_mc_AKGC417L_win003.wav,crackle
176_1b3_Tc_mc_AKGC417L_win004.wav,crackle
176_1b4_Al_mc_AKGC417L_win000.wav,crackle
176_1b4_Al_mc_AKGC417L_win001.wav,crackle
176_1b4_Al_mc_AKGC417L_win002.wav,crackle
176_1b4_Al_mc_AKGC417L_win003.wav,crackle
176_1b4_Al_mc_AKGC417L_win004.wav,crackle
176_1b4_Ar_mc_AKGC417L_win000.wav,crackle
176_1b4_Ar_mc_AKGC417L_win001.wav,crackle
176_1b4_Ar_mc_AKGC417L_win002.wav,crackle
176_1b4_Ar_mc_AKGC417L_win003.wav,crackle
176_1b4_Ar_mc_AKGC417L_win004.wav,crackle
176_1b4_Ll_mc_AKGC417L_win000.wav,crackle
176_1b4_Ll_mc_AKGC417L_win001.wav,crackle
176_1b4_Ll_mc_AKGC417L_win002.wav,crackle
176_1b4_Ll_mc_AKGC417L_win003.wav,crackle
176_1b4_Ll_mc_AKGC417L_win004.wav,crackle
176_1b4_Lr_mc_AKGC417L_win000.wav,crackle
176_1b4_Lr_mc_AKGC417L_win001.wav,crackle
176_1b4_Lr_mc_AKGC417L_win002.wav,crackle
176_1b4_Lr_mc_AKGC417L_win003.wav,crackle
176_1b4_Lr_mc_AKGC417L_win004.wav,crackle
176_1b4_Pl_mc_AKGC417L_win000.wav,crackle
176_1b4_Pl_mc_AKGC417L_win001.wav,crackle
176_1b4_Pl_mc_AKGC417L_win002.wav,crackle
176_1b4_Pl_mc_AKGC417L_win003.wav,crackle
176_1b4_Pl_mc_AKGC417L_win004.wav,crackle
176_1b4_Pr_mc_AKGC417L_win000.wav,crackle
176_1b4_Pr_mc_AKGC417L_win001.wav,crackle
176_1b4_Pr_mc_AKGC417L_win002.wav,crackle
176_1b4_Pr_mc_AKGC417L_win003.wav,crackle
176_1b4_Pr_mc_AKGC417L_win004.wav,crackle
176_1b4_Tc_mc_AKGC417L_win000.wav,crackle
176_1b4_Tc_mc_AKGC417L_win001.wav,crackle
176_1b4_Tc_mc_AKGC417L_win002.wav,crackle
176_1b4_Tc_mc_AKGC417L_win003.wav,crackle
176_1b4_Tc_mc_AKGC417L_win004.wav,crackle
176_2b3_Al_mc_AKGC417L_win000.wav,crackle
176_2b3_Al_mc_AKGC417L_win001.wav,crackle
176_2b3_Al_mc_AKGC417L_win002.wav,crackle
176_2b3_Al_mc_AKGC417L_win003.wav,crackle
176_2b3_Al_mc_AKGC417L_win004.wav,crackle
176_2b3_Ar_mc_AKGC417L_win000.wav,crackle
176_2b3_Ar_mc_AKGC417L_win001.wav,crackle
176_2b3_Ar_mc_AKGC417L_win002.wav,crackle
176_2b3_Ar_mc_AKGC417L_win003.wav,crackle
176_2b3_Ar_mc_AKGC417L_win004.wav,crackle
176_2b3_Ll_mc_AKGC417L_win000.wav,crackle
176_2b3_Ll_mc_AKGC417L_win001.wav,crackle
176_2b3_Ll_mc_AKGC417L_win002.wav,crackle
176_2b3_Ll_mc_AKGC417L_win003.wav,crackle
176_2b3_Ll_mc_AKGC417L_win004.wav,crackle
176_2b3_Lr_mc_AKGC417L_win000.wav,crackle
176_2b3_Lr_mc_AKGC417L_win001.wav,crackle
176_2b3_Lr_mc_AKGC417L_win002.wav,crackle
176_2b3_Lr_mc_AKGC417L_win003.wav,crackle
176_2b3_Lr_mc_AKGC417L_win004.wav,crackle
176_2b3_Pl_mc_AKGC417L_win000.wav,crackle
176_2b3_Pl_mc_AKGC417L_win001.wav,crackle
176_2b3_Pl_mc_AKGC417L_win002.wav,crackle
176_2b3_Pl_mc_AKGC417L_win003.wav,crackle
176_2b3_Pl_mc_AKGC417L_win004.wav,crackle
176_2b3_Pr_mc_AKGC417L_win000.wav,crackle
176_2b3_Pr_mc_AKGC417L_win001.wav,crackle
176_2b3_Pr_mc_AKGC417L_win002.wav,crackle
176_2b3_Pr_mc_AKGC417L_win003.wav,crackle
176_2b3_Pr_mc_AKGC417L_win004.wav,crackle
176_2b3_Tc_mc_AKGC417L_win000.wav,crackle
176_2b3_Tc_mc_AKGC417L_win001.wav,crackle
176_2b3_Tc_mc_AKGC417L_win002.wav,crackle
176_2b3_Tc_mc_AKGC417L_win003.wav,crackle
176_2b3_Tc_mc_AKGC417L_win004.wav,crackle
177_1b2_Al_mc_AKGC417L_win000.wav,crackle
177_1b2_Al_mc_AKGC417L_win001.wav,crackle
177_1b2_Al_mc_AKGC417L_win002.wav,crackle
177_1b2_Al_mc_AKGC417L_win003.wav,crackle
177_1b2_Al_mc_AKGC417L_win004.wav,crackle
177_1b2_Ar_mc_AKGC417L_win000.wav,crackle
177_1b2_Ar_mc_AKGC417L_win001.wav,normal
177_1b2_Ar_mc_AKGC417L_win002.wav,normal
177_1b2_Ar_mc_AKGC417L_win003.wav,normal
177_1b2_Ar_mc_AKGC417L_win004.wav,crackle
177_1b2_Lr_mc_AKGC417L_win000.wav,crackle
177_1b2_Lr_mc_AKGC417L_win001.wav,crackle
177_1b2_Lr_mc_AKGC417L_win002.wav,crackle
177_1b2_Lr_mc_AKGC417L_win003.wav,normal
177_1b2_Lr_mc_AKGC417L_win004.wav,normal
177_1b2_Pl_mc_AKGC417L_win000.wav,crackle
177_1b2_Pl_mc_AKGC417L_win001.wav,normal
177_1b2_Pl_mc_AKGC417L_win002.wav,crackle
177_1b2_Pl_mc_AKGC417L_win003.wav,crackle
177_1b2_Pl_mc_AKGC417L_win004.wav,crackle
177_1b2_Pr_mc_AKGC417L_win000.wav,crackle
177_1b2_Pr_mc_AKGC417L_win001.wav,normal
177_1b2_Pr_mc_AKGC417L_win002.wav,wheeze
177_1b2_Pr_mc_AKGC417L_win003.wav,wheeze
177_1b2_Pr_mc_AKGC417L_win004.wav,wheeze
177_1b2_Tc_mc_AKGC417L_win000.wav,normal
177_1b2_Tc_mc_AKGC417L_win001.wav,normal
177_1b2_Tc_mc_AKGC417L_win002.wav,normal
177_1b2_Tc_mc_AKGC417L_win003.wav,normal
177_1b2_Tc_mc_AKGC417L_win004.wav,normal
177_1b4_Al_mc_AKGC417L_win000.wav,crackle
177_1b4_Al_mc_AKGC417L_win001.wav,crackle
177_1b4_Al_mc_AKGC417L_win002.wav,crackle
177_1b4_Al_mc_AKGC417L_win003.wav,crackle
177_1b4_Al_mc_AKGC417L_win004.wav,normal
177_1b4_Ar_mc_AKGC417L_win000.wav,normal
177_1b4_Ar_mc_AKGC417L_win001.wav,normal
177_1b4_Ar_mc_AKGC417L_win002.wav,normal
177_1b4_Ar_mc_AKGC417L_win003.wav,normal
177_1b4_Ar_mc_AKGC417L_win004.wav,normal
177_1b4_Lr_mc_AKGC417L_win000.wav,normal
177_1b4_Lr_mc_AKGC417L_win001.wav,normal
177_1b4_Lr_mc_AKGC417L_win002.wav,normal
177_1b4_Lr_mc_AKGC417L_win003.wav,normal
177_1b4_Lr_mc_AKGC417L_win004.wav,normal
177_1b4_Pl_mc_AKGC417L_win000.wav,crackle
177_1b4_Pl_mc_AKGC417L_win001.wav,crackle
177_1b4_Pl_mc_AKGC417L_win002.wav,crackle
177_1b4_Pl_mc_AKGC417L_win003.wav,crackle
177_1b4_Pl_mc_AKGC417L_win004.wav,normal
177_1b4_Pr_mc_AKGC417L_win000.wav,wheeze
177_1b4_Pr_mc_AKGC417L_win001.wav,wheeze
177_1b4_Pr_mc_AKGC417L_win002.wav,both
177_1b4_Pr_mc_AKGC417L_win003.wav,both
177_1b4_Pr_mc_AKGC417L_win004.wav,wheeze
177_1b4_Tc_mc_AKGC417L_win000.wav,normal
177_1b4_Tc_mc_AKGC417L_win001.wav,normal
177_1b4_Tc_mc_AKGC417L_win002.wav,normal
177_1b4_Tc_mc_AKGC417L_win003.wav,normal
177_1b4_Tc_mc_AKGC417L_win004.wav,normal
177_2b4_Al_mc_AKGC417L_win000.wav,normal
177_2b4_Al_mc_AKGC417L_win001.wav,crackle
177_2b4_Al_mc_AKGC417L_win002.wav,crackle
177_2b4_Al_mc_AKGC417L_win003.wav,crackle
177_2b4_Al_mc_AKGC417L_win004.wav,crackle
177_2b4_Lr_mc_AKGC417L_win000.wav,crackle
177_2b4_Lr_mc_AKGC417L_win001.wav,normal
177_2b4_Lr_mc_AKGC417L_win002.wav,crackle
177_2b4_Lr_mc_AKGC417L_win003.wav,crackle
177_2b4_Lr_mc_AKGC417L_win004.wav,crackle
177_2b4_Pl_mc_AKGC417L_win000.wav,crackle
177_2b4_Pl_mc_AKGC417L_win001.wav,crackle
177_2b4_Pl_mc_AKGC417L_win002.wav,crackle
177_2b4_Pl_mc_AKGC417L_win003.wav,crackle
177_2b4_Pl_mc_AKGC417L_win004.wav,crackle
177_2b4_Pr_mc_AKGC417L_win000.wav,crackle
177_2b4_Pr_mc_AKGC417L_win001.wav,crackle
177_2b4_Pr_mc_AKGC417L_win002.wav,crackle
177_2b4_Pr_mc_AKGC417L_win003.wav,crackle
177_2b4_Pr_mc_AKGC417L_win004.wav,crackle
177_2b4_Tc_mc_AKGC417L_win000.wav,normal
177_2b4_Tc_mc_AKGC417L_win001.wav,normal
177_2b4_Tc_mc_AKGC417L_win002.wav,normal
177_2b4_Tc_mc_AKGC417L_win003.wav,normal
177_2b4_Tc_mc_AKGC417L_win004.wav,normal
178_1b2_Al_mc_AKGC417L_win000.wav,wheeze
178_1b2_Al_mc_AKGC417L_win001.wav,wheeze
178_1b2_Al_mc_AKGC417L_win002.wav,wheeze
178_1b2_Al_mc_AKGC417L_win003.wav,wheeze
178_1b2_Al_mc_AKGC417L_win004.wav,normal
178_1b2_Ar_mc_AKGC417L_win000.wav,both
178_1b2_Ar_mc_AKGC417L_win001.wav,wheeze
178_1b2_Ar_mc_AKGC417L_win002.wav,wheeze
178_1b2_Ar_mc_AKGC417L_win003.wav,crackle
178_1b2_Ar_mc_AKGC417L_win004.wav,crackle
178_1b2_Lr_mc_AKGC417L_win000.wav,both
178_1b2_Lr_mc_AKGC417L_win001.wav,wheeze
178_1b2_Lr_mc_AKGC417L_win002.wav,both
178_1b2_Lr_mc_AKGC417L_win003.wav,crackle
178_1b2_Lr_mc_AKGC417L_win004.wav,crackle
178_1b2_Pl_mc_AKGC417L_win000.wav,crackle
178_1b2_Pl_mc_AKGC417L_win001.wav,crackle
178_1b2_Pl_mc_AKGC417L_win002.wav,crackle
178_1b2_Pl_mc_AKGC417L_win003.wav,crackle
178_1b2_Pl_mc_AKGC417L_win004.wav,crackle
178_1b2_Pr_mc_AKGC417L_win000.wav,both
178_1b2_Pr_mc_AKGC417L_win001.wav,wheeze
178_1b2_Pr_mc_AKGC417L_win002.wav,wheeze
178_1b2_Pr_mc_AKGC417L_win003.wav,normal
178_1b2_Pr_mc_AKGC417L_win004.wav,normal
178_1b2_Tc_mc_AKGC417L_win000.wav,wheeze
178_1b2_Tc_mc_AKGC417L_win001.wav,wheeze
178_1b2_Tc_mc_AKGC417L_win002.wav,wheeze
178_1b2_Tc_mc_AKGC417L_win003.wav,wheeze
178_1b2_Tc_mc_AKGC417L_win004.wav,normal
178_1b3_Al_mc_AKGC417L_win000.wav,crackle
178_1b3_Al_mc_AKGC417L_win001.wav,wheeze
178_1b3_Al_mc_AKGC417L_win002.wav,both
178_1b3_Al_mc_AKGC417L_win003.wav,normal
178_1b3_Al_mc_AKGC417L_win004.wav,normal
178_1b3_Ar_mc_AKGC417L_win000.wav,crackle
178_1b3_Ar_mc_AKGC417L_win001.wav,crackle
178_1b3_Ar_mc_AKGC417L_win002.wav,both
178_1b3_Ar_mc_AKGC417L_win003.wav,crackle
178_1b3_Ar_mc_AKGC417L_win004.wav,crackle
178_1b3_Lr_mc_AKGC417L_win000.wav,normal
178_1b3_Lr_mc_AKGC417L_win001.wav,normal
178_1b3_Lr_mc_AKGC417L_win002.wav,normal
178_1b3_Lr_mc_AKGC417L_win003.wav,normal
178_1b3_Lr_mc_AKGC417L_win004.wav,normal
178_1b3_Pl_mc_AKGC417L_win000.wav,normal
178_1b3_Pl_mc_AKGC417L_win001.wav,normal
178_1b3_Pl_mc_AKGC417L_win002.wav,normal
178_1b3_Pl_mc_AKGC417L_win003.wav,normal
178_1b3_Pl_mc_AKGC417L_win004.wav,normal
178_1b3_Pr_mc_AKGC417L_win000.wav,normal
178_1b3_Pr_mc_AKGC417L_win001.wav,normal
178_1b3_Pr_mc_AKGC417L_win002.wav,normal
178_1b3_Pr_mc_AKGC417L_win003.wav,normal
178_1b3_Pr_mc_AKGC417L_win004.wav,normal
178_1b3_Tc_mc_AKGC417L_win000.wav,normal
178_1b3_Tc_mc_AKGC417L_win001.wav,normal
178_1b3_Tc_mc_AKGC417L_win002.wav,normal
178_1b3_Tc_mc_AKGC417L_win003.wav,crackle
178_1b3_Tc_mc_AKGC417L_win004.wav,normal
178_1b6_Al_mc_AKGC417L_win000.wav,normal
178_1b6_Al_mc_AKGC417L_win001.wav,normal
178_1b6_Al_mc_AKGC417L_win002.wav,normal
178_1b6_Al_mc_AKGC417L_win003.wav,normal
178_1b6_Al_mc_AKGC417L_win004.wav,normal
178_1b6_Ar_mc_AKGC417L_win000.wav,crackle
178_1b6_Ar_mc_AKGC417L_win001.wav,crackle
178_1b6_Ar_mc_AKGC417L_win002.wav,crackle
178_1b6_Ar_mc_AKGC417L_win003.wav,crackle
178_1b6_Ar_mc_AKGC417L_win004.wav,crackle
178_1b6_Ll_mc_AKGC417L_win000.wav,wheeze
178_1b6_Ll_mc_AKGC417L_win001.wav,wheeze
178_1b6_Ll_mc_AKGC417L_win002.wav,wheeze
178_1b6_Ll_mc_AKGC417L_win003.wav,wheeze
178_1b6_Ll_mc_AKGC417L_win004.wav,wheeze
178_1b6_Lr_mc_AKGC417L_win000.wav,normal
178_1b6_Lr_mc_AKGC417L_win001.wav,normal
178_1b6_Lr_mc_AKGC417L_win002.wav,normal
178_1b6_Lr_mc_AKGC417L_win003.wav,normal
178_1b6_Lr_mc_AKGC417L_win004.wav,normal
178_1b6_Pl_mc_AKGC417L_win000.wav,normal
178_1b6_Pl_mc_AKGC417L_win001.wav,normal
178_1b6_Pl_mc_AKGC417L_win002.wav,normal
178_1b6_Pl_mc_AKGC417L_win003.wav,normal
178_1b6_Pl_mc_AKGC417L_win004.wav,normal
178_1b6_Pr_mc_AKGC417L_win000.wav,wheeze
178_1b6_Pr_mc_AKGC417L_win001.wav,wheeze
178_1b6_Pr_mc_AKGC417L_win002.wav,normal
178_1b6_Pr_mc_AKGC417L_win003.wav,normal
178_1b6_Pr_mc_AKGC417L_win004.wav,wheeze
178_1b6_Tc_mc_AKGC417L_win000.wav,normal
178_1b6_Tc_mc_AKGC417L_win001.wav,normal
178_1b6_Tc_mc_AKGC417L_win002.wav,normal
178_1b6_Tc_mc_AKGC417L_win003.wav,normal
178_1b6_Tc_mc_AKGC417L_win004.wav,normal
178_2b2_Al_mc_AKGC417L_win000.wav,crackle
178_2b2_Al_mc_AKGC417L_win001.wav,crackle
178_2b2_Al_mc_AKGC417L_win002.wav,crackle
178_2b2_Al_mc_AKGC417L_win003.wav,crackle
178_2b2_Al_mc_AKGC417L_win004.wav,crackle
178_2b2_Ar_mc_AKGC417L_win000.wav,normal
178_2b2_Ar_mc_AKGC417L_win001.wav,crackle
178_2b2_Ar_mc_AKGC417L_win002.wav,crackle
178_2b2_Ar_mc_AKGC417L_win003.wav,crackle
178_2b2_Ar_mc_AKGC417L_win004.wav,crackle
178_2b2_Lr_mc_AKGC417L_win000.wav,normal
178_2b2_Lr_mc_AKGC417L_win001.wav,normal
178_2b2_Lr_mc_AKGC417L_win002.wav,normal
178_2b2_Lr_mc_AKGC417L_win003.wav,normal
178_2b2_Lr_mc_AKGC417L_win004.wav,normal
178_2b2_Pr_mc_AKGC417L_win000.wav,normal
178_2b2_Pr_mc_AKGC417L_win001.wav,normal
178_2b2_Pr_mc_AKGC417L_win002.wav,normal
178_2b2_Pr_mc_AKGC417L_win003.wav,normal
178_2b2_Pr_mc_AKGC417L_win004.wav,normal
178_2b2_Tc_mc_AKGC417L_win000.wav,normal
178_2b2_Tc_mc_AKGC417L_win001.wav,normal
178_2b2_Tc_mc_AKGC417L_win002.wav,normal
178_2b2_Tc_mc_AKGC417L_win003.wav,normal
178_2b2_Tc_mc_AKGC417L_win004.wav,normal
179_1b1_Al_sc_Meditron_win000.wav,crackle
179_1b1_Al_sc_Meditron_win001.wav,both
179_1b1_Al_sc_Meditron_win002.wav,crackle
179_1b1_Al_sc_Meditron_win003.wav,normal
179_1b1_Al_sc_Meditron_win004.wav,normal
179_1b1_Tc_sc_Meditron_win000.wav,normal
179_1b1_Tc_sc_Meditron_win001.wav,crackle
179_1b1_Tc_sc_Meditron_win002.wav,both
179_1b1_Tc_sc_Meditron_win003.wav,crackle
179_1b1_Tc_sc_Meditron_win004.wav,normal
180_1b4_Al_mc_AKGC417L_win000.wav,both
180_1b4_Al_mc_AKGC417L_win001.wav,both
180_1b4_Al_mc_AKGC417L_win002.wav,both
180_1b4_Al_mc_AKGC417L_win003.wav,both
180_1b4_Al_mc_AKGC417L_win004.wav,both
180_1b4_Ar_mc_AKGC417L_win000.wav,both
180_1b4_Ar_mc_AKGC417L_win001.wav,both
180_1b4_Ar_mc_AKGC417L_win002.wav,both
180_1b4_Ar_mc_AKGC417L_win003.wav,both
180_1b4_Ar_mc_AKGC417L_win004.wav,both
180_1b4_Lr_mc_AKGC417L_win000.wav,both
180_1b4_Lr_mc_AKGC417L_win001.wav,both
180_1b4_Lr_mc_AKGC417L_win002.wav,both
180_1b4_Lr_mc_AKGC417L_win003.wav,both
180_1b4_Lr_mc_AKGC417L_win004.wav,both
180_1b4_Pl_mc_AKGC417L_win000.wav,both
180_1b4_Pl_mc_AKGC417L_win001.wav,both
180_1b4_Pl_mc_AKGC417L_win002.wav,both
180_1b4_Pl_mc_AKGC417L_win003.wav,both
180_1b4_Pl_mc_AKGC417L_win004.wav,both
180_1b4_Pr_mc_AKGC417L_win000.wav,both
180_1b4_Pr_mc_AKGC417L_win001.wav,both
180_1b4_Pr_mc_AKGC417L_win002.wav,both
180_1b4_Pr_mc_AKGC417L_win003.wav,both
180_1b4_Pr_mc_AKGC417L_win004.wav,both
181_1b1_Ar_mc_LittC2SE_win000.wav,normal
181_1b1_Ar_mc_LittC2SE_win001.wav,normal
181_1b1_Ar_mc_LittC2SE_win002.wav,normal
181_1b1_Ar_mc_LittC2SE_win003.wav,normal
181_1b1_Ar_mc_LittC2SE_win004.wav,normal
181_1b1_Tc_mc_LittC2SE_win000.wav,normal
181_1b1_Tc_mc_LittC2SE_win001.wav,normal
181_1b1_Tc_mc_LittC2SE_win002.wav,normal
181_1b1_Tc_mc_LittC2SE_win003.wav,normal
181_1b1_Tc_mc_LittC2SE_win004.wav,normal
181_1b2_Ar_mc_LittC2SE_win000.wav,normal
181_1b2_Ar_mc_LittC2SE_win001.wav,crackle
181_1b2_Ar_mc_LittC2SE_win002.wav,normal
181_1b2_Ar_mc_LittC2SE_win003.wav,normal
181_1b2_Ar_mc_LittC2SE_win004.wav,normal
181_1b3_Tc_mc_LittC2SE_win000.wav,normal
181_1b3_Tc_mc_LittC2SE_win001.wav,normal
181_1b3_Tc_mc_LittC2SE_win002.wav,normal
181_1b3_Tc_mc_LittC2SE_win003.wav,normal
181_1b3_Tc_mc_LittC2SE_win004.wav,normal
182_1b1_Tc_sc_Meditron_win000.wav,crackle
182_1b1_Tc_sc_Meditron_win001.wav,crackle
182_1b1_Tc_sc_Meditron_win002.wav,crackle
182_1b1_Tc_sc_Meditron_win003.wav,normal
182_1b1_Tc_sc_Meditron_win004.wav,crackle
183_1b1_Pl_sc_Meditron_win000.wav,crackle
183_1b1_Pl_sc_Meditron_win001.wav,normal
183_1b1_Pl_sc_Meditron_win002.wav,normal
183_1b1_Pl_sc_Meditron_win003.wav,crackle
183_1b1_Pl_sc_Meditron_win004.wav,normal
183_1b1_Tc_sc_Meditron_win000.wav,normal
183_1b1_Tc_sc_Meditron_win001.wav,normal
183_1b1_Tc_sc_Meditron_win002.wav,normal
183_1b1_Tc_sc_Meditron_win003.wav,normal
183_1b1_Tc_sc_Meditron_win004.wav,normal
184_1b1_Ar_sc_Meditron_win000.wav,normal
184_1b1_Ar_sc_Meditron_win001.wav,normal
184_1b1_Ar_sc_Meditron_win002.wav,normal
184_1b1_Ar_sc_Meditron_win003.wav,normal
184_1b1_Ar_sc_Meditron_win004.wav,normal
185_1b1_Al_sc_Litt3200_win000.wav,normal
185_1b1_Al_sc_Litt3200_win001.wav,normal
185_1b1_Al_sc_Litt3200_win002.wav,normal
185_1b1_Al_sc_Litt3200_win003.wav,normal
185_1b1_Al_sc_Litt3200_win004.wav,normal
185_1b1_Ar_sc_Litt3200_win000.wav,normal
185_1b1_Ar_sc_Litt3200_win001.wav,normal
185_1b1_Ar_sc_Litt3200_win002.wav,normal
185_1b1_Ar_sc_Litt3200_win003.wav,normal
185_1b1_Ar_sc_Litt3200_win004.wav,normal
185_1b1_Ar_sc_Litt3200_win005.wav,normal
185_1b1_Ll_sc_Litt3200_win000.wav,normal
185_1b1_Ll_sc_Litt3200_win001.wav,normal
185_1b1_Ll_sc_Litt3200_win002.wav,normal
185_1b1_Ll_sc_Litt3200_win003.wav,wheeze
185_1b1_Ll_sc_Litt3200_win004.wav,normal
185_1b1_Lr_sc_Litt3200_win000.wav,normal
185_1b1_Lr_sc_Litt3200_win001.wav,normal
185_1b1_Lr_sc_Litt3200_win002.wav,normal
185_1b1_Lr_sc_Litt3200_win003.wav,normal
185_1b1_Lr_sc_Litt3200_win004.wav,normal
185_1b1_Pl_sc_Litt3200_win000.wav,normal
185_1b1_Pl_sc_Litt3200_win001.wav,normal
185_1b1_Pl_sc_Litt3200_win002.wav,normal
185_1b1_Pl_sc_Litt3200_win003.wav,normal
185_1b1_Pl_sc_Litt3200_win004.wav,normal
185_1b1_Pr_sc_Litt3200_win000.wav,normal
185_1b1_Pr_sc_Litt3200_win001.wav,normal
185_1b1_Pr_sc_Litt3200_win002.wav,normal
185_1b1_Pr_sc_Litt3200_win003.wav,normal
185_1b1_Pr_sc_Litt3200_win004.wav,normal
185_1b1_Pr_sc_Litt3200_win005.wav,normal
185_1b1_Pr_sc_Litt3200_win006.wav,normal
186_2b2_Al_mc_AKGC417L_win000.wav,normal
186_2b2_Al_mc_AKGC417L_win001.wav,wheeze
186_2b2_Al_mc_AKGC417L_win002.wav,normal
186_2b2_Al_mc_AKGC417L_win003.wav,normal
186_2b2_Al_mc_AKGC417L_win004.wav,normal
186_2b2_Ar_mc_AKGC417L_win000.wav,crackle
186_2b2_Ar_mc_AKGC417L_win001.wav,crackle
186_2b2_Ar_mc_AKGC417L_win002.wav,crackle
186_2b2_Ar_mc_AKGC417L_win003.wav,crackle
186_2b2_Ar_mc_AKGC417L_win004.wav,crackle
186_2b2_Lr_mc_AKGC417L_win000.wav,crackle
186_2b2_Lr_mc_AKGC417L_win001.wav,crackle
186_2b2_Lr_mc_AKGC417L_win002.wav,crackle
186_2b2_Lr_mc_AKGC417L_win003.wav,crackle
186_2b2_Lr_mc_AKGC417L_win004.wav,crackle
186_2b2_Pl_mc_AKGC417L_win000.wav,crackle
186_2b2_Pl_mc_AKGC417L_win001.wav,crackle
186_2b2_Pl_mc_AKGC417L_win002.wav,crackle
186_2b2_Pl_mc_AKGC417L_win003.wav,crackle
186_2b2_Pl_mc_AKGC417L_win004.wav,crackle
186_2b2_Pr_mc_AKGC417L_win000.wav,crackle
186_2b2_Pr_mc_AKGC417L_win001.wav,crackle
186_2b2_Pr_mc_AKGC417L_win002.wav,crackle
186_2b2_Pr_mc_AKGC417L_win003.wav,crackle
186_2b2_Pr_mc_AKGC417L_win004.wav,crackle
186_2b2_Tc_mc_AKGC417L_win000.wav,normal
186_2b2_Tc_mc_AKGC417L_win001.wav,normal
186_2b2_Tc_mc_AKGC417L_win002.wav,normal
186_2b2_Tc_mc_AKGC417L_win003.wav,normal
186_2b2_Tc_mc_AKGC417L_win004.wav,normal
186_2b3_Al_mc_AKGC417L_win000.wav,normal
186_2b3_Al_mc_AKGC417L_win001.wav,normal
186_2b3_Al_mc_AKGC417L_win002.wav,normal
186_2b3_Al_mc_AKGC417L_win003.wav,normal
186_2b3_Al_mc_AKGC417L_win004.wav,crackle
186_2b3_Ar_mc_AKGC417L_win000.wav,normal
186_2b3_Ar_mc_AKGC417L_win001.wav,crackle
186_2b3_Ar_mc_AKGC417L_win002.wav,crackle
186_2b3_Ar_mc_AKGC417L_win003.wav,crackle
186_2b3_Ar_mc_AKGC417L_win004.wav,crackle
186_2b3_Lr_mc_AKGC417L_win000.wav,crackle
186_2b3_Lr_mc_AKGC417L_win001.wav,crackle
186_2b3_Lr_mc_AKGC417L_win002.wav,crackle
186_2b3_Lr_mc_AKGC417L_win003.wav,crackle
186_2b3_Lr_mc_AKGC417L_win004.wav,crackle
186_2b3_Pl_mc_AKGC417L_win000.wav,crackle
186_2b3_Pl_mc_AKGC417L_win001.wav,crackle
186_2b3_Pl_mc_AKGC417L_win002.wav,crackle
186_2b3_Pl_mc_AKGC417L_win003.wav,crackle
186_2b3_Pl_mc_AKGC417L_win004.wav,crackle
186_2b3_Pr_mc_AKGC417L_win000.wav,crackle
186_2b3_Pr_mc_AKGC417L_win001.wav,crackle
186_2b3_Pr_mc_AKGC417L_win002.wav,crackle
186_2b3_Pr_mc_AKGC417L_win003.wav,crackle
186_2b3_Pr_mc_AKGC417L_win004.wav,crackle
186_2b3_Tc_mc_AKGC417L_win000.wav,normal
186_2b3_Tc_mc_AKGC417L_win001.wav,normal
186_2b3_Tc_mc_AKGC417L_win002.wav,normal
186_2b3_Tc_mc_AKGC417L_win003.wav,normal
186_2b3_Tc_mc_AKGC417L_win004.wav,wheeze
186_2b4_Al_mc_AKGC417L_win000.wav,crackle
186_2b4_Al_mc_AKGC417L_win001.wav,normal
186_2b4_Al_mc_AKGC417L_win002.wav,crackle
186_2b4_Al_mc_AKGC417L_win003.wav,crackle
186_2b4_Al_mc_AKGC417L_win004.wav,crackle
186_2b4_Ar_mc_AKGC417L_win000.wav,crackle
186_2b4_Ar_mc_AKGC417L_win001.wav,crackle
186_2b4_Ar_mc_AKGC417L_win002.wav,crackle
186_2b4_Ar_mc_AKGC417L_win003.wav,crackle
186_2b4_Ar_mc_AKGC417L_win004.wav,crackle
186_2b4_Lr_mc_AKGC417L_win000.wav,crackle
186_2b4_Lr_mc_AKGC417L_win001.wav,crackle
186_2b4_Lr_mc_AKGC417L_win002.wav,crackle
186_2b4_Lr_mc_AKGC417L_win003.wav,crackle
186_2b4_Lr_mc_AKGC417L_win004.wav,crackle
186_2b4_Pl_mc_AKGC417L_win000.wav,crackle
186_2b4_Pl_mc_AKGC417L_win001.wav,normal
186_2b4_Pl_mc_AKGC417L_win002.wav,crackle
186_2b4_Pl_mc_AKGC417L_win003.wav,crackle
186_2b4_Pl_mc_AKGC417L_win004.wav,crackle
186_2b4_Pr_mc_AKGC417L_win000.wav,crackle
186_2b4_Pr_mc_AKGC417L_win001.wav,crackle
186_2b4_Pr_mc_AKGC417L_win002.wav,crackle
186_2b4_Pr_mc_AKGC417L_win003.wav,crackle
186_2b4_Pr_mc_AKGC417L_win004.wav,crackle
186_2b4_Tc_mc_AKGC417L_win000.wav,normal
186_2b4_Tc_mc_AKGC417L_win001.wav,normal
186_2b4_Tc_mc_AKGC417L_win002.wav,normal
186_2b4_Tc_mc_AKGC417L_win003.wav,normal
186_2b4_Tc_mc_AKGC417L_win004.wav,normal
186_3b3_Al_mc_AKGC417L_win000.wav,normal
186_3b3_Al_mc_AKGC417L_win001.wav,normal
186_3b3_Al_mc_AKGC417L_win002.wav,crackle
186_3b3_Al_mc_AKGC417L_win003.wav,normal
186_3b3_Al_mc_AKGC417L_win004.wav,normal
186_3b3_Ar_mc_AKGC417L_win000.wav,normal
186_3b3_Ar_mc_AKGC417L_win001.wav,normal
186_3b3_Ar_mc_AKGC417L_win002.wav,crackle
186_3b3_Ar_mc_AKGC417L_win003.wav,normal
186_3b3_Ar_mc_AKGC417L_win004.wav,crackle
186_3b3_Lr_mc_AKGC417L_win000.wav,normal
186_3b3_Lr_mc_AKGC417L_win001.wav,normal
186_3b3_Lr_mc_AKGC417L_win002.wav,normal
186_3b3_Lr_mc_AKGC417L_win003.wav,crackle
186_3b3_Lr_mc_AKGC417L_win004.wav,crackle
186_3b3_Pl_mc_AKGC417L_win000.wav,crackle
186_3b3_Pl_mc_AKGC417L_win001.wav,crackle
186_3b3_Pl_mc_AKGC417L_win002.wav,crackle
186_3b3_Pl_mc_AKGC417L_win003.wav,crackle
186_3b3_Pl_mc_AKGC417L_win004.wav,crackle
186_3b3_Pr_mc_AKGC417L_win000.wav,normal
186_3b3_Pr_mc_AKGC417L_win001.wav,normal
186_3b3_Pr_mc_AKGC417L_win002.wav,normal
186_3b3_Pr_mc_AKGC417L_win003.wav,normal
186_3b3_Pr_mc_AKGC417L_win004.wav,normal
186_3b3_Tc_mc_AKGC417L_win000.wav,normal
186_3b3_Tc_mc_AKGC417L_win001.wav,normal
186_3b3_Tc_mc_AKGC417L_win002.wav,normal
186_3b3_Tc_mc_AKGC417L_win003.wav,normal
186_3b3_Tc_mc_AKGC417L_win004.wav,normal
187_1b1_Ll_sc_Meditron_win000.wav,normal
187_1b1_Ll_sc_Meditron_win001.wav,normal
187_1b1_Ll_sc_Meditron_win002.wav,normal
187_1b1_Ll_sc_Meditron_win003.wav,normal
187_1b1_Ll_sc_Meditron_win004.wav,normal
188_1b1_Al_sc_Meditron_win000.wav,normal
188_1b1_Al_sc_Meditron_win001.wav,normal
188_1b1_Al_sc_Meditron_win002.wav,normal
188_1b1_Al_sc_Meditron_win003.wav,normal
188_1b1_Al_sc_Meditron_win004.wav,normal
188_1b1_Ar_sc_Meditron_win000.wav,normal
188_1b1_Ar_sc_Meditron_win001.wav,normal
188_1b1_Ar_sc_Meditron_win002.wav,normal
188_1b1_Ar_sc_Meditron_win003.wav,normal
188_1b1_Ar_sc_Meditron_win004.wav,normal
188_1b1_Pl_sc_Meditron_win000.wav,normal
188_1b1_Pl_sc_Meditron_win001.wav,normal
188_1b1_Pl_sc_Meditron_win002.wav,normal
188_1b1_Pl_sc_Meditron_win003.wav,normal
188_1b1_Pl_sc_Meditron_win004.wav,normal
188_1b1_Tc_sc_Meditron_win000.wav,normal
188_1b1_Tc_sc_Meditron_win001.wav,normal
188_1b1_Tc_sc_Meditron_win002.wav,normal
188_1b1_Tc_sc_Meditron_win003.wav,normal
188_1b1_Tc_sc_Meditron_win004.wav,normal
189_1b2_Lr_mc_LittC2SE_win000.wav,crackle
189_1b2_Lr_mc_LittC2SE_win001.wav,crackle
189_1b2_Lr_mc_LittC2SE_win002.wav,normal
189_1b2_Lr_mc_LittC2SE_win003.wav,normal
189_1b2_Lr_mc_LittC2SE_win004.wav,normal
190_1b1_Tc_sc_Meditron_win000.wav,normal
190_1b1_Tc_sc_Meditron_win001.wav,normal
190_1b1_Tc_sc_Meditron_win002.wav,normal
190_1b1_Tc_sc_Meditron_win003.wav,normal
190_1b1_Tc_sc_Meditron_win004.wav,normal
191_2b1_Pl_mc_LittC2SE_win000.wav,normal
191_2b1_Pl_mc_LittC2SE_win001.wav,normal
191_2b1_Pl_mc_LittC2SE_win002.wav,normal
191_2b1_Pl_mc_LittC2SE_win003.wav,normal
191_2b1_Pl_mc_LittC2SE_win004.wav,normal
191_2b1_Pr_mc_LittC2SE_win000.wav,normal
191_2b1_Pr_mc_LittC2SE_win001.wav,normal
191_2b1_Pr_mc_LittC2SE_win002.wav,normal
191_2b1_Pr_mc_LittC2SE_win003.wav,normal
191_2b1_Pr_mc_LittC2SE_win004.wav,normal
191_2b2_Tc_mc_LittC2SE_win000.wav,normal
191_2b2_Tc_mc_LittC2SE_win001.wav,normal
191_2b2_Tc_mc_LittC2SE_win002.wav,normal
191_2b2_Tc_mc_LittC2SE_win003.wav,normal
191_2b2_Tc_mc_LittC2SE_win004.wav,normal
192_2b1_Al_mc_LittC2SE_win000.wav,wheeze
192_2b1_Al_mc_LittC2SE_win001.wav,wheeze
192_2b1_Al_mc_LittC2SE_win002.wav,wheeze
192_2b1_Al_mc_LittC2SE_win003.wav,both
192_2b1_Al_mc_LittC2SE_win004.wav,wheeze
192_2b1_Ar_mc_LittC2SE_win000.wav,wheeze
192_2b1_Ar_mc_LittC2SE_win001.wav,wheeze
192_2b1_Ar_mc_LittC2SE_win002.wav,wheeze
192_2b1_Ar_mc_LittC2SE_win003.wav,wheeze
192_2b1_Ar_mc_LittC2SE_win004.wav,wheeze
192_2b2_Al_mc_LittC2SE_win000.wav,wheeze
192_2b2_Al_mc_LittC2SE_win001.wav,both
192_2b2_Al_mc_LittC2SE_win002.wav,both
192_2b2_Al_mc_LittC2SE_win003.wav,wheeze
192_2b2_Al_mc_LittC2SE_win004.wav,wheeze
192_2b2_Ar_mc_LittC2SE_win000.wav,wheeze
192_2b2_Ar_mc_LittC2SE_win001.wav,wheeze
192_2b2_Ar_mc_LittC2SE_win002.wav,wheeze
192_2b2_Ar_mc_LittC2SE_win003.wav,wheeze
192_2b2_Ar_mc_LittC2SE_win004.wav,wheeze
192_2b3_Al_mc_LittC2SE_win000.wav,both
192_2b3_Al_mc_LittC2SE_win001.wav,wheeze
192_2b3_Al_mc_LittC2SE_win002.wav,wheeze
192_2b3_Al_mc_LittC2SE_win003.wav,wheeze
192_2b3_Al_mc_LittC2SE_win004.wav,wheeze
192_2b3_Ar_mc_LittC2SE_win000.wav,wheeze
192_2b3_Ar_mc_LittC2SE_win001.wav,wheeze
192_2b3_Ar_mc_LittC2SE_win002.wav,wheeze
192_2b3_Ar_mc_LittC2SE_win003.wav,wheeze
192_2b3_Ar_mc_LittC2SE_win004.wav,wheeze
193_1b2_Al_mc_AKGC417L_win000.wav,wheeze
193_1b2_Al_mc_AKGC417L_win001.wav,wheeze
193_1b2_Al_mc_AKGC417L_win002.wav,wheeze
193_1b2_Al_mc_AKGC417L_win003.wav,wheeze
193_1b2_Al_mc_AKGC417L_win004.wav,wheeze
193_1b2_Ar_mc_AKGC417L_win000.wav,wheeze
193_1b2_Ar_mc_AKGC417L_win001.wav,wheeze
193_1b2_Ar_mc_AKGC417L_win002.wav,wheeze
193_1b2_Ar_mc_AKGC417L_win003.wav,wheeze
193_1b2_Ar_mc_AKGC417L_win004.wav,wheeze
193_1b2_Ll_mc_AKGC417L_win000.wav,wheeze
193_1b2_Ll_mc_AKGC417L_win001.wav,wheeze
193_1b2_Ll_mc_AKGC417L_win002.wav,wheeze
193_1b2_Ll_mc_AKGC417L_win003.wav,wheeze
193_1b2_Ll_mc_AKGC417L_win004.wav,wheeze
193_1b2_Pl_mc_AKGC417L_win000.wav,wheeze
193_1b2_Pl_mc_AKGC417L_win001.wav,wheeze
193_1b2_Pl_mc_AKGC417L_win002.wav,wheeze
193_1b2_Pl_mc_AKGC417L_win003.wav,wheeze
193_1b2_Pl_mc_AKGC417L_win004.wav,wheeze
193_1b2_Pr_mc_AKGC417L_win000.wav,wheeze
193_1b2_Pr_mc_AKGC417L_win001.wav,wheeze
193_1b2_Pr_mc_AKGC417L_win002.wav,wheeze
193_1b2_Pr_mc_AKGC417L_win003.wav,wheeze
193_1b2_Pr_mc_AKGC417L_win004.wav,wheeze
193_1b2_Tc_mc_AKGC417L_win000.wav,wheeze
193_1b2_Tc_mc_AKGC417L_win001.wav,wheeze
193_1b2_Tc_mc_AKGC417L_win002.wav,wheeze
193_1b2_Tc_mc_AKGC417L_win003.wav,wheeze
193_1b2_Tc_mc_AKGC417L_win004.wav,wheeze
193_1b4_Lr_mc_AKGC417L_win000.wav,wheeze
193_1b4_Lr_mc_AKGC417L_win001.wav,wheeze
193_1b4_Lr_mc_AKGC417L_win002.wav,wheeze
193_1b4_Lr_mc_AKGC417L_win003.wav,wheeze
193_1b4_Lr_mc_AKGC417L_win004.wav,wheeze
193_7b3_Al_mc_AKGC417L_win000.wav,normal
193_7b3_Al_mc_AKGC417L_win001.wav,normal
193_7b3_Al_mc_AKGC417L_win002.wav,normal
193_7b3_Al_mc_AKGC417L_win003.wav,normal
193_7b3_Al_mc_AKGC417L_win004.wav,normal
193_7b3_Ar_mc_AKGC417L_win000.wav,normal
193_7b3_Ar_mc_AKGC417L_win001.wav,crackle
193_7b3_Ar_mc_AKGC417L_win002.wav,crackle
193_7b3_Ar_mc_AKGC417L_win003.wav,crackle
193_7b3_Ar_mc_AKGC417L_win004.wav,crackle
193_7b3_Ll_mc_AKGC417L_win000.wav,normal
193_7b3_Ll_mc_AKGC417L_win001.wav,crackle
193_7b3_Ll_mc_AKGC417L_win002.wav,crackle
193_7b3_Ll_mc_AKGC417L_win003.wav,normal
193_7b3_Ll_mc_AKGC417L_win004.wav,normal
193_7b3_Lr_mc_AKGC417L_win000.wav,crackle
193_7b3_Lr_mc_AKGC417L_win001.wav,crackle
193_7b3_Lr_mc_AKGC417L_win002.wav,crackle
193_7b3_Lr_mc_AKGC417L_win003.wav,crackle
193_7b3_Lr_mc_AKGC417L_win004.wav,crackle
193_7b3_Pl_mc_AKGC417L_win000.wav,crackle
193_7b3_Pl_mc_AKGC417L_win001.wav,crackle
193_7b3_Pl_mc_AKGC417L_win002.wav,crackle
193_7b3_Pl_mc_AKGC417L_win003.wav,crackle
193_7b3_Pl_mc_AKGC417L_win004.wav,crackle
193_7b3_Pr_mc_AKGC417L_win000.wav,normal
193_7b3_Pr_mc_AKGC417L_win001.wav,normal
193_7b3_Pr_mc_AKGC417L_win002.wav,normal
193_7b3_Pr_mc_AKGC417L_win003.wav,normal
193_7b3_Pr_mc_AKGC417L_win004.wav,normal
193_7b3_Tc_mc_AKGC417L_win000.wav,crackle
193_7b3_Tc_mc_AKGC417L_win001.wav,crackle
193_7b3_Tc_mc_AKGC417L_win002.wav,crackle
193_7b3_Tc_mc_AKGC417L_win003.wav,crackle
193_7b3_Tc_mc_AKGC417L_win004.wav,crackle
194_1b1_Lr_sc_Meditron_win000.wav,normal
194_1b1_Lr_sc_Meditron_win001.wav,normal
194_1b1_Lr_sc_Meditron_win002.wav,normal
194_1b1_Lr_sc_Meditron_win003.wav,normal
194_1b1_Lr_sc_Meditron_win004.wav,normal
194_1b1_Pr_sc_Meditron_win000.wav,normal
194_1b1_Pr_sc_Meditron_win001.wav,normal
194_1b1_Pr_sc_Meditron_win002.wav,normal
194_1b1_Pr_sc_Meditron_win003.wav,normal
194_1b1_Pr_sc_Meditron_win004.wav,normal
195_1b1_Al_sc_Litt3200_win000.wav,wheeze
195_1b1_Al_sc_Litt3200_win001.wav,wheeze
195_1b1_Al_sc_Litt3200_win002.wav,normal
195_1b1_Al_sc_Litt3200_win003.wav,wheeze
195_1b1_Al_sc_Litt3200_win004.wav,wheeze
195_1b1_Al_sc_Litt3200_win005.wav,normal
195_1b1_Al_sc_Litt3200_win006.wav,normal
195_1b1_Ar_sc_Litt3200_win000.wav,wheeze
195_1b1_Ar_sc_Litt3200_win001.wav,wheeze
195_1b1_Ar_sc_Litt3200_win002.wav,normal
195_1b1_Ar_sc_Litt3200_win003.wav,normal
195_1b1_Ar_sc_Litt3200_win004.wav,normal
195_1b1_Ar_sc_Litt3200_win005.wav,normal
195_1b1_Ar_sc_Litt3200_win006.wav,normal
195_1b1_Ar_sc_Litt3200_win007.wav,normal
195_1b1_Ll_sc_Litt3200_win000.wav,wheeze
195_1b1_Ll_sc_Litt3200_win001.wav,crackle
195_1b1_Ll_sc_Litt3200_win002.wav,both
195_1b1_Ll_sc_Litt3200_win003.wav,both
195_1b1_Ll_sc_Litt3200_win004.wav,both
195_1b1_Ll_sc_Litt3200_win005.wav,crackle
195_1b1_Ll_sc_Litt3200_win006.wav,crackle
195_1b1_Lr_sc_Litt3200_win000.wav,both
195_1b1_Lr_sc_Litt3200_win001.wav,both
195_1b1_Lr_sc_Litt3200_win002.wav,wheeze
195_1b1_Lr_sc_Litt3200_win003.wav,wheeze
195_1b1_Lr_sc_Litt3200_win004.wav,crackle
195_1b1_Lr_sc_Litt3200_win005.wav,normal
195_1b1_Pl_sc_Litt3200_win000.wav,wheeze
195_1b1_Pl_sc_Litt3200_win001.wav,wheeze
195_1b1_Pl_sc_Litt3200_win002.wav,wheeze
195_1b1_Pl_sc_Litt3200_win003.wav,wheeze
195_1b1_Pl_sc_Litt3200_win004.wav,wheeze
195_1b1_Pl_sc_Litt3200_win005.wav,normal
195_1b1_Pr_sc_Litt3200_win000.wav,normal
195_1b1_Pr_sc_Litt3200_win001.wav,normal
195_1b1_Pr_sc_Litt3200_win002.wav,wheeze
195_1b1_Pr_sc_Litt3200_win003.wav,normal
195_1b1_Pr_sc_Litt3200_win004.wav,normal
195_1b1_Pr_sc_Litt3200_win005.wav,normal
195_1b1_Pr_sc_Litt3200_win006.wav,normal
195_1b1_Pr_sc_Litt3200_win007.wav,wheeze
196_1b1_Pr_sc_Meditron_win000.wav,normal
196_1b1_Pr_sc_Meditron_win001.wav,normal
196_1b1_Pr_sc_Meditron_win002.wav,normal
196_1b1_Pr_sc_Meditron_win003.wav,normal
196_1b1_Pr_sc_Meditron_win004.wav,normal
196_1b1_Pr_sc_Meditron_win005.wav,normal
197_1b1_Al_sc_Meditron_win000.wav,normal
197_1b1_Al_sc_Meditron_win001.wav,normal
197_1b1_Al_sc_Meditron_win002.wav,normal
197_1b1_Al_sc_Meditron_win003.wav,normal
197_1b1_Al_sc_Meditron_win004.wav,normal
197_1b1_Tc_sc_Meditron_win000.wav,normal
197_1b1_Tc_sc_Meditron_win001.wav,crackle
197_1b1_Tc_sc_Meditron_win002.wav,normal
197_1b1_Tc_sc_Meditron_win003.wav,normal
197_1b1_Tc_sc_Meditron_win004.wav,wheeze
198_1b5_Al_mc_AKGC417L_win000.wav,wheeze
198_1b5_Al_mc_AKGC417L_win001.wav,wheeze
198_1b5_Al_mc_AKGC417L_win002.wav,wheeze
198_1b5_Al_mc_AKGC417L_win003.wav,wheeze
198_1b5_Al_mc_AKGC417L_win004.wav,wheeze
198_1b5_Ar_mc_AKGC417L_win000.wav,wheeze
198_1b5_Ar_mc_AKGC417L_win001.wav,wheeze
198_1b5_Ar_mc_AKGC417L_win002.wav,wheeze
198_1b5_Ar_mc_AKGC417L_win003.wav,wheeze
198_1b5_Ar_mc_AKGC417L_win004.wav,wheeze
198_1b5_Ll_mc_AKGC417L_win000.wav,wheeze
198_1b5_Ll_mc_AKGC417L_win001.wav,wheeze
198_1b5_Ll_mc_AKGC417L_win002.wav,wheeze
198_1b5_Ll_mc_AKGC417L_win003.wav,wheeze
198_1b5_Ll_mc_AKGC417L_win004.wav,wheeze
198_1b5_Lr_mc_AKGC417L_win000.wav,wheeze
198_1b5_Lr_mc_AKGC417L_win001.wav,wheeze
198_1b5_Lr_mc_AKGC417L_win002.wav,wheeze
198_1b5_Lr_mc_AKGC417L_win003.wav,wheeze
198_1b5_Lr_mc_AKGC417L_win004.wav,wheeze
198_1b5_Pl_mc_AKGC417L_win000.wav,wheeze
198_1b5_Pl_mc_AKGC417L_win001.wav,wheeze
198_1b5_Pl_mc_AKGC417L_win002.wav,wheeze
198_1b5_Pl_mc_AKGC417L_win003.wav,wheeze
198_1b5_Pl_mc_AKGC417L_win004.wav,wheeze
198_1b5_Pr_mc_AKGC417L_win000.wav,wheeze
198_1b5_Pr_mc_AKGC417L_win001.wav,wheeze
198_1b5_Pr_mc_AKGC417L_win002.wav,wheeze
198_1b5_Pr_mc_AKGC417L_win003.wav,wheeze
198_1b5_Pr_mc_AKGC417L_win004.wav,wheeze
198_1b5_Tc_mc_AKGC417L_win000.wav,wheeze
198_1b5_Tc_mc_AKGC417L_win001.wav,wheeze
198_1b5_Tc_mc_AKGC417L_win002.wav,wheeze
198_1b5_Tc_mc_AKGC417L_win003.wav,wheeze
198_1b5_Tc_mc_AKGC417L_win004.wav,wheeze
198_6p1_Al_mc_AKGC417L_win000.wav,normal
198_6p1_Al_mc_AKGC417L_win001.wav,normal
198_6p1_Al_mc_AKGC417L_win002.wav,normal
198_6p1_Al_mc_AKGC417L_win003.wav,normal
198_6p1_Al_mc_AKGC417L_win004.wav,normal
198_6p1_Ar_mc_AKGC417L_win000.wav,crackle
198_6p1_Ar_mc_AKGC417L_win001.wav,crackle
198_6p1_Ar_mc_AKGC417L_win002.wav,crackle
198_6p1_Ar_mc_AKGC417L_win003.wav,crackle
198_6p1_Ar_mc_AKGC417L_win004.wav,crackle
198_6p1_Ll_mc_AKGC417L_win000.wav,crackle
198_6p1_Ll_mc_AKGC417L_win001.wav,normal
198_6p1_Ll_mc_AKGC417L_win002.wav,normal
198_6p1_Ll_mc_AKGC417L_win003.wav,normal
198_6p1_Ll_mc_AKGC417L_win004.wav,normal
198_6p1_Lr_mc_AKGC417L_win000.wav,crackle
198_6p1_Lr_mc_AKGC417L_win001.wav,crackle
198_6p1_Lr_mc_AKGC417L_win002.wav,crackle
198_6p1_Lr_mc_AKGC417L_win003.wav,crackle
198_6p1_Lr_mc_AKGC417L_win004.wav,crackle
198_6p1_Pl_mc_AKGC417L_win000.wav,crackle
198_6p1_Pl_mc_AKGC417L_win001.wav,crackle
198_6p1_Pl_mc_AKGC417L_win002.wav,crackle
198_6p1_Pl_mc_AKGC417L_win003.wav,crackle
198_6p1_Pl_mc_AKGC417L_win004.wav,crackle
198_6p1_Pr_mc_AKGC417L_win000.wav,crackle
198_6p1_Pr_mc_AKGC417L_win001.wav,crackle
198_6p1_Pr_mc_AKGC417L_win002.wav,crackle
198_6p1_Pr_mc_AKGC417L_win003.wav,crackle
198_6p1_Pr_mc_AKGC417L_win004.wav,normal
198_6p1_Tc_mc_AKGC417L_win000.wav,crackle
198_6p1_Tc_mc_AKGC417L_win001.wav,crackle
198_6p1_Tc_mc_AKGC417L_win002.wav,crackle
198_6p1_Tc_mc_AKGC417L_win003.wav,normal
198_6p1_Tc_mc_AKGC417L_win004.wav,normal
199_2b1_Ll_mc_LittC2SE_win000.wav,crackle
199_2b1_Ll_mc_LittC2SE_win001.wav,crackle
199_2b1_Ll_mc_LittC2SE_win002.wav,crackle
199_2b1_Ll_mc_LittC2SE_win003.wav,normal
199_2b1_Ll_mc_LittC2SE_win004.wav,normal
199_2b3_Ll_mc_LittC2SE_win000.wav,crackle
199_2b3_Ll_mc_LittC2SE_win001.wav,crackle
199_2b3_Ll_mc_LittC2SE_win002.wav,crackle
199_2b3_Ll_mc_LittC2SE_win003.wav,crackle
199_2b3_Ll_mc_LittC2SE_win004.wav,crackle
200_2p2_Al_mc_AKGC417L_win000.wav,crackle
200_2p2_Al_mc_AKGC417L_win001.wav,normal
200_2p2_Al_mc_AKGC417L_win002.wav,crackle
200_2p2_Al_mc_AKGC417L_win003.wav,crackle
200_2p2_Al_mc_AKGC417L_win004.wav,normal
200_2p2_Ar_mc_AKGC417L_win000.wav,normal
200_2p2_Ar_mc_AKGC417L_win001.wav,normal
200_2p2_Ar_mc_AKGC417L_win002.wav,normal
200_2p2_Ar_mc_AKGC417L_win003.wav,normal
200_2p2_Ar_mc_AKGC417L_win004.wav,normal
200_2p2_Lr_mc_AKGC417L_win000.wav,normal
200_2p2_Lr_mc_AKGC417L_win001.wav,normal
200_2p2_Lr_mc_AKGC417L_win002.wav,normal
200_2p2_Lr_mc_AKGC417L_win003.wav,normal
200_2p2_Lr_mc_AKGC417L_win004.wav,normal
200_2p2_Pl_mc_AKGC417L_win000.wav,normal
200_2p2_Pl_mc_AKGC417L_win001.wav,normal
200_2p2_Pl_mc_AKGC417L_win002.wav,normal
200_2p2_Pl_mc_AKGC417L_win003.wav,normal
200_2p2_Pl_mc_AKGC417L_win004.wav,normal
200_2p2_Pr_mc_AKGC417L_win000.wav,normal
200_2p2_Pr_mc_AKGC417L_win001.wav,normal
200_2p2_Pr_mc_AKGC417L_win002.wav,normal
200_2p2_Pr_mc_AKGC417L_win003.wav,crackle
200_2p2_Pr_mc_AKGC417L_win004.wav,normal
200_2p2_Tc_mc_AKGC417L_win000.wav,crackle
200_2p2_Tc_mc_AKGC417L_win001.wav,normal
200_2p2_Tc_mc_AKGC417L_win002.wav,normal
200_2p2_Tc_mc_AKGC417L_win003.wav,normal
200_2p2_Tc_mc_AKGC417L_win004.wav,normal
200_2p3_Al_mc_AKGC417L_win000.wav,normal
200_2p3_Al_mc_AKGC417L_win001.wav,normal
200_2p3_Al_mc_AKGC417L_win002.wav,normal
200_2p3_Al_mc_AKGC417L_win003.wav,normal
200_2p3_Al_mc_AKGC417L_win004.wav,normal
200_2p3_Ar_mc_AKGC417L_win000.wav,normal
200_2p3_Ar_mc_AKGC417L_win001.wav,normal
200_2p3_Ar_mc_AKGC417L_win002.wav,normal
200_2p3_Ar_mc_AKGC417L_win003.wav,normal
200_2p3_Ar_mc_AKGC417L_win004.wav,normal
200_2p3_Lr_mc_AKGC417L_win000.wav,normal
200_2p3_Lr_mc_AKGC417L_win001.wav,normal
200_2p3_Lr_mc_AKGC417L_win002.wav,normal
200_2p3_Lr_mc_AKGC417L_win003.wav,normal
200_2p3_Lr_mc_AKGC417L_win004.wav,normal
200_2p3_Pl_mc_AKGC417L_win000.wav,normal
200_2p3_Pl_mc_AKGC417L_win001.wav,normal
200_2p3_Pl_mc_AKGC417L_win002.wav,normal
200_2p3_Pl_mc_AKGC417L_win003.wav,normal
200_2p3_Pl_mc_AKGC417L_win004.wav,normal
200_2p3_Pr_mc_AKGC417L_win000.wav,normal
200_2p3_Pr_mc_AKGC417L_win001.wav,normal
200_2p3_Pr_mc_AKGC417L_win002.wav,crackle
200_2p3_Pr_mc_AKGC417L_win003.wav,normal
200_2p3_Pr_mc_AKGC417L_win004.wav,normal
200_2p3_Tc_mc_AKGC417L_win000.wav,crackle
200_2p3_Tc_mc_AKGC417L_win001.wav,crackle
200_2p3_Tc_mc_AKGC417L_win002.wav,crackle
200_2p3_Tc_mc_AKGC417L_win003.wav,crackle
200_2p3_Tc_mc_AKGC417L_win004.wav,normal
200_2p4_Al_mc_AKGC417L_win000.wav,normal
200_2p4_Al_mc_AKGC417L_win001.wav,normal
200_2p4_Al_mc_AKGC417L_win002.wav,normal
200_2p4_Al_mc_AKGC417L_win003.wav,normal
200_2p4_Al_mc_AKGC417L_win004.wav,normal
200_2p4_Ar_mc_AKGC417L_win000.wav,normal
200_2p4_Ar_mc_AKGC417L_win001.wav,normal
200_2p4_Ar_mc_AKGC417L_win002.wav,normal
200_2p4_Ar_mc_AKGC417L_win003.wav,normal
200_2p4_Ar_mc_AKGC417L_win004.wav,normal
200_2p4_Lr_mc_AKGC417L_win000.wav,normal
200_2p4_Lr_mc_AKGC417L_win001.wav,normal
200_2p4_Lr_mc_AKGC417L_win002.wav,normal
200_2p4_Lr_mc_AKGC417L_win003.wav,normal
200_2p4_Lr_mc_AKGC417L_win004.wav,normal
200_2p4_Pl_mc_AKGC417L_win000.wav,crackle
200_2p4_Pl_mc_AKGC417L_win001.wav,normal
200_2p4_Pl_mc_AKGC417L_win002.wav,normal
200_2p4_Pl_mc_AKGC417L_win003.wav,normal
200_2p4_Pl_mc_AKGC417L_win004.wav,normal
200_2p4_Pr_mc_AKGC417L_win000.wav,normal
200_2p4_Pr_mc_AKGC417L_win001.wav,normal
200_2p4_Pr_mc_AKGC417L_win002.wav,normal
200_2p4_Pr_mc_AKGC417L_win003.wav,normal
200_2p4_Pr_mc_AKGC417L_win004.wav,normal
200_2p4_Tc_mc_AKGC417L_win000.wav,normal
200_2p4_Tc_mc_AKGC417L_win001.wav,crackle
200_2p4_Tc_mc_AKGC417L_win002.wav,normal
200_2p4_Tc_mc_AKGC417L_win003.wav,normal
200_2p4_Tc_mc_AKGC417L_win004.wav,crackle
200_3p4_Al_mc_AKGC417L_win000.wav,normal
200_3p4_Al_mc_AKGC417L_win001.wav,normal
200_3p4_Al_mc_AKGC417L_win002.wav,normal
200_3p4_Al_mc_AKGC417L_win003.wav,normal
200_3p4_Al_mc_AKGC417L_win004.wav,normal
200_3p4_Ar_mc_AKGC417L_win000.wav,normal
200_3p4_Ar_mc_AKGC417L_win001.wav,normal
200_3p4_Ar_mc_AKGC417L_win002.wav,normal
200_3p4_Ar_mc_AKGC417L_win003.wav,normal
200_3p4_Ar_mc_AKGC417L_win004.wav,normal
200_3p4_Pl_mc_AKGC417L_win000.wav,normal
200_3p4_Pl_mc_AKGC417L_win001.wav,normal
200_3p4_Pl_mc_AKGC417L_win002.wav,normal
200_3p4_Pl_mc_AKGC417L_win003.wav,normal
200_3p4_Pl_mc_AKGC417L_win004.wav,normal
200_3p4_Pr_mc_AKGC417L_win000.wav,normal
200_3p4_Pr_mc_AKGC417L_win001.wav,normal
200_3p4_Pr_mc_AKGC417L_win002.wav,normal
200_3p4_Pr_mc_AKGC417L_win003.wav,normal
200_3p4_Pr_mc_AKGC417L_win004.wav,normal
200_3p4_Tc_mc_AKGC417L_win000.wav,normal
200_3p4_Tc_mc_AKGC417L_win001.wav,normal
200_3p4_Tc_mc_AKGC417L_win002.wav,normal
200_3p4_Tc_mc_AKGC417L_win003.wav,normal
200_3p4_Tc_mc_AKGC417L_win004.wav,normal
201_1b1_Al_sc_Meditron_win000.wav,crackle
201_1b1_Al_sc_Meditron_win001.wav,wheeze
201_1b1_Al_sc_Meditron_win002.wav,both
201_1b1_Al_sc_Meditron_win003.wav,both
201_1b1_Al_sc_Meditron_win004.wav,wheeze
201_1b1_Al_sc_Meditron_win005.wav,normal
201_1b1_Ar_sc_Meditron_win000.wav,wheeze
201_1b1_Ar_sc_Meditron_win001.wav,wheeze
201_1b1_Ar_sc_Meditron_win002.wav,wheeze
201_1b1_Ar_sc_Meditron_win003.wav,wheeze
201_1b1_Ar_sc_Meditron_win004.wav,wheeze
201_1b1_Ar_sc_Meditron_win005.wav,normal
201_1b2_Al_sc_Meditron_win000.wav,wheeze
201_1b2_Al_sc_Meditron_win001.wav,both
201_1b2_Al_sc_Meditron_win002.wav,both
201_1b2_Al_sc_Meditron_win003.wav,both
201_1b2_Al_sc_Meditron_win004.wav,both
201_1b2_Al_sc_Meditron_win005.wav,normal
201_1b2_Ar_sc_Meditron_win000.wav,wheeze
201_1b2_Ar_sc_Meditron_win001.wav,both
201_1b2_Ar_sc_Meditron_win002.wav,both
201_1b2_Ar_sc_Meditron_win003.wav,wheeze
201_1b2_Ar_sc_Meditron_win004.wav,wheeze
201_1b2_Ar_sc_Meditron_win005.wav,normal
201_1b3_Al_sc_Meditron_win000.wav,wheeze
201_1b3_Al_sc_Meditron_win001.wav,both
201_1b3_Al_sc_Meditron_win002.wav,both
201_1b3_Al_sc_Meditron_win003.wav,wheeze
201_1b3_Al_sc_Meditron_win004.wav,wheeze
201_1b3_Al_sc_Meditron_win005.wav,normal
201_1b3_Ar_sc_Meditron_win000.wav,wheeze
201_1b3_Ar_sc_Meditron_win001.wav,wheeze
201_1b3_Ar_sc_Meditron_win002.wav,wheeze
201_1b3_Ar_sc_Meditron_win003.wav,wheeze
201_1b3_Ar_sc_Meditron_win004.wav,wheeze
201_1b3_Ar_sc_Meditron_win005.wav,normal
202_1b1_Ar_sc_Meditron_win000.wav,normal
202_1b1_Ar_sc_Meditron_win001.wav,normal
202_1b1_Ar_sc_Meditron_win002.wav,normal
202_1b1_Ar_sc_Meditron_win003.wav,normal
202_1b1_Ar_sc_Meditron_win004.wav,normal
203_1p2_Al_mc_AKGC417L_win000.wav,crackle
203_1p2_Al_mc_AKGC417L_win001.wav,crackle
203_1p2_Al_mc_AKGC417L_win002.wav,both
203_1p2_Al_mc_AKGC417L_win003.wav,crackle
203_1p2_Al_mc_AKGC417L_win004.wav,crackle
203_1p2_Ar_mc_AKGC417L_win000.wav,crackle
203_1p2_Ar_mc_AKGC417L_win001.wav,crackle
203_1p2_Ar_mc_AKGC417L_win002.wav,crackle
203_1p2_Ar_mc_AKGC417L_win003.wav,crackle
203_1p2_Ar_mc_AKGC417L_win004.wav,crackle
203_1p2_Lr_mc_AKGC417L_win000.wav,both
203_1p2_Lr_mc_AKGC417L_win001.wav,both
203_1p2_Lr_mc_AKGC417L_win002.wav,both
203_1p2_Lr_mc_AKGC417L_win003.wav,both
203_1p2_Lr_mc_AKGC417L_win004.wav,crackle
203_1p2_Pl_mc_AKGC417L_win000.wav,crackle
203_1p2_Pl_mc_AKGC417L_win001.wav,crackle
203_1p2_Pl_mc_AKGC417L_win002.wav,crackle
203_1p2_Pl_mc_AKGC417L_win003.wav,crackle
203_1p2_Pl_mc_AKGC417L_win004.wav,crackle
203_1p2_Pr_mc_AKGC417L_win000.wav,crackle
203_1p2_Pr_mc_AKGC417L_win001.wav,normal
203_1p2_Pr_mc_AKGC417L_win002.wav,normal
203_1p2_Pr_mc_AKGC417L_win003.wav,normal
203_1p2_Pr_mc_AKGC417L_win004.wav,crackle
203_1p2_Tc_mc_AKGC417L_win000.wav,normal
203_1p2_Tc_mc_AKGC417L_win001.wav,normal
203_1p2_Tc_mc_AKGC417L_win002.wav,wheeze
203_1p2_Tc_mc_AKGC417L_win003.wav,wheeze
203_1p2_Tc_mc_AKGC417L_win004.wav,normal
203_1p3_Al_mc_AKGC417L_win000.wav,crackle
203_1p3_Al_mc_AKGC417L_win001.wav,crackle
203_1p3_Al_mc_AKGC417L_win002.wav,crackle
203_1p3_Al_mc_AKGC417L_win003.wav,crackle
203_1p3_Al_mc_AKGC417L_win004.wav,crackle
203_1p3_Ar_mc_AKGC417L_win000.wav,crackle
203_1p3_Ar_mc_AKGC417L_win001.wav,both
203_1p3_Ar_mc_AKGC417L_win002.wav,crackle
203_1p3_Ar_mc_AKGC417L_win003.wav,crackle
203_1p3_Ar_mc_AKGC417L_win004.wav,crackle
203_1p3_Pl_mc_AKGC417L_win000.wav,crackle
203_1p3_Pl_mc_AKGC417L_win001.wav,crackle
203_1p3_Pl_mc_AKGC417L_win002.wav,crackle
203_1p3_Pl_mc_AKGC417L_win003.wav,crackle
203_1p3_Pl_mc_AKGC417L_win004.wav,crackle
203_1p3_Pr_mc_AKGC417L_win000.wav,crackle
203_1p3_Pr_mc_AKGC417L_win001.wav,crackle
203_1p3_Pr_mc_AKGC417L_win002.wav,both
203_1p3_Pr_mc_AKGC417L_win003.wav,crackle
203_1p3_Pr_mc_AKGC417L_win004.wav,crackle
203_1p3_Tc_mc_AKGC417L_win000.wav,wheeze
203_1p3_Tc_mc_AKGC417L_win001.wav,normal
203_1p3_Tc_mc_AKGC417L_win002.wav,normal
203_1p3_Tc_mc_AKGC417L_win003.wav,normal
203_1p3_Tc_mc_AKGC417L_win004.wav,normal
203_1p4_Al_mc_AKGC417L_win000.wav,crackle
203_1p4_Al_mc_AKGC417L_win001.wav,crackle
203_1p4_Al_mc_AKGC417L_win002.wav,crackle
203_1p4_Al_mc_AKGC417L_win003.wav,normal
203_1p4_Al_mc_AKGC417L_win004.wav,normal
203_1p4_Ar_mc_AKGC417L_win000.wav,normal
203_1p4_Ar_mc_AKGC417L_win001.wav,crackle
203_1p4_Ar_mc_AKGC417L_win002.wav,crackle
203_1p4_Ar_mc_AKGC417L_win003.wav,crackle
203_1p4_Ar_mc_AKGC417L_win004.wav,crackle
203_1p4_Pl_mc_AKGC417L_win000.wav,crackle
203_1p4_Pl_mc_AKGC417L_win001.wav,crackle
203_1p4_Pl_mc_AKGC417L_win002.wav,crackle
203_1p4_Pl_mc_AKGC417L_win003.wav,both
203_1p4_Pl_mc_AKGC417L_win004.wav,crackle
203_1p4_Pr_mc_AKGC417L_win000.wav,crackle
203_1p4_Pr_mc_AKGC417L_win001.wav,crackle
203_1p4_Pr_mc_AKGC417L_win002.wav,normal
203_1p4_Pr_mc_AKGC417L_win003.wav,normal
203_1p4_Pr_mc_AKGC417L_win004.wav,normal
203_1p4_Tc_mc_AKGC417L_win000.wav,normal
203_1p4_Tc_mc_AKGC417L_win001.wav,crackle
203_1p4_Tc_mc_AKGC417L_win002.wav,normal
203_1p4_Tc_mc_AKGC417L_win003.wav,normal
203_1p4_Tc_mc_AKGC417L_win004.wav,both
203_2p3_Al_mc_AKGC417L_win000.wav,normal
203_2p3_Al_mc_AKGC417L_win001.wav,normal
203_2p3_Al_mc_AKGC417L_win002.wav,normal
203_2p3_Al_mc_AKGC417L_win003.wav,normal
203_2p3_Al_mc_AKGC417L_win004.wav,normal
203_2p3_Ar_mc_AKGC417L_win000.wav,crackle
203_2p3_Ar_mc_AKGC417L_win001.wav,crackle
203_2p3_Ar_mc_AKGC417L_win002.wav,crackle
203_2p3_Ar_mc_AKGC417L_win003.wav,crackle
203_2p3_Ar_mc_AKGC417L_win004.wav,crackle
203_2p3_Pl_mc_AKGC417L_win000.wav,normal
203_2p3_Pl_mc_AKGC417L_win001.wav,crackle
203_2p3_Pl_mc_AKGC417L_win002.wav,crackle
203_2p3_Pl_mc_AKGC417L_win003.wav,normal
203_2p3_Pl_mc_AKGC417L_win004.wav,normal
203_2p3_Pr_mc_AKGC417L_win000.wav,normal
203_2p3_Pr_mc_AKGC417L_win001.wav,normal
203_2p3_Pr_mc_AKGC417L_win002.wav,crackle
203_2p3_Pr_mc_AKGC417L_win003.wav,crackle
203_2p3_Pr_mc_AKGC417L_win004.wav,crackle
203_2p3_Tc_mc_AKGC417L_win000.wav,normal
203_2p3_Tc_mc_AKGC417L_win001.wav,normal
203_2p3_Tc_mc_AKGC417L_win002.wav,normal
203_2p3_Tc_mc_AKGC417L_win003.wav,normal
203_2p3_Tc_mc_AKGC417L_win004.wav,normal
204_2b5_Al_mc_AKGC417L_win000.wav,wheeze
204_2b5_Al_mc_AKGC417L_win001.wav,wheeze
204_2b5_Al_mc_AKGC417L_win002.wav,wheeze
204_2b5_Al_mc_AKGC417L_win003.wav,normal
204_2b5_Al_mc_AKGC417L_win004.wav,wheeze
204_2b5_Ar_mc_AKGC417L_win000.wav,wheeze
204_2b5_Ar_mc_AKGC417L_win001.wav,wheeze
204_2b5_Ar_mc_AKGC417L_win002.wav,normal
204_2b5_Ar_mc_AKGC417L_win003.wav,normal
204_2b5_Ar_mc_AKGC417L_win004.wav,normal
204_2b5_Ll_mc_AKGC417L_win000.wav,normal
204_2b5_Ll_mc_AKGC417L_win001.wav,normal
204_2b5_Ll_mc_AKGC417L_win002.wav,normal
204_2b5_Ll_mc_AKGC417L_win003.wav,normal
204_2b5_Ll_mc_AKGC417L_win004.wav,normal
204_7p5_Al_mc_AKGC417L_win000.wav,normal
204_7p5_Al_mc_AKGC417L_win001.wav,normal
204_7p5_Al_mc_AKGC417L_win002.wav,normal
204_7p5_Al_mc_AKGC417L_win003.wav,normal
204_7p5_Al_mc_AKGC417L_win004.wav,normal
204_7p5_Ar_mc_AKGC417L_win000.wav,normal
204_7p5_Ar_mc_AKGC417L_win001.wav,normal
204_7p5_Ar_mc_AKGC417L_win002.wav,normal
204_7p5_Ar_mc_AKGC417L_win003.wav,normal
204_7p5_Ar_mc_AKGC417L_win004.wav,normal
204_7p5_Ll_mc_AKGC417L_win000.wav,normal
204_7p5_Ll_mc_AKGC417L_win001.wav,normal
204_7p5_Ll_mc_AKGC417L_win002.wav,normal
204_7p5_Ll_mc_AKGC417L_win003.wav,normal
204_7p5_Ll_mc_AKGC417L_win004.wav,normal
204_7p5_Lr_mc_AKGC417L_win000.wav,normal
204_7p5_Lr_mc_AKGC417L_win001.wav,normal
204_7p5_Lr_mc_AKGC417L_win002.wav,normal
204_7p5_Lr_mc_AKGC417L_win003.wav,normal
204_7p5_Lr_mc_AKGC417L_win004.wav,normal
204_7p5_Pr_mc_AKGC417L_win000.wav,normal
204_7p5_Pr_mc_AKGC417L_win001.wav,normal
204_7p5_Pr_mc_AKGC417L_win002.wav,normal
204_7p5_Pr_mc_AKGC417L_win003.wav,normal
204_7p5_Pr_mc_AKGC417L_win004.wav,normal
204_7p5_Tc_mc_AKGC417L_win000.wav,normal
204_7p5_Tc_mc_AKGC417L_win001.wav,normal
204_7p5_Tc_mc_AKGC417L_win002.wav,normal
204_7p5_Tc_mc_AKGC417L_win003.wav,normal
204_7p5_Tc_mc_AKGC417L_win004.wav,normal
205_1b3_Al_mc_AKGC417L_win000.wav,normal
205_1b3_Al_mc_AKGC417L_win001.wav,normal
205_1b3_Al_mc_AKGC417L_win002.wav,normal
205_1b3_Al_mc_AKGC417L_win003.wav,crackle
205_1b3_Al_mc_AKGC417L_win004.wav,normal
205_1b3_Ar_mc_AKGC417L_win000.wav,crackle
205_1b3_Ar_mc_AKGC417L_win001.wav,crackle
205_1b3_Ar_mc_AKGC417L_win002.wav,crackle
205_1b3_Ar_mc_AKGC417L_win003.wav,crackle
205_1b3_Ar_mc_AKGC417L_win004.wav,crackle
205_1b3_Ll_mc_AKGC417L_win000.wav,normal
205_1b3_Ll_mc_AKGC417L_win001.wav,crackle
205_1b3_Ll_mc_AKGC417L_win002.wav,crackle
205_1b3_Ll_mc_AKGC417L_win003.wav,crackle
205_1b3_Ll_mc_AKGC417L_win004.wav,crackle
205_1b3_Lr_mc_AKGC417L_win000.wav,normal
205_1b3_Lr_mc_AKGC417L_win001.wav,crackle
205_1b3_Lr_mc_AKGC417L_win002.wav,normal
205_1b3_Lr_mc_AKGC417L_win003.wav,normal
205_1b3_Lr_mc_AKGC417L_win004.wav,normal
205_1b3_Pl_mc_AKGC417L_win000.wav,normal
205_1b3_Pl_mc_AKGC417L_win001.wav,crackle
205_1b3_Pl_mc_AKGC417L_win002.wav,crackle
205_1b3_Pl_mc_AKGC417L_win003.wav,crackle
205_1b3_Pl_mc_AKGC417L_win004.wav,crackle
205_1b3_Pr_mc_AKGC417L_win000.wav,crackle
205_1b3_Pr_mc_AKGC417L_win001.wav,crackle
205_1b3_Pr_mc_AKGC417L_win002.wav,crackle
205_1b3_Pr_mc_AKGC417L_win003.wav,crackle
205_1b3_Pr_mc_AKGC417L_win004.wav,crackle
205_2b2_Pr_mc_AKGC417L_win000.wav,normal
205_2b2_Pr_mc_AKGC417L_win001.wav,normal
205_2b2_Pr_mc_AKGC417L_win002.wav,normal
205_2b2_Pr_mc_AKGC417L_win003.wav,normal
205_2b2_Pr_mc_AKGC417L_win004.wav,normal
205_2b3_Al_mc_AKGC417L_win000.wav,normal
205_2b3_Al_mc_AKGC417L_win001.wav,normal
205_2b3_Al_mc_AKGC417L_win002.wav,crackle
205_2b3_Al_mc_AKGC417L_win003.wav,crackle
205_2b3_Al_mc_AKGC417L_win004.wav,normal
205_2b3_Ar_mc_AKGC417L_win000.wav,crackle
205_2b3_Ar_mc_AKGC417L_win001.wav,crackle
205_2b3_Ar_mc_AKGC417L_win002.wav,crackle
205_2b3_Ar_mc_AKGC417L_win003.wav,crackle
205_2b3_Ar_mc_AKGC417L_win004.wav,normal
205_2b3_Ll_mc_AKGC417L_win000.wav,crackle
205_2b3_Ll_mc_AKGC417L_win001.wav,crackle
205_2b3_Ll_mc_AKGC417L_win002.wav,crackle
205_2b3_Ll_mc_AKGC417L_win003.wav,crackle
205_2b3_Ll_mc_AKGC417L_win004.wav,normal
205_2b4_Pl_mc_AKGC417L_win000.wav,crackle
205_2b4_Pl_mc_AKGC417L_win001.wav,crackle
205_2b4_Pl_mc_AKGC417L_win002.wav,crackle
205_2b4_Pl_mc_AKGC417L_win003.wav,crackle
205_2b4_Pl_mc_AKGC417L_win004.wav,crackle
205_3b4_Al_mc_AKGC417L_win000.wav,crackle
205_3b4_Al_mc_AKGC417L_win001.wav,crackle
205_3b4_Al_mc_AKGC417L_win002.wav,normal
205_3b4_Al_mc_AKGC417L_win003.wav,crackle
205_3b4_Al_mc_AKGC417L_win004.wav,crackle
205_3b4_Ar_mc_AKGC417L_win000.wav,normal
205_3b4_Ar_mc_AKGC417L_win001.wav,normal
205_3b4_Ar_mc_AKGC417L_win002.wav,normal
205_3b4_Ar_mc_AKGC417L_win003.wav,crackle
205_3b4_Ar_mc_AKGC417L_win004.wav,normal
205_3b4_Pl_mc_AKGC417L_win000.wav,normal
205_3b4_Pl_mc_AKGC417L_win001.wav,normal
205_3b4_Pl_mc_AKGC417L_win002.wav,crackle
205_3b4_Pl_mc_AKGC417L_win003.wav,normal
205_3b4_Pl_mc_AKGC417L_win004.wav,crackle
205_3b4_Pr_mc_AKGC417L_win000.wav,normal
205_3b4_Pr_mc_AKGC417L_win001.wav,normal
205_3b4_Pr_mc_AKGC417L_win002.wav,normal
205_3b4_Pr_mc_AKGC417L_win003.wav,normal
205_3b4_Pr_mc_AKGC417L_win004.wav,normal
205_4b2_Al_mc_AKGC417L_win000.wav,crackle
205_4b2_Al_mc_AKGC417L_win001.wav,crackle
205_4b2_Al_mc_AKGC417L_win002.wav,crackle
205_4b2_Al_mc_AKGC417L_win003.wav,crackle
205_4b2_Al_mc_AKGC417L_win004.wav,crackle
205_4b2_Ar_mc_AKGC417L_win000.wav,crackle
205_4b2_Ar_mc_AKGC417L_win001.wav,crackle
205_4b2_Ar_mc_AKGC417L_win002.wav,crackle
205_4b2_Ar_mc_AKGC417L_win003.wav,normal
205_4b2_Ar_mc_AKGC417L_win004.wav,crackle
205_4b2_Lr_mc_AKGC417L_win000.wav,crackle
205_4b2_Lr_mc_AKGC417L_win001.wav,normal
205_4b2_Lr_mc_AKGC417L_win002.wav,normal
205_4b2_Lr_mc_AKGC417L_win003.wav,normal
205_4b2_Lr_mc_AKGC417L_win004.wav,normal
205_4b2_Pl_mc_AKGC417L_win000.wav,normal
205_4b2_Pl_mc_AKGC417L_win001.wav,normal
205_4b2_Pl_mc_AKGC417L_win002.wav,normal
205_4b2_Pl_mc_AKGC417L_win003.wav,normal
205_4b2_Pl_mc_AKGC417L_win004.wav,normal
205_4b2_Pr_mc_AKGC417L_win000.wav,normal
205_4b2_Pr_mc_AKGC417L_win001.wav,crackle
205_4b2_Pr_mc_AKGC417L_win002.wav,normal
205_4b2_Pr_mc_AKGC417L_win003.wav,crackle
205_4b2_Pr_mc_AKGC417L_win004.wav,crackle
206_1b1_Ar_sc_Meditron_win000.wav,wheeze
206_1b1_Ar_sc_Meditron_win001.wav,wheeze
206_1b1_Ar_sc_Meditron_win002.wav,both
206_1b1_Ar_sc_Meditron_win003.wav,wheeze
206_1b1_Ar_sc_Meditron_win004.wav,wheeze
206_1b1_Lr_sc_Meditron_win000.wav,wheeze
206_1b1_Lr_sc_Meditron_win001.wav,wheeze
206_1b1_Lr_sc_Meditron_win002.wav,wheeze
206_1b1_Lr_sc_Meditron_win003.wav,wheeze
206_1b1_Lr_sc_Meditron_win004.wav,wheeze
206_1b1_Pl_sc_Meditron_win000.wav,wheeze
206_1b1_Pl_sc_Meditron_win001.wav,wheeze
206_1b1_Pl_sc_Meditron_win002.wav,wheeze
206_1b1_Pl_sc_Meditron_win003.wav,wheeze
206_1b1_Pl_sc_Meditron_win004.wav,wheeze
207_2b2_Al_mc_AKGC417L_win000.wav,normal
207_2b2_Al_mc_AKGC417L_win001.wav,normal
207_2b2_Al_mc_AKGC417L_win002.wav,normal
207_2b2_Al_mc_AKGC417L_win003.wav,normal
207_2b2_Al_mc_AKGC417L_win004.wav,normal
207_2b2_Ar_mc_AKGC417L_win000.wav,normal
207_2b2_Ar_mc_AKGC417L_win001.wav,normal
207_2b2_Ar_mc_AKGC417L_win002.wav,normal
207_2b2_Ar_mc_AKGC417L_win003.wav,normal
207_2b2_Ar_mc_AKGC417L_win004.wav,normal
207_2b2_Pl_mc_AKGC417L_win000.wav,crackle
207_2b2_Pl_mc_AKGC417L_win001.wav,normal
207_2b2_Pl_mc_AKGC417L_win002.wav,crackle
207_2b2_Pl_mc_AKGC417L_win003.wav,normal
207_2b2_Pl_mc_AKGC417L_win004.wav,normal
207_2b2_Pr_mc_AKGC417L_win000.wav,normal
207_2b2_Pr_mc_AKGC417L_win001.wav,normal
207_2b2_Pr_mc_AKGC417L_win002.wav,normal
207_2b2_Pr_mc_AKGC417L_win003.wav,normal
207_2b2_Pr_mc_AKGC417L_win004.wav,normal
207_2b2_Tc_mc_AKGC417L_win000.wav,normal
207_2b2_Tc_mc_AKGC417L_win001.wav,normal
207_2b2_Tc_mc_AKGC417L_win002.wav,normal
207_2b2_Tc_mc_AKGC417L_win003.wav,normal
207_2b2_Tc_mc_AKGC417L_win004.wav,normal
207_2b3_Al_mc_AKGC417L_win000.wav,normal
207_2b3_Al_mc_AKGC417L_win001.wav,crackle
207_2b3_Al_mc_AKGC417L_win002.wav,crackle
207_2b3_Al_mc_AKGC417L_win003.wav,normal
207_2b3_Al_mc_AKGC417L_win004.wav,normal
207_2b3_Ar_mc_AKGC417L_win000.wav,normal
207_2b3_Ar_mc_AKGC417L_win001.wav,normal
207_2b3_Ar_mc_AKGC417L_win002.wav,crackle
207_2b3_Ar_mc_AKGC417L_win003.wav,normal
207_2b3_Ar_mc_AKGC417L_win004.wav,normal
207_2b3_Pl_mc_AKGC417L_win000.wav,normal
207_2b3_Pl_mc_AKGC417L_win001.wav,normal
207_2b3_Pl_mc_AKGC417L_win002.wav,crackle
207_2b3_Pl_mc_AKGC417L_win003.wav,crackle
207_2b3_Pl_mc_AKGC417L_win004.wav,crackle
207_2b3_Pr_mc_AKGC417L_win000.wav,normal
207_2b3_Pr_mc_AKGC417L_win001.wav,normal
207_2b3_Pr_mc_AKGC417L_win002.wav,normal
207_2b3_Pr_mc_AKGC417L_win003.wav,normal
207_2b3_Pr_mc_AKGC417L_win004.wav,normal
207_2b3_Tc_mc_AKGC417L_win000.wav,normal
207_2b3_Tc_mc_AKGC417L_win001.wav,normal
207_2b3_Tc_mc_AKGC417L_win002.wav,normal
207_2b3_Tc_mc_AKGC417L_win003.wav,normal
207_2b3_Tc_mc_AKGC417L_win004.wav,normal
207_2b4_Al_mc_AKGC417L_win000.wav,crackle
207_2b4_Al_mc_AKGC417L_win001.wav,crackle
207_2b4_Al_mc_AKGC417L_win002.wav,crackle
207_2b4_Al_mc_AKGC417L_win003.wav,crackle
207_2b4_Al_mc_AKGC417L_win004.wav,crackle
207_2b4_Ar_mc_AKGC417L_win000.wav,crackle
207_2b4_Ar_mc_AKGC417L_win001.wav,crackle
207_2b4_Ar_mc_AKGC417L_win002.wav,crackle
207_2b4_Ar_mc_AKGC417L_win003.wav,crackle
207_2b4_Ar_mc_AKGC417L_win004.wav,crackle
207_2b4_Pl_mc_AKGC417L_win000.wav,normal
207_2b4_Pl_mc_AKGC417L_win001.wav,normal
207_2b4_Pl_mc_AKGC417L_win002.wav,crackle
207_2b4_Pl_mc_AKGC417L_win003.wav,crackle
207_2b4_Pl_mc_AKGC417L_win004.wav,crackle
207_2b4_Pr_mc_AKGC417L_win000.wav,normal
207_2b4_Pr_mc_AKGC417L_win001.wav,crackle
207_2b4_Pr_mc_AKGC417L_win002.wav,crackle
207_2b4_Pr_mc_AKGC417L_win003.wav,crackle
207_2b4_Pr_mc_AKGC417L_win004.wav,normal
207_2b4_Tc_mc_AKGC417L_win000.wav,normal
207_2b4_Tc_mc_AKGC417L_win001.wav,normal
207_2b4_Tc_mc_AKGC417L_win002.wav,wheeze
207_2b4_Tc_mc_AKGC417L_win003.wav,normal
207_2b4_Tc_mc_AKGC417L_win004.wav,normal
207_3b2_Al_mc_AKGC417L_win000.wav,normal
207_3b2_Al_mc_AKGC417L_win001.wav,normal
207_3b2_Al_mc_AKGC417L_win002.wav,normal
207_3b2_Al_mc_AKGC417L_win003.wav,normal
207_3b2_Al_mc_AKGC417L_win004.wav,normal
207_3b2_Ar_mc_AKGC417L_win000.wav,normal
207_3b2_Ar_mc_AKGC417L_win001.wav,normal
207_3b2_Ar_mc_AKGC417L_win002.wav,normal
207_3b2_Ar_mc_AKGC417L_win003.wav,normal
207_3b2_Ar_mc_AKGC417L_win004.wav,normal
207_3b2_Lr_mc_AKGC417L_win000.wav,normal
207_3b2_Lr_mc_AKGC417L_win001.wav,normal
207_3b2_Lr_mc_AKGC417L_win002.wav,normal
207_3b2_Lr_mc_AKGC417L_win003.wav,normal
207_3b2_Lr_mc_AKGC417L_win004.wav,normal
207_3b2_Pl_mc_AKGC417L_win000.wav,normal
207_3b2_Pl_mc_AKGC417L_win001.wav,normal
207_3b2_Pl_mc_AKGC417L_win002.wav,normal
207_3b2_Pl_mc_AKGC417L_win003.wav,normal
207_3b2_Pl_mc_AKGC417L_win004.wav,normal
207_3b2_Pr_mc_AKGC417L_win000.wav,normal
207_3b2_Pr_mc_AKGC417L_win001.wav,normal
207_3b2_Pr_mc_AKGC417L_win002.wav,normal
207_3b2_Pr_mc_AKGC417L_win003.wav,normal
207_3b2_Pr_mc_AKGC417L_win004.wav,normal
207_3b2_Tc_mc_AKGC417L_win000.wav,normal
207_3b2_Tc_mc_AKGC417L_win001.wav,normal
207_3b2_Tc_mc_AKGC417L_win002.wav,normal
207_3b2_Tc_mc_AKGC417L_win003.wav,normal
207_3b2_Tc_mc_AKGC417L_win004.wav,normal
208_1b1_Ll_sc_Meditron_win000.wav,normal
208_1b1_Ll_sc_Meditron_win001.wav,normal
208_1b1_Ll_sc_Meditron_win002.wav,normal
208_1b1_Ll_sc_Meditron_win003.wav,normal
208_1b1_Ll_sc_Meditron_win004.wav,normal
209_1b1_Tc_sc_Meditron_win000.wav,normal
209_1b1_Tc_sc_Meditron_win001.wav,normal
209_1b1_Tc_sc_Meditron_win002.wav,normal
209_1b1_Tc_sc_Meditron_win003.wav,normal
209_1b1_Tc_sc_Meditron_win004.wav,normal
210_1b1_Al_sc_Meditron_win000.wav,normal
210_1b1_Al_sc_Meditron_win001.wav,normal
210_1b1_Al_sc_Meditron_win002.wav,crackle
210_1b1_Al_sc_Meditron_win003.wav,normal
210_1b1_Al_sc_Meditron_win004.wav,normal
210_1b1_Ar_sc_Meditron_win000.wav,normal
210_1b1_Ar_sc_Meditron_win001.wav,normal
210_1b1_Ar_sc_Meditron_win002.wav,crackle
210_1b1_Ar_sc_Meditron_win003.wav,normal
210_1b1_Ar_sc_Meditron_win004.wav,normal
211_1p2_Ar_mc_AKGC417L_win000.wav,wheeze
211_1p2_Ar_mc_AKGC417L_win001.wav,normal
211_1p2_Ar_mc_AKGC417L_win002.wav,normal
211_1p2_Ar_mc_AKGC417L_win003.wav,normal
211_1p2_Ar_mc_AKGC417L_win004.wav,normal
211_1p2_Pl_mc_AKGC417L_win000.wav,normal
211_1p2_Pl_mc_AKGC417L_win001.wav,normal
211_1p2_Pl_mc_AKGC417L_win002.wav,normal
211_1p2_Pl_mc_AKGC417L_win003.wav,normal
211_1p2_Pl_mc_AKGC417L_win004.wav,normal
211_1p2_Pr_mc_AKGC417L_win000.wav,both
211_1p2_Pr_mc_AKGC417L_win001.wav,both
211_1p2_Pr_mc_AKGC417L_win002.wav,both
211_1p2_Pr_mc_AKGC417L_win003.wav,both
211_1p2_Pr_mc_AKGC417L_win004.wav,both
211_1p3_Ar_mc_AKGC417L_win000.wav,normal
211_1p3_Ar_mc_AKGC417L_win001.wav,normal
211_1p3_Ar_mc_AKGC417L_win002.wav,normal
211_1p3_Ar_mc_AKGC417L_win003.wav,normal
211_1p3_Ar_mc_AKGC417L_win004.wav,normal
211_1p5_Ar_mc_AKGC417L_win000.wav,normal
211_1p5_Ar_mc_AKGC417L_win001.wav,normal
211_1p5_Ar_mc_AKGC417L_win002.wav,normal
211_1p5_Ar_mc_AKGC417L_win003.wav,normal
211_1p5_Ar_mc_AKGC417L_win004.wav,normal
211_2p2_Tc_mc_AKGC417L_win000.wav,normal
211_2p2_Tc_mc_AKGC417L_win001.wav,normal
211_2p2_Tc_mc_AKGC417L_win002.wav,normal
211_2p2_Tc_mc_AKGC417L_win003.wav,normal
211_2p2_Tc_mc_AKGC417L_win004.wav,normal
211_2p3_Tc_mc_AKGC417L_win000.wav,normal
211_2p3_Tc_mc_AKGC417L_win001.wav,normal
211_2p3_Tc_mc_AKGC417L_win002.wav,normal
211_2p3_Tc_mc_AKGC417L_win003.wav,normal
211_2p3_Tc_mc_AKGC417L_win004.wav,normal
211_2p4_Tc_mc_AKGC417L_win000.wav,normal
211_2p4_Tc_mc_AKGC417L_win001.wav,normal
211_2p4_Tc_mc_AKGC417L_win002.wav,normal
211_2p4_Tc_mc_AKGC417L_win003.wav,normal
211_2p4_Tc_mc_AKGC417L_win004.wav,normal
212_2b2_Tc_mc_LittC2SE_win000.wav,crackle
212_2b2_Tc_mc_LittC2SE_win001.wav,normal
212_2b2_Tc_mc_LittC2SE_win002.wav,crackle
212_2b2_Tc_mc_LittC2SE_win003.wav,normal
212_2b2_Tc_mc_LittC2SE_win004.wav,normal
213_1p2_Al_mc_AKGC417L_win000.wav,normal
213_1p2_Al_mc_AKGC417L_win001.wav,normal
213_1p2_Al_mc_AKGC417L_win002.wav,normal
213_1p2_Al_mc_AKGC417L_win003.wav,normal
213_1p2_Al_mc_AKGC417L_win004.wav,normal
213_1p2_Ar_mc_AKGC417L_win000.wav,normal
213_1p2_Ar_mc_AKGC417L_win001.wav,normal
213_1p2_Ar_mc_AKGC417L_win002.wav,normal
213_1p2_Ar_mc_AKGC417L_win003.wav,normal
213_1p2_Ar_mc_AKGC417L_win004.wav,normal
213_1p2_Lr_mc_AKGC417L_win000.wav,normal
213_1p2_Lr_mc_AKGC417L_win001.wav,normal
213_1p2_Lr_mc_AKGC417L_win002.wav,normal
213_1p2_Lr_mc_AKGC417L_win003.wav,normal
213_1p2_Lr_mc_AKGC417L_win004.wav,normal
213_1p2_Pl_mc_AKGC417L_win000.wav,normal
213_1p2_Pl_mc_AKGC417L_win001.wav,normal
213_1p2_Pl_mc_AKGC417L_win002.wav,crackle
213_1p2_Pl_mc_AKGC417L_win003.wav,crackle
213_1p2_Pl_mc_AKGC417L_win004.wav,crackle
213_1p2_Pr_mc_AKGC417L_win000.wav,normal
213_1p2_Pr_mc_AKGC417L_win001.wav,crackle
213_1p2_Pr_mc_AKGC417L_win002.wav,crackle
213_1p2_Pr_mc_AKGC417L_win003.wav,crackle
213_1p2_Pr_mc_AKGC417L_win004.wav,crackle
213_1p2_Tc_mc_AKGC417L_win000.wav,normal
213_1p2_Tc_mc_AKGC417L_win001.wav,normal
213_1p2_Tc_mc_AKGC417L_win002.wav,normal
213_1p2_Tc_mc_AKGC417L_win003.wav,normal
213_1p2_Tc_mc_AKGC417L_win004.wav,normal
213_1p3_Al_mc_AKGC417L_win000.wav,normal
213_1p3_Al_mc_AKGC417L_win001.wav,normal
213_1p3_Al_mc_AKGC417L_win002.wav,normal
213_1p3_Al_mc_AKGC417L_win003.wav,normal
213_1p3_Al_mc_AKGC417L_win004.wav,normal
213_1p3_Ar_mc_AKGC417L_win000.wav,normal
213_1p3_Ar_mc_AKGC417L_win001.wav,normal
213_1p3_Ar_mc_AKGC417L_win002.wav,normal
213_1p3_Ar_mc_AKGC417L_win003.wav,normal
213_1p3_Ar_mc_AKGC417L_win004.wav,normal
213_1p3_Pl_mc_AKGC417L_win000.wav,normal
213_1p3_Pl_mc_AKGC417L_win001.wav,normal
213_1p3_Pl_mc_AKGC417L_win002.wav,normal
213_1p3_Pl_mc_AKGC417L_win003.wav,normal
213_1p3_Pl_mc_AKGC417L_win004.wav,normal
213_1p3_Pr_mc_AKGC417L_win000.wav,normal
213_1p3_Pr_mc_AKGC417L_win001.wav,normal
213_1p3_Pr_mc_AKGC417L_win002.wav,normal
213_1p3_Pr_mc_AKGC417L_win003.wav,normal
213_1p3_Pr_mc_AKGC417L_win004.wav,normal
213_1p5_Al_mc_AKGC417L_win000.wav,normal
213_1p5_Al_mc_AKGC417L_win001.wav,normal
213_1p5_Al_mc_AKGC417L_win002.wav,normal
213_1p5_Al_mc_AKGC417L_win003.wav,normal
213_1p5_Al_mc_AKGC417L_win004.wav,normal
213_1p5_Ar_mc_AKGC417L_win000.wav,normal
213_1p5_Ar_mc_AKGC417L_win001.wav,normal
213_1p5_Ar_mc_AKGC417L_win002.wav,normal
213_1p5_Ar_mc_AKGC417L_win003.wav,normal
213_1p5_Ar_mc_AKGC417L_win004.wav,normal
213_1p5_Pl_mc_AKGC417L_win000.wav,normal
213_1p5_Pl_mc_AKGC417L_win001.wav,normal
213_1p5_Pl_mc_AKGC417L_win002.wav,crackle
213_1p5_Pl_mc_AKGC417L_win003.wav,normal
213_1p5_Pl_mc_AKGC417L_win004.wav,normal
213_1p5_Pr_mc_AKGC417L_win000.wav,normal
213_1p5_Pr_mc_AKGC417L_win001.wav,normal
213_1p5_Pr_mc_AKGC417L_win002.wav,crackle
213_1p5_Pr_mc_AKGC417L_win003.wav,normal
213_1p5_Pr_mc_AKGC417L_win004.wav,crackle
213_1p5_Tc_mc_AKGC417L_win000.wav,normal
213_1p5_Tc_mc_AKGC417L_win001.wav,normal
213_1p5_Tc_mc_AKGC417L_win002.wav,normal
213_1p5_Tc_mc_AKGC417L_win003.wav,normal
213_1p5_Tc_mc_AKGC417L_win004.wav,normal
213_2p2_Al_mc_AKGC417L_win000.wav,normal
213_2p2_Al_mc_AKGC417L_win001.wav,normal
213_2p2_Al_mc_AKGC417L_win002.wav,normal
213_2p2_Al_mc_AKGC417L_win003.wav,normal
213_2p2_Al_mc_AKGC417L_win004.wav,normal
213_2p2_Ar_mc_AKGC417L_win000.wav,crackle
213_2p2_Ar_mc_AKGC417L_win001.wav,normal
213_2p2_Ar_mc_AKGC417L_win002.wav,normal
213_2p2_Ar_mc_AKGC417L_win003.wav,normal
213_2p2_Ar_mc_AKGC417L_win004.wav,normal
213_2p2_Pl_mc_AKGC417L_win000.wav,crackle
213_2p2_Pl_mc_AKGC417L_win001.wav,crackle
213_2p2_Pl_mc_AKGC417L_win002.wav,normal
213_2p2_Pl_mc_AKGC417L_win003.wav,crackle
213_2p2_Pl_mc_AKGC417L_win004.wav,crackle
213_2p2_Pr_mc_AKGC417L_win000.wav,normal
213_2p2_Pr_mc_AKGC417L_win001.wav,normal
213_2p2_Pr_mc_AKGC417L_win002.wav,normal
213_2p2_Pr_mc_AKGC417L_win003.wav,crackle
213_2p2_Pr_mc_AKGC417L_win004.wav,crackle
213_2p2_Tc_mc_AKGC417L_win000.wav,normal
213_2p2_Tc_mc_AKGC417L_win001.wav,normal
213_2p2_Tc_mc_AKGC417L_win002.wav,normal
213_2p2_Tc_mc_AKGC417L_win003.wav,normal
213_2p2_Tc_mc_AKGC417L_win004.wav,normal
214_1b1_Ar_sc_Meditron_win000.wav,normal
214_1b1_Ar_sc_Meditron_win001.wav,normal
214_1b1_Ar_sc_Meditron_win002.wav,normal
214_1b1_Ar_sc_Meditron_win003.wav,normal
214_1b1_Ar_sc_Meditron_win004.wav,normal
215_1b2_Ar_sc_Meditron_win000.wav,wheeze
215_1b2_Ar_sc_Meditron_win001.wav,wheeze
215_1b2_Ar_sc_Meditron_win002.wav,wheeze
215_1b2_Ar_sc_Meditron_win003.wav,wheeze
215_1b2_Ar_sc_Meditron_win004.wav,wheeze
215_1b2_Ar_sc_Meditron_win005.wav,normal
215_1b3_Tc_sc_Meditron_win000.wav,normal
215_1b3_Tc_sc_Meditron_win001.wav,normal
215_1b3_Tc_sc_Meditron_win002.wav,normal
215_1b3_Tc_sc_Meditron_win003.wav,normal
215_1b3_Tc_sc_Meditron_win004.wav,normal
215_1b3_Tc_sc_Meditron_win005.wav,normal
216_1b1_Al_sc_Meditron_win000.wav,crackle
216_1b1_Al_sc_Meditron_win001.wav,crackle
216_1b1_Al_sc_Meditron_win002.wav,normal
216_1b1_Al_sc_Meditron_win003.wav,normal
216_1b1_Al_sc_Meditron_win004.wav,normal
216_1b1_Pl_sc_Meditron_win000.wav,wheeze
216_1b1_Pl_sc_Meditron_win001.wav,wheeze
216_1b1_Pl_sc_Meditron_win002.wav,wheeze
216_1b1_Pl_sc_Meditron_win003.wav,wheeze
216_1b1_Pl_sc_Meditron_win004.wav,wheeze
217_1b1_Tc_sc_Meditron_win000.wav,normal
217_1b1_Tc_sc_Meditron_win001.wav,normal
217_1b1_Tc_sc_Meditron_win002.wav,normal
217_1b1_Tc_sc_Meditron_win003.wav,normal
217_1b1_Tc_sc_Meditron_win004.wav,normal
218_1b1_Al_sc_Meditron_win000.wav,normal
218_1b1_Al_sc_Meditron_win001.wav,normal
218_1b1_Al_sc_Meditron_win002.wav,normal
218_1b1_Al_sc_Meditron_win003.wav,normal
218_1b1_Al_sc_Meditron_win004.wav,both
218_1b1_Al_sc_Meditron_win005.wav,crackle
218_1b1_Al_sc_Meditron_win006.wav,crackle
218_1b1_Al_sc_Meditron_win007.wav,crackle
218_1b1_Al_sc_Meditron_win008.wav,both
218_1b1_Al_sc_Meditron_win009.wav,wheeze
218_1b1_Al_sc_Meditron_win010.wav,both
218_1b1_Al_sc_Meditron_win011.wav,both
218_1b1_Al_sc_Meditron_win012.wav,both
218_1b1_Al_sc_Meditron_win013.wav,wheeze
218_1b1_Al_sc_Meditron_win014.wav,wheeze
218_1b1_Al_sc_Meditron_win015.wav,wheeze
218_1b1_Al_sc_Meditron_win016.wav,both
218_1b1_Al_sc_Meditron_win017.wav,wheeze
218_1b1_Ar_sc_Meditron_win000.wav,both
218_1b1_Ar_sc_Meditron_win001.wav,both
218_1b1_Ar_sc_Meditron_win002.wav,both
218_1b1_Ar_sc_Meditron_win003.wav,normal
218_1b1_Ar_sc_Meditron_win004.wav,both
218_1b1_Ar_sc_Meditron_win005.wav,both
218_1b1_Ar_sc_Meditron_win006.wav,both
218_1b1_Ar_sc_Meditron_win007.wav,crackle
218_1b1_Ar_sc_Meditron_win008.wav,crackle
218_1b1_Ar_sc_Meditron_win009.wav,wheeze
218_1b1_Ar_sc_Meditron_win010.wav,both
218_1b1_Ar_sc_Meditron_win011.wav,both
218_1b1_Ar_sc_Meditron_win012.wav,both
218_1b1_Ar_sc_Meditron_win013.wav,wheeze
218_1b1_Ar_sc_Meditron_win014.wav,both
218_1b1_Ar_sc_Meditron_win015.wav,wheeze
218_1b1_Ar_sc_Meditron_win016.wav,wheeze
218_1b1_Ar_sc_Meditron_win017.wav,normal
218_1b1_Lr_sc_Meditron_win000.wav,normal
218_1b1_Lr_sc_Meditron_win001.wav,crackle
218_1b1_Lr_sc_Meditron_win002.wav,crackle
218_1b1_Lr_sc_Meditron_win003.wav,crackle
218_1b1_Lr_sc_Meditron_win004.wav,crackle
218_1b1_Lr_sc_Meditron_win005.wav,crackle
218_1b1_Lr_sc_Meditron_win006.wav,crackle
218_1b1_Lr_sc_Meditron_win007.wav,crackle
218_1b1_Lr_sc_Meditron_win008.wav,crackle
218_1b1_Lr_sc_Meditron_win009.wav,normal
218_1b1_Lr_sc_Meditron_win010.wav,normal
218_1b1_Lr_sc_Meditron_win011.wav,crackle
218_1b1_Lr_sc_Meditron_win012.wav,crackle
218_1b1_Lr_sc_Meditron_win013.wav,both
218_1b1_Lr_sc_Meditron_win014.wav,both
218_1b1_Lr_sc_Meditron_win015.wav,both
218_1b1_Lr_sc_Meditron_win016.wav,wheeze
218_1b1_Lr_sc_Meditron_win017.wav,wheeze
218_1b1_Lr_sc_Meditron_win018.wav,wheeze
218_1b1_Lr_sc_Meditron_win019.wav,both
218_1b1_Lr_sc_Meditron_win020.wav,normal
218_1b1_Pl_sc_Meditron_win000.wav,crackle
218_1b1_Pl_sc_Meditron_win001.wav,crackle
218_1b1_Pl_sc_Meditron_win002.wav,crackle
218_1b1_Pl_sc_Meditron_win003.wav,crackle
218_1b1_Pl_sc_Meditron_win004.wav,crackle
218_1b1_Pl_sc_Meditron_win005.wav,crackle
218_1b1_Pl_sc_Meditron_win006.wav,crackle
218_1b1_Pl_sc_Meditron_win007.wav,crackle
218_1b1_Pl_sc_Meditron_win008.wav,both
218_1b1_Pl_sc_Meditron_win009.wav,both
218_1b1_Pl_sc_Meditron_win010.wav,both
218_1b1_Pl_sc_Meditron_win011.wav,both
218_1b1_Pl_sc_Meditron_win012.wav,both
218_1b1_Pl_sc_Meditron_win013.wav,wheeze
218_1b1_Pl_sc_Meditron_win014.wav,wheeze
218_1b1_Pl_sc_Meditron_win015.wav,wheeze
218_1b1_Pl_sc_Meditron_win016.wav,normal
218_1b1_Pl_sc_Meditron_win017.wav,normal
218_1b1_Pr_sc_Meditron_win000.wav,both
218_1b1_Pr_sc_Meditron_win001.wav,both
218_1b1_Pr_sc_Meditron_win002.wav,both
218_1b1_Pr_sc_Meditron_win003.wav,crackle
218_1b1_Pr_sc_Meditron_win004.wav,both
218_1b1_Pr_sc_Meditron_win005.wav,both
218_1b1_Pr_sc_Meditron_win006.wav,both
218_1b1_Pr_sc_Meditron_win007.wav,both
218_1b1_Pr_sc_Meditron_win008.wav,both
218_1b1_Pr_sc_Meditron_win009.wav,both
218_1b1_Pr_sc_Meditron_win010.wav,both
218_1b1_Pr_sc_Meditron_win011.wav,both
218_1b1_Pr_sc_Meditron_win012.wav,both
218_1b1_Pr_sc_Meditron_win013.wav,both
218_1b1_Pr_sc_Meditron_win014.wav,both
218_1b1_Pr_sc_Meditron_win015.wav,wheeze
218_1b1_Pr_sc_Meditron_win016.wav,normal
218_1b1_Pr_sc_Meditron_win017.wav,normal
218_1p1_Ar_sc_Litt3200_win000.wav,normal
218_1p1_Ar_sc_Litt3200_win001.wav,normal
218_1p1_Ar_sc_Litt3200_win002.wav,normal
218_1p1_Ar_sc_Litt3200_win003.wav,wheeze
218_1p1_Ar_sc_Litt3200_win004.wav,both
218_1p1_Ar_sc_Litt3200_win005.wav,wheeze
218_1p1_Ar_sc_Litt3200_win006.wav,wheeze
218_1p1_Ar_sc_Litt3200_win007.wav,wheeze
218_1p1_Pl_sc_Litt3200_win000.wav,crackle
218_1p1_Pl_sc_Litt3200_win001.wav,crackle
218_1p1_Pl_sc_Litt3200_win002.wav,both
218_1p1_Pl_sc_Litt3200_win003.wav,both
218_1p1_Pl_sc_Litt3200_win004.wav,both
218_1p1_Pl_sc_Litt3200_win005.wav,wheeze
218_1p1_Pl_sc_Litt3200_win006.wav,both
218_1p1_Pl_sc_Litt3200_win007.wav,wheeze
218_1p1_Pr_sc_Litt3200_win000.wav,crackle
218_1p1_Pr_sc_Litt3200_win001.wav,crackle
218_1p1_Pr_sc_Litt3200_win002.wav,both
218_1p1_Pr_sc_Litt3200_win003.wav,both
218_1p1_Pr_sc_Litt3200_win004.wav,wheeze
218_1p1_Pr_sc_Litt3200_win005.wav,both
218_1p1_Pr_sc_Litt3200_win006.wav,both
218_1p1_Pr_sc_Litt3200_win007.wav,wheeze
219_2b1_Ar_mc_LittC2SE_win000.wav,normal
219_2b1_Ar_mc_LittC2SE_win001.wav,normal
219_2b1_Ar_mc_LittC2SE_win002.wav,normal
219_2b1_Ar_mc_LittC2SE_win003.wav,normal
219_2b1_Ar_mc_LittC2SE_win004.wav,normal
219_2b1_Tc_mc_LittC2SE_win000.wav,normal
219_2b1_Tc_mc_LittC2SE_win001.wav,normal
219_2b1_Tc_mc_LittC2SE_win002.wav,normal
219_2b1_Tc_mc_LittC2SE_win003.wav,normal
219_2b1_Tc_mc_LittC2SE_win004.wav,normal
219_2b2_Ar_mc_LittC2SE_win000.wav,normal
219_2b2_Ar_mc_LittC2SE_win001.wav,normal
219_2b2_Ar_mc_LittC2SE_win002.wav,crackle
219_2b2_Ar_mc_LittC2SE_win003.wav,normal
219_2b2_Ar_mc_LittC2SE_win004.wav,normal
219_2b2_Tc_mc_LittC2SE_win000.wav,normal
219_2b2_Tc_mc_LittC2SE_win001.wav,normal
219_2b2_Tc_mc_LittC2SE_win002.wav,normal
219_2b2_Tc_mc_LittC2SE_win003.wav,normal
219_2b2_Tc_mc_LittC2SE_win004.wav,normal
219_2b3_Tc_mc_LittC2SE_win000.wav,normal
219_2b3_Tc_mc_LittC2SE_win001.wav,normal
219_2b3_Tc_mc_LittC2SE_win002.wav,normal
219_2b3_Tc_mc_LittC2SE_win003.wav,normal
219_2b3_Tc_mc_LittC2SE_win004.wav,normal
220_1b1_Tc_mc_LittC2SE_win000.wav,normal
220_1b1_Tc_mc_LittC2SE_win001.wav,normal
220_1b1_Tc_mc_LittC2SE_win002.wav,normal
220_1b1_Tc_mc_LittC2SE_win003.wav,normal
220_1b1_Tc_mc_LittC2SE_win004.wav,crackle
220_1b2_Al_mc_LittC2SE_win000.wav,normal
220_1b2_Al_mc_LittC2SE_win001.wav,normal
220_1b2_Al_mc_LittC2SE_win002.wav,normal
220_1b2_Al_mc_LittC2SE_win003.wav,normal
220_1b2_Al_mc_LittC2SE_win004.wav,normal
221_2b1_Al_mc_LittC2SE_win000.wav,both
221_2b1_Al_mc_LittC2SE_win001.wav,both
221_2b1_Al_mc_LittC2SE_win002.wav,both
221_2b1_Al_mc_LittC2SE_win003.wav,both
221_2b1_Al_mc_LittC2SE_win004.wav,both
221_2b1_Ar_mc_LittC2SE_win000.wav,both
221_2b1_Ar_mc_LittC2SE_win001.wav,both
221_2b1_Ar_mc_LittC2SE_win002.wav,wheeze
221_2b1_Ar_mc_LittC2SE_win003.wav,both
221_2b1_Ar_mc_LittC2SE_win004.wav,both
221_2b1_Lr_mc_LittC2SE_win000.wav,both
221_2b1_Lr_mc_LittC2SE_win001.wav,wheeze
221_2b1_Lr_mc_LittC2SE_win002.wav,wheeze
221_2b1_Lr_mc_LittC2SE_win003.wav,both
221_2b1_Lr_mc_LittC2SE_win004.wav,both
221_2b1_Pl_mc_LittC2SE_win000.wav,wheeze
221_2b1_Pl_mc_LittC2SE_win001.wav,wheeze
221_2b1_Pl_mc_LittC2SE_win002.wav,wheeze
221_2b1_Pl_mc_LittC2SE_win003.wav,wheeze
221_2b1_Pl_mc_LittC2SE_win004.wav,wheeze
221_2b2_Al_mc_LittC2SE_win000.wav,wheeze
221_2b2_Al_mc_LittC2SE_win001.wav,wheeze
221_2b2_Al_mc_LittC2SE_win002.wav,wheeze
221_2b2_Al_mc_LittC2SE_win003.wav,wheeze
221_2b2_Al_mc_LittC2SE_win004.wav,wheeze
221_2b2_Ar_mc_LittC2SE_win000.wav,both
221_2b2_Ar_mc_LittC2SE_win001.wav,both
221_2b2_Ar_mc_LittC2SE_win002.wav,both
221_2b2_Ar_mc_LittC2SE_win003.wav,both
221_2b2_Ar_mc_LittC2SE_win004.wav,wheeze
221_2b2_Lr_mc_LittC2SE_win000.wav,both
221_2b2_Lr_mc_LittC2SE_win001.wav,both
221_2b2_Lr_mc_LittC2SE_win002.wav,both
221_2b2_Lr_mc_LittC2SE_win003.wav,both
221_2b2_Lr_mc_LittC2SE_win004.wav,wheeze
221_2b2_Pl_mc_LittC2SE_win000.wav,wheeze
221_2b2_Pl_mc_LittC2SE_win001.wav,wheeze
221_2b2_Pl_mc_LittC2SE_win002.wav,wheeze
221_2b2_Pl_mc_LittC2SE_win003.wav,wheeze
221_2b2_Pl_mc_LittC2SE_win004.wav,wheeze
221_2b3_Al_mc_LittC2SE_win000.wav,wheeze
221_2b3_Al_mc_LittC2SE_win001.wav,wheeze
221_2b3_Al_mc_LittC2SE_win002.wav,wheeze
221_2b3_Al_mc_LittC2SE_win003.wav,wheeze
221_2b3_Al_mc_LittC2SE_win004.wav,wheeze
221_2b3_Ar_mc_LittC2SE_win000.wav,both
221_2b3_Ar_mc_LittC2SE_win001.wav,both
221_2b3_Ar_mc_LittC2SE_win002.wav,both
221_2b3_Ar_mc_LittC2SE_win003.wav,both
221_2b3_Ar_mc_LittC2SE_win004.wav,both
221_2b3_Lr_mc_LittC2SE_win000.wav,both
221_2b3_Lr_mc_LittC2SE_win001.wav,both
221_2b3_Lr_mc_LittC2SE_win002.wav,both
221_2b3_Lr_mc_LittC2SE_win003.wav,both
221_2b3_Lr_mc_LittC2SE_win004.wav,both
221_2b3_Pr_mc_LittC2SE_win000.wav,wheeze
221_2b3_Pr_mc_LittC2SE_win001.wav,both
221_2b3_Pr_mc_LittC2SE_win002.wav,both
221_2b3_Pr_mc_LittC2SE_win003.wav,wheeze
221_2b3_Pr_mc_LittC2SE_win004.wav,both
222_1b1_Ar_sc_Meditron_win000.wav,normal
222_1b1_Ar_sc_Meditron_win001.wav,normal
222_1b1_Ar_sc_Meditron_win002.wav,normal
222_1b1_Ar_sc_Meditron_win003.wav,normal
222_1b1_Ar_sc_Meditron_win004.wav,normal
222_1b1_Ar_sc_Meditron_win005.wav,normal
222_1b1_Ar_sc_Meditron_win006.wav,normal
222_1b1_Ar_sc_Meditron_win007.wav,normal
222_1b1_Ar_sc_Meditron_win008.wav,normal
222_1b1_Ar_sc_Meditron_win009.wav,normal
222_1b1_Ar_sc_Meditron_win010.wav,normal
222_1b1_Ar_sc_Meditron_win011.wav,normal
222_1b1_Ar_sc_Meditron_win012.wav,normal
222_1b1_Ar_sc_Meditron_win013.wav,normal
222_1b1_Ar_sc_Meditron_win014.wav,normal
222_1b1_Ar_sc_Meditron_win015.wav,normal
222_1b1_Ar_sc_Meditron_win016.wav,normal
222_1b1_Ar_sc_Meditron_win017.wav,normal
222_1b1_Ar_sc_Meditron_win018.wav,normal
222_1b1_Lr_sc_Meditron_win000.wav,crackle
222_1b1_Lr_sc_Meditron_win001.wav,normal
222_1b1_Lr_sc_Meditron_win002.wav,crackle
222_1b1_Lr_sc_Meditron_win003.wav,crackle
222_1b1_Lr_sc_Meditron_win004.wav,crackle
222_1b1_Lr_sc_Meditron_win005.wav,crackle
222_1b1_Lr_sc_Meditron_win006.wav,crackle
222_1b1_Lr_sc_Meditron_win007.wav,crackle
222_1b1_Lr_sc_Meditron_win008.wav,crackle
222_1b1_Lr_sc_Meditron_win009.wav,crackle
222_1b1_Lr_sc_Meditron_win010.wav,crackle
222_1b1_Lr_sc_Meditron_win011.wav,crackle
222_1b1_Lr_sc_Meditron_win012.wav,crackle
222_1b1_Lr_sc_Meditron_win013.wav,crackle
222_1b1_Lr_sc_Meditron_win014.wav,normal
222_1b1_Lr_sc_Meditron_win015.wav,crackle
222_1b1_Lr_sc_Meditron_win016.wav,crackle
222_1b1_Lr_sc_Meditron_win017.wav,normal
222_1b1_Pr_sc_Meditron_win000.wav,normal
222_1b1_Pr_sc_Meditron_win001.wav,normal
222_1b1_Pr_sc_Meditron_win002.wav,normal
222_1b1_Pr_sc_Meditron_win003.wav,normal
222_1b1_Pr_sc_Meditron_win004.wav,normal
222_1b1_Pr_sc_Meditron_win005.wav,normal
222_1b1_Pr_sc_Meditron_win006.wav,normal
222_1b1_Pr_sc_Meditron_win007.wav,normal
222_1b1_Pr_sc_Meditron_win008.wav,normal
222_1b1_Pr_sc_Meditron_win009.wav,normal
222_1b1_Pr_sc_Meditron_win010.wav,wheeze
222_1b1_Pr_sc_Meditron_win011.wav,normal
222_1b1_Pr_sc_Meditron_win012.wav,normal
222_1b1_Pr_sc_Meditron_win013.wav,wheeze
222_1b1_Pr_sc_Meditron_win014.wav,wheeze
222_1b1_Pr_sc_Meditron_win015.wav,wheeze
222_1b1_Pr_sc_Meditron_win016.wav,wheeze
222_1b1_Pr_sc_Meditron_win017.wav,wheeze
222_1b1_Pr_sc_Meditron_win018.wav,wheeze
223_1b1_Al_sc_Meditron_win000.wav,normal
223_1b1_Al_sc_Meditron_win001.wav,normal
223_1b1_Al_sc_Meditron_win002.wav,normal
223_1b1_Al_sc_Meditron_win003.wav,normal
223_1b1_Al_sc_Meditron_win004.wav,normal
223_1b1_Al_sc_Meditron_win005.wav,normal
223_1b1_Al_sc_Meditron_win006.wav,normal
223_1b1_Al_sc_Meditron_win007.wav,normal
223_1b1_Al_sc_Meditron_win008.wav,normal
223_1b1_Ar_sc_Meditron_win000.wav,wheeze
223_1b1_Ar_sc_Meditron_win001.wav,wheeze
223_1b1_Ar_sc_Meditron_win002.wav,wheeze
223_1b1_Ar_sc_Meditron_win003.wav,wheeze
223_1b1_Ar_sc_Meditron_win004.wav,wheeze
223_1b1_Ar_sc_Meditron_win005.wav,wheeze
223_1b1_Ar_sc_Meditron_win006.wav,wheeze
223_1b1_Ar_sc_Meditron_win007.wav,wheeze
223_1b1_Ar_sc_Meditron_win008.wav,wheeze
223_1b1_Ll_sc_Meditron_win000.wav,crackle
223_1b1_Ll_sc_Meditron_win001.wav,normal
223_1b1_Ll_sc_Meditron_win002.wav,crackle
223_1b1_Ll_sc_Meditron_win003.wav,crackle
223_1b1_Ll_sc_Meditron_win004.wav,crackle
223_1b1_Ll_sc_Meditron_win005.wav,crackle
223_1b1_Ll_sc_Meditron_win006.wav,crackle
223_1b1_Ll_sc_Meditron_win007.wav,crackle
223_1b1_Ll_sc_Meditron_win008.wav,normal
223_1b1_Lr_sc_Meditron_win000.wav,crackle
223_1b1_Lr_sc_Meditron_win001.wav,crackle
223_1b1_Lr_sc_Meditron_win002.wav,crackle
223_1b1_Lr_sc_Meditron_win003.wav,crackle
223_1b1_Lr_sc_Meditron_win004.wav,crackle
223_1b1_Lr_sc_Meditron_win005.wav,crackle
223_1b1_Lr_sc_Meditron_win006.wav,crackle
223_1b1_Lr_sc_Meditron_win007.wav,crackle
223_1b1_Lr_sc_Meditron_win008.wav,normal
223_1b1_Pl_sc_Meditron_win000.wav,normal
223_1b1_Pl_sc_Meditron_win001.wav,normal
223_1b1_Pl_sc_Meditron_win002.wav,normal
223_1b1_Pl_sc_Meditron_win003.wav,normal
223_1b1_Pl_sc_Meditron_win004.wav,normal
223_1b1_Pl_sc_Meditron_win005.wav,normal
223_1b1_Pl_sc_Meditron_win006.wav,normal
223_1b1_Pl_sc_Meditron_win007.wav,normal
223_1b1_Pl_sc_Meditron_win008.wav,normal
223_1b1_Pr_sc_Meditron_win000.wav,normal
223_1b1_Pr_sc_Meditron_win001.wav,normal
223_1b1_Pr_sc_Meditron_win002.wav,normal
223_1b1_Pr_sc_Meditron_win003.wav,normal
223_1b1_Pr_sc_Meditron_win004.wav,normal
223_1b1_Pr_sc_Meditron_win005.wav,normal
223_1b1_Pr_sc_Meditron_win006.wav,wheeze
223_1b1_Pr_sc_Meditron_win007.wav,wheeze
223_1b1_Pr_sc_Meditron_win008.wav,normal
224_1b1_Tc_sc_Meditron_win000.wav,normal
224_1b1_Tc_sc_Meditron_win001.wav,normal
224_1b1_Tc_sc_Meditron_win002.wav,normal
224_1b1_Tc_sc_Meditron_win003.wav,normal
224_1b1_Tc_sc_Meditron_win004.wav,normal
224_1b2_Al_sc_Meditron_win000.wav,normal
224_1b2_Al_sc_Meditron_win001.wav,normal
224_1b2_Al_sc_Meditron_win002.wav,normal
224_1b2_Al_sc_Meditron_win003.wav,normal
224_1b2_Al_sc_Meditron_win004.wav,normal
225_1b1_Pl_sc_Meditron_win000.wav,normal
225_1b1_Pl_sc_Meditron_win001.wav,normal
225_1b1_Pl_sc_Meditron_win002.wav,normal
225_1b1_Pl_sc_Meditron_win003.wav,normal
225_1b1_Pl_sc_Meditron_win004.wav,normal
226_1b1_Al_sc_Meditron_win000.wav,normal
226_1b1_Al_sc_Meditron_win001.wav,crackle
226_1b1_Al_sc_Meditron_win002.wav,normal
226_1b1_Al_sc_Meditron_win003.wav,normal
226_1b1_Al_sc_Meditron_win004.wav,normal
226_1b1_Ll_sc_Meditron_win000.wav,crackle
226_1b1_Ll_sc_Meditron_win001.wav,crackle
226_1b1_Ll_sc_Meditron_win002.wav,crackle
226_1b1_Ll_sc_Meditron_win003.wav,crackle
226_1b1_Ll_sc_Meditron_win004.wav,normal
226_1b1_Pl_sc_LittC2SE_win000.wav,normal
226_1b1_Pl_sc_LittC2SE_win001.wav,normal
226_1b1_Pl_sc_LittC2SE_win002.wav,normal
226_1b1_Pl_sc_LittC2SE_win003.wav,normal
226_1b1_Pl_sc_LittC2SE_win004.wav,normal
